order_detail_id,order_id,Order_ID_Status,product_id,Product_ID_Status,quantity,Quantity_Status,discount,Discount_Status
OD000001,O00001,Valid,P006,Valid,1,Valid,0.05,Valid
OD000002,O00001,Valid,P077,Valid,1,Valid,0.05,Valid
OD000003,O00001,Valid,P009,Valid,2,Valid,0.25,Valid
OD000004,O00002,Valid,P031,Valid,3,Valid,0.2,Valid
OD000005,O00003,Valid,P008,Valid,1,Valid,0,Valid
OD000006,O00003,Valid,P122,Valid,1,Valid,0.2,Valid
OD000007,O00003,Valid,P045,Valid,1,Valid,0.1,Valid
OD000008,O00004,Valid,P149,Valid,3,Valid,0.15,Valid
OD000009,O00004,Valid,P143,Valid,2,Valid,0,Valid
OD000010,O00004,Valid,P070,Valid,3,Valid,0.2,Valid
OD000011,O00004,Valid,P006,Valid,1,Valid,0,Valid
OD000012,O00005,Valid,P102,Valid,3,Valid,0.1,Valid
OD000013,O00006,Valid,P010,Valid,2,Valid,0.1,Valid
OD000014,O00007,Valid,P120,Valid,2,Valid,0,Valid
OD000015,O00007,Valid,P106,Valid,3,Valid,0,Valid
OD000016,O00007,Valid,P045,Valid,4,Valid,0.05,Valid
OD000017,O00007,Valid,P004,Valid,3,Valid,0.05,Valid
OD000018,O00008,Valid,P123,Valid,1,Valid,0.2,Valid
OD000019,O00008,Valid,P052,Valid,1,Valid,0.25,Valid
OD000020,O00008,Valid,P069,Valid,1,Valid,0,Valid
OD000021,O00009,Valid,P115,Valid,4,Valid,0.15,Valid
OD000022,O00009,Valid,P001,Valid,4,Valid,0.25,Valid
OD000023,O00009,Valid,P012,Valid,2,Valid,0.15,Valid
OD000024,O00010,Valid,P126,Valid,1,Valid,0.05,Valid
OD000025,O00010,Valid,P060,Valid,1,Valid,0.15,Valid
OD000026,O00010,Valid,P013,Valid,1,Valid,0.1,Valid
OD000027,O00011,Valid,P121,Valid,3,Valid,0.05,Valid
OD000028,O00011,Valid,P140,Valid,3,Valid,0.15,Valid
OD000029,O00011,Valid,P042,Valid,2,Valid,0,Valid
OD000030,O00011,Valid,P096,Valid,1,Valid,0.2,Valid
OD000031,O00012,Valid,P089,Valid,2,Valid,0.1,Valid
OD000032,O00012,Valid,P105,Valid,1,Valid,0.1,Valid
OD000033,O00012,Valid,P045,Valid,1,Valid,0.25,Valid
OD000034,O00013,Valid,P038,Valid,4,Valid,0.2,Valid
OD000035,O00014,Valid,P127,Valid,2,Valid,0,Valid
OD000036,O00014,Valid,P139,Valid,2,Valid,0.05,Valid
OD000037,O00014,Valid,P105,Valid,1,Valid,0.05,Valid
OD000038,O00014,Valid,P093,Valid,1,Valid,0.2,Valid
OD000039,O00015,Valid,P116,Valid,4,Valid,0.2,Valid
OD000040,O00015,Valid,P139,Valid,1,Valid,0,Valid
OD000041,O00016,Valid,P130,Valid,4,Valid,0.2,Valid
OD000042,O00017,Valid,P088,Valid,2,Valid,0.2,Valid
OD000043,O00018,Valid,P041,Valid,4,Valid,0.2,Valid
OD000044,O00018,Valid,P147,Valid,2,Valid,0,Valid
OD000045,O00018,Valid,P036,Valid,4,Valid,0.1,Valid
OD000046,O00018,Valid,P053,Valid,1,Valid,0.15,Valid
OD000047,O00019,Valid,P011,Valid,1,Valid,0.15,Valid
OD000048,O00019,Valid,P134,Valid,1,Valid,0.05,Valid
OD000049,O00020,Valid,P043,Valid,3,Valid,0.2,Valid
OD000050,O00020,Valid,P059,Valid,4,Valid,0.05,Valid
OD000051,O00021,Valid,P030,Valid,3,Valid,0.25,Valid
OD000052,O00021,Valid,P084,Valid,4,Valid,0.05,Valid
OD000053,O00022,Valid,P102,Valid,3,Valid,0.25,Valid
OD000054,O00022,Valid,P134,Valid,2,Valid,0,Valid
OD000055,O00023,Valid,P090,Valid,3,Valid,0.25,Valid
OD000056,O00023,Valid,P105,Valid,1,Valid,0,Valid
OD000057,O00024,Valid,P117,Valid,3,Valid,0,Valid
OD000058,O00024,Valid,P040,Valid,4,Valid,0.15,Valid
OD000059,O00024,Valid,P049,Valid,4,Valid,0,Valid
OD000060,O00025,Valid,P037,Valid,3,Valid,0.05,Valid
OD000061,O00025,Valid,P019,Valid,1,Valid,0.25,Valid
OD000062,O00026,Valid,P078,Valid,2,Valid,0.2,Valid
OD000063,O00026,Valid,P054,Valid,1,Valid,0.25,Valid
OD000064,O00027,Valid,P007,Valid,1,Valid,0,Valid
OD000065,O00028,Valid,P031,Valid,1,Valid,0,Valid
OD000066,O00029,Valid,P019,Valid,1,Valid,0.1,Valid
OD000067,O00029,Valid,P018,Valid,1,Valid,0.2,Valid
OD000068,O00029,Valid,P065,Valid,2,Valid,0,Valid
OD000069,O00029,Valid,P116,Valid,3,Valid,0.15,Valid
OD000070,O00030,Valid,P088,Valid,2,Valid,0.05,Valid
OD000071,O00031,Valid,P078,Valid,2,Valid,0.15,Valid
OD000072,O00032,Valid,P123,Valid,3,Valid,0.1,Valid
OD000073,O00032,Valid,P011,Valid,1,Valid,0.1,Valid
OD000074,O00033,Valid,P090,Valid,1,Valid,0.05,Valid
OD000075,O00034,Valid,P122,Valid,4,Valid,0,Valid
OD000076,O00034,Valid,P099,Valid,2,Valid,0.2,Valid
OD000077,O00034,Valid,P138,Valid,2,Valid,0.15,Valid
OD000078,O00035,Valid,P126,Valid,1,Valid,0.1,Valid
OD000079,O00036,Valid,P125,Valid,4,Valid,0,Valid
OD000080,O00037,Valid,P065,Valid,1,Valid,0,Valid
OD000081,O00037,Valid,P140,Valid,1,Valid,0.2,Valid
OD000082,O00038,Valid,P025,Valid,1,Valid,0.15,Valid
OD000083,O00038,Valid,P117,Valid,2,Valid,0,Valid
OD000084,O00038,Valid,P098,Valid,1,Valid,0.05,Valid
OD000085,O00038,Valid,P087,Valid,2,Valid,0.25,Valid
OD000086,O00039,Valid,P116,Valid,1,Valid,0,Valid
OD000087,O00039,Valid,P056,Valid,3,Valid,0,Valid
OD000088,O00039,Valid,P106,Valid,2,Valid,0.25,Valid
OD000089,O00040,Valid,P008,Valid,1,Valid,0.15,Valid
OD000090,O00040,Valid,P130,Valid,1,Valid,0.1,Valid
OD000091,O00040,Valid,P114,Valid,1,Valid,0.2,Valid
OD000092,O00041,Valid,P100,Valid,3,Valid,0.2,Valid
OD000093,O00041,Valid,P138,Valid,1,Valid,0.05,Valid
OD000094,O00042,Valid,P031,Valid,2,Valid,0,Valid
OD000095,O00042,Valid,P133,Valid,2,Valid,0.05,Valid
OD000096,O00043,Valid,P042,Valid,2,Valid,0,Valid
OD000097,O00043,Valid,P011,Valid,3,Valid,0,Valid
OD000098,O00043,Valid,P075,Valid,4,Valid,0,Valid
OD000099,O00043,Valid,P085,Valid,1,Valid,0.1,Valid
OD000100,O00044,Valid,P064,Valid,2,Valid,0.25,Valid
OD000101,O00044,Valid,P002,Valid,3,Valid,0.25,Valid
OD000102,O00045,Valid,P046,Valid,1,Valid,0,Valid
OD000103,O00045,Valid,P097,Valid,1,Valid,0.05,Valid
OD000104,O00045,Valid,P012,Valid,4,Valid,-0.1,Invalid
OD000105,O00046,Valid,P127,Valid,3,Valid,0.1,Valid
OD000106,O00046,Valid,P059,Valid,4,Valid,0.2,Valid
OD000107,O00047,Valid,P026,Valid,1,Valid,0,Valid
OD000108,O00048,Valid,P145,Valid,1,Valid,0.1,Valid
OD000109,O00049,Valid,P094,Valid,1,Valid,0.2,Valid
OD000110,O00049,Valid,P111,Valid,2,Valid,0.2,Valid
OD000111,O00050,Valid,P140,Valid,1,Valid,0.1,Valid
OD000112,O00051,Valid,P009,Valid,2,Valid,0.15,Valid
OD000113,O00051,Valid,P072,Valid,3,Valid,0.1,Valid
OD000114,O00052,Valid,P017,Valid,1,Valid,0.05,Valid
OD000115,O00053,Valid,P092,Valid,2,Valid,0,Valid
OD000116,O00053,Valid,P122,Valid,1,Valid,0,Valid
OD000117,O00053,Valid,P103,Valid,1,Valid,0,Valid
OD000118,O00054,Valid,P147,Valid,1,Valid,0.2,Valid
OD000119,O00055,Valid,P115,Valid,3,Valid,0.15,Valid
OD000120,O00056,Valid,P143,Valid,1,Valid,0.1,Valid
OD000121,O00057,Valid,P048,Valid,2,Valid,0.1,Valid
OD000122,O00058,Valid,P144,Valid,1,Valid,0,Valid
OD000123,O00059,Valid,P038,Valid,1,Valid,0,Valid
OD000124,O00060,Valid,P101,Valid,1,Valid,0.15,Valid
OD000125,O00060,Valid,P003,Valid,4,Valid,0,Valid
OD000126,O00060,Valid,P096,Valid,1,Valid,0.15,Valid
OD000127,O00061,Valid,P069,Valid,1,Valid,0.05,Valid
OD000128,O00061,Valid,P150,Valid,4,Valid,0,Valid
OD000129,O00061,Valid,P136,Valid,1,Valid,0,Valid
OD000130,O00062,Valid,P123,Valid,2,Valid,0.1,Valid
OD000131,O00062,Valid,P055,Valid,1,Valid,0,Valid
OD000132,O00062,Valid,P049,Valid,1,Valid,0.1,Valid
OD000133,O00062,Valid,P122,Valid,2,Valid,0.2,Valid
OD000134,O00063,Valid,P139,Valid,,Missing,0,Valid
OD000135,O00063,Valid,P019,Valid,4,Valid,0.15,Valid
OD000136,O00063,Valid,P038,Valid,1,Valid,0.25,Valid
OD000137,O00064,Valid,P018,Valid,2,Valid,0,Valid
OD000138,O00064,Valid,P123,Valid,1,Valid,0.2,Valid
OD000139,O00064,Valid,P132,Valid,4,Valid,0.1,Valid
OD000140,O00064,Valid,P019,Valid,4,Valid,0.2,Valid
OD000141,O00065,Valid,P058,Valid,4,Valid,0.05,Valid
OD000142,O00066,Valid,P016,Valid,1,Valid,0.25,Valid
OD000143,O00066,Valid,P111,Valid,1,Valid,0.25,Valid
OD000144,O00067,Valid,P008,Valid,3,Valid,0.2,Valid
OD000145,O00067,Valid,P050,Valid,1,Valid,0.1,Valid
OD000146,O00068,Valid,P058,Valid,2,Valid,0.15,Valid
OD000147,O00068,Valid,P033,Valid,4,Valid,0.15,Valid
OD000148,O00069,Valid,P041,Valid,2,Valid,0.15,Valid
OD000149,O00069,Valid,P062,Valid,1,Valid,0.1,Valid
OD000150,O00070,Valid,P020,Valid,1,Valid,0.15,Valid
OD000151,O00070,Valid,P111,Valid,-1,Invalid,0.2,Valid
OD000152,O00070,Valid,P008,Valid,4,Valid,0,Valid
OD000153,O00070,Valid,P107,Valid,4,Valid,0.2,Valid
OD000154,O00071,Valid,P095,Valid,1,Valid,0.1,Valid
OD000155,O00072,Valid,P119,Valid,3,Valid,0.25,Valid
OD000156,O00073,Valid,P078,Valid,4,Valid,0.15,Valid
OD000157,O00074,Valid,P084,Valid,4,Valid,0.1,Valid
OD000158,O00074,Valid,P079,Valid,2,Valid,0.1,Valid
OD000159,O00075,Valid,P144,Valid,1,Valid,0.1,Valid
OD000160,O00075,Valid,P147,Valid,1,Valid,0,Valid
OD000161,O00076,Valid,P126,Valid,2,Valid,0.15,Valid
OD000162,O00076,Valid,P088,Valid,3,Valid,0,Valid
OD000163,O00076,Valid,P137,Valid,1,Valid,0.2,Valid
OD000164,O00077,Valid,P070,Valid,4,Valid,0.05,Valid
OD000165,O00078,Valid,P132,Valid,1,Valid,0.05,Valid
OD000166,O00078,Valid,P059,Valid,1,Valid,0.15,Valid
OD000167,O00079,Valid,P090,Valid,1,Valid,0,Valid
OD000168,O00080,Valid,P086,Valid,1,Valid,0.15,Valid
OD000169,O00080,Valid,P133,Valid,2,Valid,0.2,Valid
OD000170,O00080,Valid,P106,Valid,3,Valid,0,Valid
OD000171,O00080,Valid,P072,Valid,4,Valid,0.15,Valid
OD000172,O00081,Valid,P036,Valid,3,Valid,0.15,Valid
OD000173,O00081,Valid,P076,Valid,2,Valid,0.05,Valid
OD000174,O00081,Valid,P049,Valid,1,Valid,0.25,Valid
OD000175,O00081,Valid,P093,Valid,2,Valid,0.15,Valid
OD000176,O00082,Valid,P045,Valid,3,Valid,0.2,Valid
OD000177,O00082,Valid,P031,Valid,1,Valid,0.2,Valid
OD000178,O00083,Valid,P053,Valid,2,Valid,0.25,Valid
OD000179,O00084,Valid,P087,Valid,1,Valid,0,Valid
OD000180,O00084,Valid,P047,Valid,2,Valid,0.1,Valid
OD000181,O00084,Valid,P128,Valid,3,Valid,0.05,Valid
OD000182,O00085,Valid,P118,Valid,1,Valid,0,Valid
OD000183,O00085,Valid,P138,Valid,1,Valid,0.15,Valid
OD000184,O00086,Valid,P065,Valid,1,Valid,0.1,Valid
OD000185,O00087,Valid,P141,Valid,1,Valid,0.25,Valid
OD000186,O00087,Valid,P101,Valid,1,Valid,0.1,Valid
OD000187,O00087,Valid,P001,Valid,2,Valid,0.15,Valid
OD000188,O00087,Valid,P018,Valid,2,Valid,0.25,Valid
OD000189,O00088,Valid,P131,Valid,2,Valid,0.1,Valid
OD000190,O00089,Valid,P069,Valid,1,Valid,0.1,Valid
OD000191,O00090,Valid,P126,Valid,2,Valid,0.1,Valid
OD000192,O00090,Valid,P028,Valid,1,Valid,0,Valid
OD000193,O00090,Valid,P122,Valid,1,Valid,0,Valid
OD000194,O00091,Valid,P093,Valid,4,Valid,0.25,Valid
OD000195,O00092,Valid,P011,Valid,4,Valid,1.2,Invalid
OD000196,O00093,Valid,P028,Valid,2,Valid,0.15,Valid
OD000197,O00094,Valid,P033,Valid,4,Valid,0,Valid
OD000198,O00095,Valid,P109,Valid,3,Valid,0.15,Valid
OD000199,O00095,Valid,P053,Valid,1,Valid,0,Valid
OD000200,O00095,Valid,P011,Valid,1,Valid,0.05,Valid
OD000201,O00096,Valid,P071,Valid,2,Valid,0,Valid
OD000202,O00096,Valid,P073,Valid,1,Valid,0,Valid
OD000203,O00097,Valid,P147,Valid,2,Valid,0.05,Valid
OD000204,O00097,Valid,P069,Valid,4,Valid,0,Valid
OD000205,O00098,Valid,P006,Valid,2,Valid,0.15,Valid
OD000206,O00099,Valid,P057,Valid,1,Valid,0.25,Valid
OD000207,O00100,Valid,P099,Valid,1,Valid,0,Valid
OD000208,O00100,Valid,P053,Valid,2,Valid,0.2,Valid
OD000209,O00100,Valid,P139,Valid,2,Valid,0.05,Valid
OD000210,O00100,Valid,P005,Valid,4,Valid,0.1,Valid
OD000211,O00101,Valid,P025,Valid,1,Valid,0.25,Valid
OD000212,O00102,Valid,P057,Valid,2,Valid,0.15,Valid
OD000213,O00102,Valid,P062,Valid,1,Valid,0,Valid
OD000214,O00103,Valid,P072,Valid,1,Valid,0,Valid
OD000215,O00104,Valid,P079,Valid,2,Valid,0.15,Valid
OD000216,O00105,Valid,P099,Valid,1,Valid,0.25,Valid
OD000217,O00105,Valid,P115,Valid,1,Valid,0.1,Valid
OD000218,O00105,Valid,P055,Valid,3,Valid,0.1,Valid
OD000219,O00105,Valid,P060,Valid,2,Valid,0,Valid
OD000220,O00106,Valid,P099,Valid,2,Valid,0.25,Valid
OD000221,O00106,Valid,P098,Valid,1,Valid,0,Valid
OD000222,O00106,Valid,P006,Valid,3,Valid,0.1,Valid
OD000223,O00107,Valid,P135,Valid,1,Valid,0,Valid
OD000224,O00107,Valid,P088,Valid,2,Valid,0.15,Valid
OD000225,O00108,Valid,P100,Valid,2,Valid,0,Valid
OD000226,O00108,Valid,P114,Valid,1,Valid,0,Valid
OD000227,O00109,Valid,P020,Valid,4,Valid,0.1,Valid
OD000228,O00109,Valid,P097,Valid,1,Valid,0,Valid
OD000229,O00109,Valid,P044,Valid,1,Valid,0.05,Valid
OD000230,O00110,Valid,P071,Valid,3,Valid,0.05,Valid
OD000231,O00110,Valid,P064,Valid,1,Valid,0.1,Valid
OD000232,O00111,Valid,P121,Valid,3,Valid,0.15,Valid
OD000233,O00111,Valid,P007,Valid,1,Valid,0.2,Valid
OD000234,O00112,Valid,P017,Valid,2,Valid,0.15,Valid
OD000235,O00112,Valid,P116,Valid,1,Valid,0.05,Valid
OD000236,O00112,Valid,P006,Valid,2,Valid,0,Valid
OD000237,O00113,Valid,P112,Valid,2,Valid,0,Valid
OD000238,O00113,Valid,P115,Valid,2,Valid,0.05,Valid
OD000239,O00114,Valid,P059,Valid,1,Valid,0.05,Valid
OD000240,O00115,Valid,P123,Valid,1,Valid,0,Valid
OD000241,O00116,Valid,P150,Valid,3,Valid,0.15,Valid
OD000242,O00117,Valid,P136,Valid,4,Valid,0,Valid
OD000243,O00117,Valid,P051,Valid,2,Valid,0.05,Valid
OD000244,O00118,Valid,P059,Valid,1,Valid,0.2,Valid
OD000245,O00119,Valid,P024,Valid,2,Valid,0.2,Valid
OD000246,O00120,Valid,P013,Valid,1,Valid,0.15,Valid
OD000247,O00120,Valid,P065,Valid,1,Valid,0.1,Valid
OD000248,O00121,Valid,P076,Valid,1,Valid,0.25,Valid
OD000249,O00122,Valid,P072,Valid,1,Valid,0.1,Valid
OD000250,O00122,Valid,P048,Valid,1,Valid,0,Valid
OD000251,O00123,Valid,P018,Valid,4,Valid,0,Valid
OD000252,O00123,Valid,P060,Valid,2,Valid,0,Valid
OD000253,O00124,Valid,P046,Valid,2,Valid,0.1,Valid
OD000254,O00124,Valid,P074,Valid,2,Valid,0,Valid
OD000255,O00125,Valid,P005,Valid,4,Valid,0,Valid
OD000256,O00126,Valid,P020,Valid,4,Valid,0,Valid
OD000257,O00126,Valid,,Missing,1,Valid,0.25,Valid
OD000258,O00127,Valid,P046,Valid,2,Valid,0.25,Valid
OD000259,O00127,Valid,P137,Valid,1,Valid,0.2,Valid
OD000260,O00127,Valid,P032,Valid,1,Valid,0,Valid
OD000261,O00127,Valid,P119,Valid,2,Valid,0,Valid
OD000262,O00128,Valid,P003,Valid,1,Valid,0.25,Valid
OD000263,O00129,Valid,P070,Valid,2,Valid,0.25,Valid
OD000264,O00130,Valid,P129,Valid,2,Valid,0,Valid
OD000265,O00131,Valid,P035,Valid,1,Valid,0.1,Valid
OD000266,O00131,Valid,P043,Valid,,Missing,0.25,Valid
OD000267,O00132,Valid,P062,Valid,4,Valid,0.15,Valid
OD000268,O00133,Valid,P095,Valid,1,Valid,0.1,Valid
OD000269,O00133,Valid,P147,Valid,1,Valid,0.2,Valid
OD000270,O00133,Valid,P072,Valid,1,Valid,0.2,Valid
OD000271,O00133,Valid,P119,Valid,1,Valid,0,Valid
OD000272,O00134,Valid,P011,Valid,1,Valid,0,Valid
OD000273,O00134,Valid,P018,Valid,1,Valid,0.1,Valid
OD000274,O00134,Valid,P097,Valid,2,Valid,0.25,Valid
OD000275,O00135,Valid,P102,Valid,2,Valid,0.2,Valid
OD000276,O00135,Valid,P141,Valid,2,Valid,0.15,Valid
OD000277,O00136,Valid,P134,Valid,4,Valid,0.15,Valid
OD000278,O00136,Valid,P091,Valid,2,Valid,0.2,Valid
OD000279,O00137,Valid,P104,Valid,1,Valid,0.15,Valid
OD000280,O00137,Valid,P065,Valid,4,Valid,0.1,Valid
OD000281,O00137,Valid,P135,Valid,1,Valid,0.25,Valid
OD000282,O00137,Valid,P105,Valid,1,Valid,0,Valid
OD000283,O00138,Valid,P095,Valid,4,Valid,0.05,Valid
OD000284,O00139,Valid,P106,Valid,2,Valid,0.1,Valid
OD000285,O00140,Valid,P096,Valid,1,Valid,0.05,Valid
OD000286,O00141,Valid,P051,Valid,1,Valid,0.1,Valid
OD000287,O00141,Valid,P005,Valid,4,Valid,0.2,Valid
OD000288,O00142,Valid,P038,Valid,2,Valid,0,Valid
OD000289,O00142,Valid,P116,Valid,1,Valid,0,Valid
OD000290,O00142,Valid,P036,Valid,1,Valid,0.1,Valid
OD000291,O00142,Valid,P078,Valid,1,Valid,0.1,Valid
OD000292,O00143,Valid,P120,Valid,1,Valid,0.1,Valid
OD000293,O00143,Valid,P096,Valid,1,Valid,0.1,Valid
OD000294,O00144,Valid,P063,Valid,1,Valid,0.2,Valid
OD000295,O00145,Valid,P076,Valid,1,Valid,0,Valid
OD000296,O00146,Valid,P120,Valid,2,Valid,0.2,Valid
OD000297,O00147,Valid,P111,Valid,4,Valid,0.15,Valid
OD000298,O00147,Valid,P020,Valid,2,Valid,0.1,Valid
OD000299,O00147,Valid,,Missing,1,Valid,0.25,Valid
OD000300,O00147,Valid,P091,Valid,4,Valid,0.1,Valid
OD000301,O00148,Valid,P091,Valid,1,Valid,0,Valid
OD000302,O00149,Valid,P130,Valid,1,Valid,0,Valid
OD000303,O00150,Valid,P038,Valid,3,Valid,0.2,Valid
OD000304,O00151,Valid,P070,Valid,1,Valid,0.15,Valid
OD000305,O00151,Valid,P016,Valid,1,Valid,0.2,Valid
OD000306,O00152,Valid,P096,Valid,2,Valid,0.1,Valid
OD000307,O00152,Valid,P007,Valid,1,Valid,0.25,Valid
OD000308,O00153,Valid,P118,Valid,2,Valid,0.05,Valid
OD000309,O00153,Valid,P089,Valid,1,Valid,0.05,Valid
OD000310,O00154,Valid,P133,Valid,2,Valid,0,Valid
OD000311,O00155,Valid,P125,Valid,4,Valid,0.15,Valid
OD000312,O00155,Valid,P111,Valid,1,Valid,0.2,Valid
OD000313,O00156,Valid,P141,Valid,1,Valid,0.25,Valid
OD000314,O00156,Valid,P145,Valid,2,Valid,0.05,Valid
OD000315,O00156,Valid,P130,Valid,3,Valid,0.2,Valid
OD000316,O00156,Valid,P018,Valid,2,Valid,0.2,Valid
OD000317,O00157,Valid,P069,Valid,1,Valid,0.15,Valid
OD000318,O00157,Valid,P037,Valid,2,Valid,0.05,Valid
OD000319,O00157,Valid,P051,Valid,2,Valid,0,Valid
OD000320,O00158,Valid,P012,Valid,1,Valid,0,Valid
OD000321,O00159,Valid,P050,Valid,2,Valid,0.15,Valid
OD000322,O00160,Valid,P107,Valid,4,Valid,0.25,Valid
OD000323,O00161,Valid,P110,Valid,2,Valid,0.15,Valid
OD000324,O00162,Valid,P054,Valid,1,Valid,0,Valid
OD000325,O00163,Valid,P010,Valid,1,Valid,0.2,Valid
OD000326,O00164,Valid,P017,Valid,2,Valid,0,Valid
OD000327,O00164,Valid,P057,Valid,3,Valid,0.1,Valid
OD000328,O00165,Valid,P021,Valid,3,Valid,0.1,Valid
OD000329,O00166,Valid,P088,Valid,2,Valid,0.15,Valid
OD000330,O00166,Valid,P096,Valid,2,Valid,0.25,Valid
OD000331,O00166,Valid,P121,Valid,3,Valid,0.05,Valid
OD000332,O00166,Valid,P067,Valid,3,Valid,0.2,Valid
OD000333,O00167,Valid,P135,Valid,1,Valid,0.2,Valid
OD000334,O00168,Valid,P134,Valid,1,Valid,0.25,Valid
OD000335,O00168,Valid,P072,Valid,1,Valid,0.1,Valid
OD000336,O00168,Valid,P063,Valid,2,Valid,0.05,Valid
OD000337,O00169,Valid,P131,Valid,1,Valid,0.1,Valid
OD000338,O00170,Valid,P104,Valid,4,Valid,0.25,Valid
OD000339,O00170,Valid,P014,Valid,1,Valid,0,Valid
OD000340,O00170,Valid,P077,Valid,4,Valid,0,Valid
OD000341,O00171,Valid,P058,Valid,1,Valid,0.1,Valid
OD000342,O00171,Valid,P057,Valid,1,Valid,0,Valid
OD000343,O00172,Valid,P139,Valid,2,Valid,0.2,Valid
OD000344,O00172,Valid,P130,Valid,2,Valid,0.1,Valid
OD000345,O00172,Valid,P093,Valid,2,Valid,0.05,Valid
OD000346,O00173,Valid,P021,Valid,1,Valid,0,Valid
OD000347,O00174,Valid,P124,Valid,4,Valid,0.05,Valid
OD000348,O00174,Valid,P017,Valid,1,Valid,0.1,Valid
OD000349,O00175,Valid,P111,Valid,2,Valid,0.1,Valid
OD000350,O00175,Valid,P040,Valid,1,Valid,0.05,Valid
OD000351,O00176,Valid,P031,Valid,1,Valid,0,Valid
OD000352,O00177,Valid,P126,Valid,2,Valid,0,Valid
OD000353,O00177,Valid,P102,Valid,2,Valid,0.1,Valid
OD000354,O00178,Valid,P061,Valid,1,Valid,0,Valid
OD000355,O00178,Valid,P074,Valid,2,Valid,0.05,Valid
OD000356,O00178,Valid,P063,Valid,2,Valid,0.1,Valid
OD000357,O00178,Valid,P043,Valid,4,Valid,0,Valid
OD000358,O00179,Valid,P022,Valid,1,Valid,0.25,Valid
OD000359,O00180,Valid,P003,Valid,2,Valid,0.1,Valid
OD000360,O00180,Valid,P039,Valid,1,Valid,0.25,Valid
OD000361,O00180,Valid,P139,Valid,4,Valid,0.2,Valid
OD000362,O00181,Valid,P039,Valid,2,Valid,0,Valid
OD000363,O00181,Valid,P014,Valid,1,Valid,0,Valid
OD000364,O00181,Valid,P001,Valid,1,Valid,0.25,Valid
OD000365,O00182,Valid,P092,Valid,3,Valid,0.15,Valid
OD000366,O00183,Valid,P011,Valid,1,Valid,0.05,Valid
OD000367,O00184,Valid,P026,Valid,1,Valid,0.15,Valid
OD000368,O00185,Valid,P011,Valid,2,Valid,0,Valid
OD000369,O00186,Valid,P050,Valid,1,Valid,0.05,Valid
OD000370,O00186,Valid,P044,Valid,2,Valid,0.05,Valid
OD000371,O00186,Valid,P101,Valid,2,Valid,0.25,Valid
OD000372,O00186,Valid,P126,Valid,2,Valid,0,Valid
OD000373,O00187,Valid,P073,Valid,2,Valid,0.25,Valid
OD000374,O00187,Valid,P036,Valid,1,Valid,0,Valid
OD000375,O00187,Valid,P017,Valid,3,Valid,0.25,Valid
OD000376,O00187,Valid,P119,Valid,3,Valid,0.15,Valid
OD000377,O00188,Valid,P128,Valid,2,Valid,0,Valid
OD000378,O00189,Valid,P073,Valid,4,Valid,0.05,Valid
OD000379,O00189,Valid,P009,Valid,3,Valid,0,Valid
OD000380,O00189,Valid,P101,Valid,3,Valid,0.1,Valid
OD000381,O00190,Valid,P116,Valid,1,Valid,0.2,Valid
OD000382,O00190,Valid,P092,Valid,3,Valid,0.25,Valid
OD000383,O00190,Valid,P131,Valid,2,Valid,0.1,Valid
OD000384,O00190,Valid,P079,Valid,4,Valid,0,Valid
OD000385,O00191,Valid,P080,Valid,2,Valid,0,Valid
OD000386,O00191,Valid,P084,Valid,3,Valid,0,Valid
OD000387,O00191,Valid,P054,Valid,1,Valid,0,Valid
OD000388,O00191,Valid,P062,Valid,1,Valid,0.15,Valid
OD000389,O00192,Valid,P038,Valid,1,Valid,0.1,Valid
OD000390,O00193,Valid,P039,Valid,3,Valid,0,Valid
OD000391,O00194,Valid,P086,Valid,3,Valid,0.05,Valid
OD000392,O00195,Valid,P062,Valid,2,Valid,0.1,Valid
OD000393,O00195,Valid,P124,Valid,1,Valid,0.2,Valid
OD000394,O00196,Valid,P142,Valid,2,Valid,0.2,Valid
OD000395,O00196,Valid,P078,Valid,1,Valid,0.05,Valid
OD000396,O00196,Valid,P054,Valid,1,Valid,0.1,Valid
OD000397,O00197,Valid,P089,Valid,1,Valid,0,Valid
OD000398,O00198,Valid,P065,Valid,2,Valid,0,Valid
OD000399,O00199,Valid,P128,Valid,2,Valid,0,Valid
OD000400,O00199,Valid,P119,Valid,4,Valid,0.05,Valid
OD000401,O00199,Valid,P102,Valid,3,Valid,0.2,Valid
OD000402,O00199,Valid,P083,Valid,2,Valid,0.2,Valid
OD000403,O00200,Valid,P146,Valid,4,Valid,0.2,Valid
OD000404,O00201,Valid,P002,Valid,4,Valid,0.25,Valid
OD000405,O00202,Valid,P065,Valid,2,Valid,0,Valid
OD000406,O00203,Valid,P086,Valid,1,Valid,0,Valid
OD000407,O00203,Valid,P038,Valid,1,Valid,0.15,Valid
OD000408,O00204,Valid,P127,Valid,1,Valid,0.2,Valid
OD000409,O00204,Valid,P072,Valid,1,Valid,0.1,Valid
OD000410,O00205,Valid,P003,Valid,3,Valid,0.05,Valid
OD000411,O00206,Valid,P088,Valid,1,Valid,0,Valid
OD000412,O00206,Valid,P096,Valid,2,Valid,0.25,Valid
OD000413,O00206,Valid,P087,Valid,4,Valid,0.15,Valid
OD000414,O00207,Valid,P055,Valid,1,Valid,0.05,Valid
OD000415,O00208,Valid,P130,Valid,2,Valid,0.15,Valid
OD000416,O00208,Valid,P071,Valid,2,Valid,0.15,Valid
OD000417,O00208,Valid,P136,Valid,2,Valid,0,Valid
OD000418,O00209,Valid,P011,Valid,3,Valid,0.15,Valid
OD000419,O00209,Valid,P117,Valid,2,Valid,0.05,Valid
OD000420,O00210,Valid,P117,Valid,1,Valid,0.05,Valid
OD000421,O00210,Valid,P012,Valid,1,Valid,0.1,Valid
OD000422,O00211,Valid,P017,Valid,4,Valid,0.1,Valid
OD000423,O00211,Valid,P122,Valid,2,Valid,0.15,Valid
OD000424,O00212,Valid,P060,Valid,4,Valid,0.15,Valid
OD000425,O00212,Valid,P081,Valid,1,Valid,0.1,Valid
OD000426,O00213,Valid,P077,Valid,3,Valid,0.25,Valid
OD000427,O00214,Valid,P059,Valid,3,Valid,0.15,Valid
OD000428,O00215,Valid,P102,Valid,1,Valid,0,Valid
OD000429,O00216,Valid,P059,Valid,1,Valid,0.25,Valid
OD000430,O00216,Valid,P011,Valid,2,Valid,0,Valid
OD000431,O00217,Valid,P001,Valid,1,Valid,0,Valid
OD000432,O00217,Valid,P111,Valid,4,Valid,0.25,Valid
OD000433,O00218,Valid,P138,Valid,4,Valid,0.15,Valid
OD000434,O00219,Valid,P005,Valid,4,Valid,0.2,Valid
OD000435,O00219,Valid,P129,Valid,4,Valid,0.25,Valid
OD000436,O00220,Valid,P079,Valid,2,Valid,0,Valid
OD000437,O00220,Valid,P014,Valid,2,Valid,0.2,Valid
OD000438,O00220,Valid,P128,Valid,2,Valid,0.05,Valid
OD000439,O00221,Valid,P030,Valid,3,Valid,0.05,Valid
OD000440,O00221,Valid,P061,Valid,1,Valid,0.15,Valid
OD000441,O00221,Valid,P100,Valid,3,Valid,0,Valid
OD000442,O00221,Valid,P144,Valid,1,Valid,0.2,Valid
OD000443,O00222,Valid,P021,Valid,3,Valid,0,Valid
OD000444,O00222,Valid,P085,Valid,2,Valid,0,Valid
OD000445,O00223,Valid,P034,Valid,3,Valid,0.2,Valid
OD000446,O00224,Valid,P044,Valid,3,Valid,0.05,Valid
OD000447,O00225,Valid,P066,Valid,2,Valid,0,Valid
OD000448,O00225,Valid,P107,Valid,3,Valid,0,Valid
OD000449,O00225,Valid,P042,Valid,1,Valid,0,Valid
OD000450,O00226,Valid,P074,Valid,3,Valid,0,Valid
OD000451,O00226,Valid,P080,Valid,1,Valid,0,Valid
OD000452,O00226,Valid,P139,Valid,4,Valid,0,Valid
OD000453,O00226,Valid,P141,Valid,4,Valid,0,Valid
OD000454,O00227,Valid,P017,Valid,4,Valid,0.25,Valid
OD000455,O00228,Valid,P070,Valid,1,Valid,0,Valid
OD000456,O00228,Valid,P046,Valid,2,Valid,0.25,Valid
OD000457,O00228,Valid,P030,Valid,4,Valid,0.25,Valid
OD000458,O00228,Valid,P116,Valid,2,Valid,0.1,Valid
OD000459,O00229,Valid,P032,Valid,3,Valid,0.15,Valid
OD000460,O00229,Valid,P124,Valid,1,Valid,0.25,Valid
OD000461,O00230,Valid,P092,Valid,4,Valid,0,Valid
OD000462,O00231,Valid,P046,Valid,2,Valid,0.25,Valid
OD000463,O00232,Valid,P140,Valid,1,Valid,0.2,Valid
OD000464,O00233,Valid,P023,Valid,1,Valid,0,Valid
OD000465,O00234,Valid,P088,Valid,1,Valid,0.15,Valid
OD000466,O00235,Valid,P137,Valid,1,Valid,0.05,Valid
OD000467,O00235,Valid,P050,Valid,4,Valid,0.1,Valid
OD000468,O00235,Valid,P123,Valid,4,Valid,0.25,Valid
OD000469,O00235,Valid,P090,Valid,2,Valid,0,Valid
OD000470,O00236,Valid,P132,Valid,1,Valid,0.15,Valid
OD000471,O00236,Valid,P104,Valid,3,Valid,0.1,Valid
OD000472,O00236,Valid,P055,Valid,4,Valid,-0.1,Invalid
OD000473,O00236,Valid,P043,Valid,3,Valid,0.2,Valid
OD000474,O00237,Valid,,Missing,4,Valid,0.2,Valid
OD000475,O00238,Valid,P127,Valid,1,Valid,0.2,Valid
OD000476,O00238,Valid,P143,Valid,1,Valid,0,Valid
OD000477,O00238,Valid,P118,Valid,1,Valid,0,Valid
OD000478,O00238,Valid,P100,Valid,2,Valid,0,Valid
OD000479,O00239,Valid,P147,Valid,1,Valid,0,Valid
OD000480,O00240,Valid,P096,Valid,3,Valid,0.25,Valid
OD000481,O00240,Valid,P087,Valid,1,Valid,0.05,Valid
OD000482,O00240,Valid,P107,Valid,4,Valid,0.1,Valid
OD000483,O00241,Valid,P035,Valid,4,Valid,0,Valid
OD000484,O00242,Valid,P134,Valid,4,Valid,0,Valid
OD000485,O00242,Valid,P144,Valid,2,Valid,0,Valid
OD000486,O00243,Valid,P127,Valid,2,Valid,0.2,Valid
OD000487,O00243,Valid,P142,Valid,4,Valid,0.05,Valid
OD000488,O00244,Valid,P009,Valid,4,Valid,0.25,Valid
OD000489,O00245,Valid,P082,Valid,2,Valid,0.25,Valid
OD000490,O00245,Valid,P063,Valid,2,Valid,0.05,Valid
OD000491,O00245,Valid,P080,Valid,1,Valid,0.25,Valid
OD000492,O00246,Valid,P015,Valid,1,Valid,0.2,Valid
OD000493,O00247,Valid,P067,Valid,4,Valid,0.1,Valid
OD000494,O00248,Valid,P072,Valid,1,Valid,0.25,Valid
OD000495,O00249,Valid,P020,Valid,1,Valid,0,Valid
OD000496,O00249,Valid,P136,Valid,2,Valid,0.05,Valid
OD000497,O00250,Valid,P077,Valid,1,Valid,0.05,Valid
OD000498,O00250,Valid,P105,Valid,1,Valid,0,Valid
OD000499,O00250,Valid,P006,Valid,3,Valid,0,Valid
OD000500,O00251,Valid,P036,Valid,1,Valid,0,Valid
OD000501,O00251,Valid,P135,Valid,1,Valid,0.25,Valid
OD000502,O00251,Valid,P026,Valid,1,Valid,0.05,Valid
OD000503,O00251,Valid,P093,Valid,1,Valid,0,Valid
OD000504,O00252,Valid,P055,Valid,4,Valid,0,Valid
OD000505,O00252,Valid,P150,Valid,1,Valid,0,Valid
OD000506,O00253,Valid,P080,Valid,4,Valid,0.25,Valid
OD000507,O00254,Valid,P139,Valid,4,Valid,0.2,Valid
OD000508,O00254,Valid,P021,Valid,2,Valid,0.15,Valid
OD000509,O00255,Valid,P140,Valid,2,Valid,0.25,Valid
OD000510,O00255,Valid,P077,Valid,1,Valid,0.05,Valid
OD000511,O00255,Valid,P142,Valid,2,Valid,0,Valid
OD000512,O00255,Valid,P026,Valid,3,Valid,0.05,Valid
OD000513,O00256,Valid,P014,Valid,1,Valid,0,Valid
OD000514,O00257,Valid,P002,Valid,1,Valid,0.1,Valid
OD000515,O00258,Valid,P121,Valid,4,Valid,0.05,Valid
OD000516,O00259,Valid,P139,Valid,1,Valid,0,Valid
OD000517,O00259,Valid,P028,Valid,2,Valid,0.15,Valid
OD000518,O00260,Valid,P064,Valid,1,Valid,0.2,Valid
OD000519,O00260,Valid,P021,Valid,2,Valid,0.2,Valid
OD000520,O00260,Valid,P086,Valid,4,Valid,0,Valid
OD000521,O00260,Valid,P044,Valid,3,Valid,0.25,Valid
OD000522,O00261,Valid,P121,Valid,1,Valid,0.2,Valid
OD000523,O00262,Valid,P033,Valid,1,Valid,0.1,Valid
OD000524,O00262,Valid,P044,Valid,1,Valid,0.2,Valid
OD000525,O00262,Valid,P131,Valid,2,Valid,0.05,Valid
OD000526,O00263,Valid,P049,Valid,2,Valid,0,Valid
OD000527,O00263,Valid,P127,Valid,1,Valid,0.1,Valid
OD000528,O00264,Valid,P100,Valid,1,Valid,0.25,Valid
OD000529,O00265,Valid,P075,Valid,1,Valid,0.1,Valid
OD000530,O00265,Valid,P089,Valid,2,Valid,0.1,Valid
OD000531,O00266,Valid,P074,Valid,1,Valid,0.15,Valid
OD000532,O00266,Valid,P069,Valid,4,Valid,0,Valid
OD000533,O00267,Valid,P108,Valid,1,Valid,0,Valid
OD000534,O00267,Valid,P066,Valid,2,Valid,0.15,Valid
OD000535,O00267,Valid,P128,Valid,1,Valid,0.2,Valid
OD000536,O00268,Valid,P033,Valid,2,Valid,0,Valid
OD000537,O00269,Valid,P149,Valid,3,Valid,0,Valid
OD000538,O00269,Valid,P031,Valid,1,Valid,0,Valid
OD000539,O00269,Valid,P064,Valid,3,Valid,0,Valid
OD000540,O00269,Valid,P034,Valid,3,Valid,0,Valid
OD000541,O00270,Valid,P102,Valid,1,Valid,0,Valid
OD000542,O00270,Valid,P035,Valid,2,Valid,0,Valid
OD000543,O00270,Valid,P056,Valid,3,Valid,0,Valid
OD000544,O00271,Valid,P029,Valid,1,Valid,0.05,Valid
OD000545,O00271,Valid,P004,Valid,1,Valid,0.1,Valid
OD000546,O00271,Valid,P106,Valid,1,Valid,0,Valid
OD000547,O00272,Valid,P032,Valid,2,Valid,0.1,Valid
OD000548,O00272,Valid,P095,Valid,3,Valid,0.15,Valid
OD000549,O00272,Valid,P084,Valid,3,Valid,0.05,Valid
OD000550,O00273,Valid,P052,Valid,1,Valid,0.1,Valid
OD000551,O00273,Valid,P038,Valid,1,Valid,0,Valid
OD000552,O00274,Valid,P063,Valid,1,Valid,0.05,Valid
OD000553,O00274,Valid,P126,Valid,1,Valid,0.1,Valid
OD000554,O00274,Valid,P071,Valid,2,Valid,0,Valid
OD000555,O00274,Valid,P112,Valid,1,Valid,0.25,Valid
OD000556,O00275,Valid,P016,Valid,1,Valid,0.1,Valid
OD000557,O00275,Valid,P118,Valid,1,Valid,0.05,Valid
OD000558,O00275,Valid,P135,Valid,1,Valid,0.05,Valid
OD000559,O00275,Valid,P075,Valid,1,Valid,0,Valid
OD000560,O00276,Valid,P004,Valid,4,Valid,0.25,Valid
OD000561,O00276,Valid,P122,Valid,2,Valid,0,Valid
OD000562,O00277,Valid,P117,Valid,1,Valid,0.2,Valid
OD000563,O00277,Valid,P090,Valid,1,Valid,0.1,Valid
OD000564,O00278,Valid,P071,Valid,4,Valid,0.1,Valid
OD000565,O00279,Valid,P070,Valid,2,Valid,0,Valid
OD000566,O00279,Valid,P042,Valid,2,Valid,0,Valid
OD000567,O00280,Valid,P061,Valid,3,Valid,0.1,Valid
OD000568,O00281,Valid,P057,Valid,2,Valid,0.2,Valid
OD000569,O00281,Valid,P142,Valid,1,Valid,0,Valid
OD000570,O00282,Valid,P095,Valid,2,Valid,0.05,Valid
OD000571,O00283,Valid,P026,Valid,4,Valid,0.05,Valid
OD000572,O00283,Valid,P070,Valid,3,Valid,0.1,Valid
OD000573,O00283,Valid,P133,Valid,1,Valid,0,Valid
OD000574,O00284,Valid,P028,Valid,1,Valid,0.05,Valid
OD000575,O00284,Valid,P062,Valid,4,Valid,0,Valid
OD000576,O00285,Valid,P143,Valid,3,Valid,0.1,Valid
OD000577,O00285,Valid,P148,Valid,2,Valid,0,Valid
OD000578,O00285,Valid,P136,Valid,1,Valid,0,Valid
OD000579,O00285,Valid,P047,Valid,1,Valid,0.25,Valid
OD000580,O00286,Valid,P142,Valid,1,Valid,0,Valid
OD000581,O00286,Valid,P108,Valid,2,Valid,0,Valid
OD000582,O00286,Valid,P146,Valid,1,Valid,0,Valid
OD000583,O00287,Valid,P079,Valid,3,Valid,0.25,Valid
OD000584,O00287,Valid,P109,Valid,1,Valid,0.15,Valid
OD000585,O00287,Valid,P065,Valid,1,Valid,0.2,Valid
OD000586,O00288,Valid,P145,Valid,1,Valid,0.1,Valid
OD000587,O00288,Valid,P092,Valid,2,Valid,0.15,Valid
OD000588,O00289,Valid,P063,Valid,1,Valid,0,Valid
OD000589,O00290,Valid,P087,Valid,2,Valid,0.05,Valid
OD000590,O00290,Valid,P092,Valid,2,Valid,0,Valid
OD000591,O00290,Valid,P121,Valid,2,Valid,0.15,Valid
OD000592,O00290,Valid,P062,Valid,1,Valid,0.2,Valid
OD000593,O00291,Valid,P027,Valid,2,Valid,0,Valid
OD000594,O00292,Valid,P106,Valid,4,Valid,0,Valid
OD000595,O00293,Valid,P120,Valid,2,Valid,0.15,Valid
OD000596,O00294,Valid,P019,Valid,2,Valid,0.2,Valid
OD000597,O00294,Valid,P027,Valid,1,Valid,0,Valid
OD000598,O00294,Valid,P141,Valid,3,Valid,0,Valid
OD000599,O00295,Valid,P095,Valid,1,Valid,0,Valid
OD000600,O00296,Valid,P003,Valid,2,Valid,0.1,Valid
OD000601,O00297,Valid,P072,Valid,3,Valid,0.15,Valid
OD000602,O00298,Valid,P054,Valid,1,Valid,0,Valid
OD000603,O00298,Valid,P024,Valid,2,Valid,0,Valid
OD000604,O00299,Valid,P065,Valid,4,Valid,0.15,Valid
OD000605,O00300,Valid,P062,Valid,2,Valid,0.2,Valid
OD000606,O00300,Valid,P012,Valid,1,Valid,0.15,Valid
OD000607,O00301,Valid,P002,Valid,4,Valid,0.1,Valid
OD000608,O00302,Valid,P056,Valid,1,Valid,0.15,Valid
OD000609,O00302,Valid,P106,Valid,2,Valid,0,Valid
OD000610,O00302,Valid,P085,Valid,2,Valid,0.05,Valid
OD000611,O00302,Valid,P026,Valid,1,Valid,0.1,Valid
OD000612,O00303,Valid,P090,Valid,2,Valid,0.2,Valid
OD000613,O00303,Valid,P092,Valid,1,Valid,0,Valid
OD000614,O00303,Valid,P116,Valid,3,Valid,0,Valid
OD000615,O00304,Valid,P147,Valid,1,Valid,0,Valid
OD000616,O00304,Valid,P006,Valid,4,Valid,0,Valid
OD000617,O00304,Valid,P071,Valid,1,Valid,0.2,Valid
OD000618,O00305,Valid,P046,Valid,1,Valid,0.25,Valid
OD000619,O00306,Valid,P051,Valid,1,Valid,0.05,Valid
OD000620,O00307,Valid,P016,Valid,1,Valid,0.15,Valid
OD000621,O00307,Valid,P116,Valid,1,Valid,0,Valid
OD000622,O00308,Valid,P053,Valid,1,Valid,0.2,Valid
OD000623,O00309,Valid,P077,Valid,4,Valid,0,Valid
OD000624,O00309,Valid,P111,Valid,2,Valid,0.1,Valid
OD000625,O00309,Valid,P040,Valid,1,Valid,0,Valid
OD000626,O00309,Valid,P017,Valid,1,Valid,0,Valid
OD000627,O00310,Valid,P045,Valid,1,Valid,0,Valid
OD000628,O00310,Valid,P108,Valid,4,Valid,0,Valid
OD000629,O00311,Valid,P019,Valid,1,Valid,0.1,Valid
OD000630,O00312,Valid,P112,Valid,1,Valid,0.2,Valid
OD000631,O00313,Valid,P043,Valid,3,Valid,0.15,Valid
OD000632,O00313,Valid,P069,Valid,2,Valid,0.15,Valid
OD000633,O00313,Valid,P134,Valid,1,Valid,0.1,Valid
OD000634,O00313,Valid,P143,Valid,1,Valid,0.25,Valid
OD000635,O00314,Valid,P137,Valid,1,Valid,0.1,Valid
OD000636,O00314,Valid,P146,Valid,2,Valid,0,Valid
OD000637,O00315,Valid,P114,Valid,1,Valid,0.05,Valid
OD000638,O00315,Valid,P072,Valid,2,Valid,0,Valid
OD000639,O00316,Valid,P006,Valid,1,Valid,0.1,Valid
OD000640,O00316,Valid,P051,Valid,4,Valid,0.15,Valid
OD000641,O00316,Valid,P104,Valid,2,Valid,0,Valid
OD000642,O00317,Valid,P149,Valid,1,Valid,0.2,Valid
OD000643,O00317,Valid,P030,Valid,3,Valid,0.15,Valid
OD000644,O00317,Valid,P033,Valid,4,Valid,0,Valid
OD000645,O00317,Valid,P014,Valid,2,Valid,0.1,Valid
OD000646,O00318,Valid,P149,Valid,1,Valid,0.15,Valid
OD000647,O00318,Valid,P035,Valid,1,Valid,0.15,Valid
OD000648,O00319,Valid,P033,Valid,1,Valid,0,Valid
OD000649,O00320,Valid,P140,Valid,1,Valid,0.15,Valid
OD000650,O00320,Valid,P019,Valid,2,Valid,0,Valid
OD000651,O00321,Valid,P135,Valid,2,Valid,0,Valid
OD000652,O00322,Valid,P067,Valid,1,Valid,0.15,Valid
OD000653,O00323,Valid,P046,Valid,1,Valid,0.1,Valid
OD000654,O00324,Valid,P053,Valid,4,Valid,0.25,Valid
OD000655,O00324,Valid,P036,Valid,1,Valid,0.2,Valid
OD000656,O00325,Valid,P023,Valid,2,Valid,0.1,Valid
OD000657,O00325,Valid,P133,Valid,1,Valid,0.1,Valid
OD000658,O00325,Valid,P038,Valid,3,Valid,0.2,Valid
OD000659,O00326,Valid,P021,Valid,2,Valid,0,Valid
OD000660,O00326,Valid,P083,Valid,3,Valid,0.05,Valid
OD000661,O00327,Valid,P087,Valid,4,Valid,0,Valid
OD000662,O00327,Valid,P008,Valid,4,Valid,0.2,Valid
OD000663,O00327,Valid,P009,Valid,3,Valid,0,Valid
OD000664,O00327,Valid,P003,Valid,4,Valid,0.25,Valid
OD000665,O00328,Valid,P008,Valid,1,Valid,0.25,Valid
OD000666,O00328,Valid,P022,Valid,3,Valid,0.25,Valid
OD000667,O00328,Valid,P083,Valid,3,Valid,0.15,Valid
OD000668,O00329,Valid,P022,Valid,3,Valid,0,Valid
OD000669,O00330,Valid,P026,Valid,4,Valid,0.15,Valid
OD000670,O00330,Valid,P113,Valid,3,Valid,0.05,Valid
OD000671,O00331,Valid,P007,Valid,3,Valid,0,Valid
OD000672,O00332,Valid,P081,Valid,2,Valid,0.2,Valid
OD000673,O00333,Valid,P130,Valid,3,Valid,0.05,Valid
OD000674,O00334,Valid,P075,Valid,2,Valid,0.25,Valid
OD000675,O00334,Valid,P067,Valid,1,Valid,0.15,Valid
OD000676,O00334,Valid,P041,Valid,3,Valid,0.15,Valid
OD000677,O00334,Valid,P022,Valid,2,Valid,0.1,Valid
OD000678,O00335,Valid,P126,Valid,2,Valid,0.25,Valid
OD000679,O00336,Valid,P039,Valid,1,Valid,0.25,Valid
OD000680,O00337,Valid,P074,Valid,2,Valid,0.1,Valid
OD000681,O00337,Valid,P129,Valid,1,Valid,0.15,Valid
OD000682,O00337,Valid,P011,Valid,2,Valid,0.1,Valid
OD000683,O00337,Valid,P081,Valid,1,Valid,0,Valid
OD000684,O00338,Valid,P013,Valid,3,Valid,0.05,Valid
OD000685,O00338,Valid,P001,Valid,1,Valid,0.1,Valid
OD000686,O00339,Valid,P088,Valid,1,Valid,0.05,Valid
OD000687,O00340,Valid,P133,Valid,1,Valid,0.1,Valid
OD000688,O00340,Valid,P071,Valid,2,Valid,0.15,Valid
OD000689,O00340,Valid,P136,Valid,1,Valid,0,Valid
OD000690,O00341,Valid,P039,Valid,2,Valid,0,Valid
OD000691,O00341,Valid,P069,Valid,1,Valid,0.05,Valid
OD000692,O00342,Valid,P013,Valid,4,Valid,0,Valid
OD000693,O00342,Valid,P094,Valid,4,Valid,0.15,Valid
OD000694,O00342,Valid,P080,Valid,2,Valid,0.2,Valid
OD000695,O00343,Valid,P142,Valid,3,Valid,0,Valid
OD000696,O00344,Valid,P121,Valid,1,Valid,0,Valid
OD000697,O00344,Valid,P014,Valid,2,Valid,0.15,Valid
OD000698,O00344,Valid,P105,Valid,4,Valid,0.15,Valid
OD000699,O00345,Valid,P118,Valid,4,Valid,0,Valid
OD000700,O00345,Valid,P091,Valid,4,Valid,0.15,Valid
OD000701,O00346,Valid,P135,Valid,1,Valid,0.05,Valid
OD000702,O00346,Valid,P048,Valid,4,Valid,0,Valid
OD000703,O00346,Valid,P033,Valid,1,Valid,0.25,Valid
OD000704,O00346,Valid,P017,Valid,2,Valid,0.05,Valid
OD000705,O00347,Valid,P136,Valid,1,Valid,0.2,Valid
OD000706,O00347,Valid,P032,Valid,3,Valid,0.05,Valid
OD000707,O00347,Valid,P143,Valid,4,Valid,0.2,Valid
OD000708,O00347,Valid,P002,Valid,1,Valid,0.15,Valid
OD000709,O00348,Valid,P128,Valid,2,Valid,0,Valid
OD000710,O00348,Valid,P064,Valid,2,Valid,0.2,Valid
OD000711,O00349,Valid,P049,Valid,1,Valid,0,Valid
OD000712,O00349,Valid,P136,Valid,1,Valid,0.2,Valid
OD000713,O00349,Valid,P017,Valid,1,Valid,0,Valid
OD000714,O00349,Valid,P103,Valid,3,Valid,0.1,Valid
OD000715,O00350,Valid,P076,Valid,2,Valid,0.15,Valid
OD000716,O00350,Valid,P044,Valid,3,Valid,0.2,Valid
OD000717,O00351,Valid,P079,Valid,1,Valid,0,Valid
OD000718,O00351,Valid,P105,Valid,1,Valid,0.1,Valid
OD000719,O00351,Valid,P077,Valid,4,Valid,0.2,Valid
OD000720,O00352,Valid,P095,Valid,3,Valid,0.2,Valid
OD000721,O00353,Valid,P136,Valid,1,Valid,0.25,Valid
OD000722,O00353,Valid,P111,Valid,1,Valid,0,Valid
OD000723,O00353,Valid,P055,Valid,2,Valid,0.25,Valid
OD000724,O00353,Valid,P027,Valid,1,Valid,0.25,Valid
OD000725,O00354,Valid,P075,Valid,1,Valid,0.05,Valid
OD000726,O00354,Valid,P100,Valid,4,Valid,0.05,Valid
OD000727,O00355,Valid,P075,Valid,4,Valid,0,Valid
OD000728,O00355,Valid,P011,Valid,3,Valid,0.2,Valid
OD000729,O00355,Valid,P048,Valid,1,Valid,0.05,Valid
OD000730,O00355,Valid,P104,Valid,2,Valid,0.2,Valid
OD000731,O00356,Valid,P076,Valid,1,Valid,0.25,Valid
OD000732,O00357,Valid,P006,Valid,2,Valid,0.05,Valid
OD000733,O00357,Valid,P022,Valid,2,Valid,0.25,Valid
OD000734,O00357,Valid,P121,Valid,1,Valid,0.25,Valid
OD000735,O00358,Valid,P132,Valid,2,Valid,0.25,Valid
OD000736,O00359,Valid,P130,Valid,4,Valid,0,Valid
OD000737,O00359,Valid,P006,Valid,3,Valid,0,Valid
OD000738,O00360,Valid,P062,Valid,2,Valid,0.2,Valid
OD000739,O00361,Valid,P133,Valid,4,Valid,0.05,Valid
OD000740,O00361,Valid,P046,Valid,1,Valid,0.2,Valid
OD000741,O00362,Valid,P120,Valid,2,Valid,0.25,Valid
OD000742,O00363,Valid,P016,Valid,1,Valid,0.2,Valid
OD000743,O00363,Valid,P088,Valid,3,Valid,0,Valid
OD000744,O00363,Valid,P010,Valid,4,Valid,0.05,Valid
OD000745,O00364,Valid,P053,Valid,1,Valid,0,Valid
OD000746,O00365,Valid,P091,Valid,2,Valid,0.05,Valid
OD000747,O00365,Valid,P050,Valid,3,Valid,0,Valid
OD000748,O00365,Valid,P135,Valid,2,Valid,0.2,Valid
OD000749,O00365,Valid,P066,Valid,1,Valid,0.25,Valid
OD000750,O00366,Valid,P027,Valid,1,Valid,0,Valid
OD000751,O00367,Valid,P117,Valid,3,Valid,0.25,Valid
OD000752,O00367,Valid,P135,Valid,1,Valid,0.15,Valid
OD000753,O00367,Valid,P120,Valid,1,Valid,0.15,Valid
OD000754,O00368,Valid,P062,Valid,2,Valid,0,Valid
OD000755,O00369,Valid,P051,Valid,1,Valid,0.1,Valid
OD000756,O00369,Valid,P127,Valid,3,Valid,0.05,Valid
OD000757,O00369,Valid,P056,Valid,1,Valid,0,Valid
OD000758,O00370,Valid,P009,Valid,1,Valid,0.25,Valid
OD000759,O00370,Valid,P020,Valid,2,Valid,0.25,Valid
OD000760,O00371,Valid,P128,Valid,2,Valid,0,Valid
OD000761,O00371,Valid,P084,Valid,2,Valid,0.15,Valid
OD000762,O00372,Valid,P105,Valid,1,Valid,0,Valid
OD000763,O00372,Valid,P142,Valid,1,Valid,0.25,Valid
OD000764,O00372,Valid,P135,Valid,1,Valid,0.25,Valid
OD000765,O00372,Valid,P003,Valid,1,Valid,0.15,Valid
OD000766,O00373,Valid,P086,Valid,4,Valid,0.1,Valid
OD000767,O00374,Valid,P141,Valid,1,Valid,0.25,Valid
OD000768,O00375,Valid,P135,Valid,1,Valid,0.2,Valid
OD000769,O00375,Valid,P004,Valid,2,Valid,0.05,Valid
OD000770,O00376,Valid,P128,Valid,3,Valid,0.05,Valid
OD000771,O00376,Valid,P068,Valid,4,Valid,0.15,Valid
OD000772,O00377,Valid,P107,Valid,1,Valid,0.15,Valid
OD000773,O00378,Valid,P055,Valid,2,Valid,0.25,Valid
OD000774,O00378,Valid,P101,Valid,1,Valid,0,Valid
OD000775,O00378,Valid,P095,Valid,1,Valid,0,Valid
OD000776,O00379,Valid,P019,Valid,4,Valid,0,Valid
OD000777,O00380,Valid,P135,Valid,2,Valid,0.05,Valid
OD000778,O00380,Valid,P148,Valid,1,Valid,0,Valid
OD000779,O00380,Valid,P074,Valid,2,Valid,0.15,Valid
OD000780,O00380,Valid,P028,Valid,2,Valid,0.05,Valid
OD000781,O00381,Valid,P007,Valid,1,Valid,0.25,Valid
OD000782,O00381,Valid,P036,Valid,3,Valid,0,Valid
OD000783,O00381,Valid,P105,Valid,1,Valid,0.15,Valid
OD000784,O00381,Valid,P050,Valid,2,Valid,0.15,Valid
OD000785,O00382,Valid,P019,Valid,1,Valid,0.1,Valid
OD000786,O00383,Valid,P086,Valid,1,Valid,0.1,Valid
OD000787,O00384,Valid,P024,Valid,1,Valid,0,Valid
OD000788,O00385,Valid,P076,Valid,2,Valid,0.1,Valid
OD000789,O00385,Valid,P034,Valid,3,Valid,0,Valid
OD000790,O00385,Valid,P134,Valid,4,Valid,0.05,Valid
OD000791,O00386,Valid,P006,Valid,2,Valid,0.1,Valid
OD000792,O00386,Valid,P087,Valid,2,Valid,0.1,Valid
OD000793,O00386,Valid,P061,Valid,4,Valid,0.2,Valid
OD000794,O00387,Valid,P133,Valid,3,Valid,0,Valid
OD000795,O00388,Valid,P033,Valid,2,Valid,0.25,Valid
OD000796,O00389,Valid,P005,Valid,2,Valid,0,Valid
OD000797,O00389,Valid,P011,Valid,1,Valid,0.1,Valid
OD000798,O00389,Valid,P050,Valid,2,Valid,0.15,Valid
OD000799,O00389,Valid,P015,Valid,1,Valid,0.25,Valid
OD000800,O00390,Valid,P007,Valid,1,Valid,0.05,Valid
OD000801,O00390,Valid,P099,Valid,3,Valid,0,Valid
OD000802,O00390,Valid,P040,Valid,1,Valid,0,Valid
OD000803,O00390,Valid,P117,Valid,4,Valid,0,Valid
OD000804,O00391,Valid,P088,Valid,1,Valid,0,Valid
OD000805,O00392,Valid,P111,Valid,2,Valid,0.15,Valid
OD000806,O00392,Valid,P131,Valid,1,Valid,0.1,Valid
OD000807,O00392,Valid,P141,Valid,3,Valid,0.25,Valid
OD000808,O00392,Valid,P047,Valid,2,Valid,0.1,Valid
OD000809,O00393,Valid,P144,Valid,4,Valid,0.05,Valid
OD000810,O00393,Valid,P037,Valid,1,Valid,0.2,Valid
OD000811,O00393,Valid,P054,Valid,1,Valid,0,Valid
OD000812,O00393,Valid,P135,Valid,1,Valid,0.05,Valid
OD000813,O00394,Valid,P002,Valid,2,Valid,0.25,Valid
OD000814,O00394,Valid,P136,Valid,1,Valid,0.05,Valid
OD000815,O00395,Valid,P061,Valid,2,Valid,,Missing
OD000816,O00396,Valid,P141,Valid,2,Valid,0,Valid
OD000817,O00396,Valid,P136,Valid,1,Valid,0,Valid
OD000818,O00396,Valid,P035,Valid,3,Valid,0.05,Valid
OD000819,O00397,Valid,P032,Valid,1,Valid,0.2,Valid
OD000820,O00397,Valid,P014,Valid,1,Valid,0.1,Valid
OD000821,O00398,Valid,P005,Valid,1,Valid,0.15,Valid
OD000822,O00398,Valid,P013,Valid,2,Valid,0.2,Valid
OD000823,O00398,Valid,P130,Valid,1,Valid,0.25,Valid
OD000824,O00399,Valid,P074,Valid,2,Valid,0,Valid
OD000825,O00400,Valid,P116,Valid,1,Valid,0.15,Valid
OD000826,O00401,Valid,P043,Valid,4,Valid,0.15,Valid
OD000827,O00401,Valid,P104,Valid,2,Valid,0.25,Valid
OD000828,O00401,Valid,P147,Valid,2,Valid,0.25,Valid
OD000829,O00401,Valid,P108,Valid,4,Valid,0.2,Valid
OD000830,O00402,Valid,P142,Valid,3,Valid,0.15,Valid
OD000831,O00403,Valid,P117,Valid,1,Valid,0.15,Valid
OD000832,O00403,Valid,P023,Valid,4,Valid,0.05,Valid
OD000833,O00403,Valid,P134,Valid,2,Valid,0.1,Valid
OD000834,O00403,Valid,P076,Valid,3,Valid,0.15,Valid
OD000835,O00404,Valid,P038,Valid,1,Valid,0.15,Valid
OD000836,O00405,Valid,P076,Valid,1,Valid,0.25,Valid
OD000837,O00406,Valid,P080,Valid,2,Valid,0.25,Valid
OD000838,O00406,Valid,P146,Valid,4,Valid,0,Valid
OD000839,O00407,Valid,P049,Valid,1,Valid,0,Valid
OD000840,O00408,Valid,P058,Valid,2,Valid,0.15,Valid
OD000841,O00408,Valid,P076,Valid,2,Valid,0,Valid
OD000842,O00408,Valid,P037,Valid,2,Valid,0.15,Valid
OD000843,O00408,Valid,P111,Valid,3,Valid,0,Valid
OD000844,O00409,Valid,P122,Valid,2,Valid,0.2,Valid
OD000845,O00409,Valid,P040,Valid,1,Valid,0.1,Valid
OD000846,O00410,Valid,P107,Valid,3,Valid,0,Valid
OD000847,O00410,Valid,P008,Valid,1,Valid,0.15,Valid
OD000848,O00410,Valid,P114,Valid,3,Valid,-0.1,Invalid
OD000849,O00410,Valid,P045,Valid,2,Valid,0.15,Valid
OD000850,O00411,Valid,P084,Valid,3,Valid,0.2,Valid
OD000851,O00412,Valid,P093,Valid,2,Valid,0,Valid
OD000852,O00412,Valid,P063,Valid,3,Valid,0.15,Valid
OD000853,O00413,Valid,P005,Valid,2,Valid,0.2,Valid
OD000854,O00413,Valid,P073,Valid,1,Valid,0,Valid
OD000855,O00413,Valid,P001,Valid,3,Valid,0.15,Valid
OD000856,O00413,Valid,P089,Valid,2,Valid,0.1,Valid
OD000857,O00414,Valid,P008,Valid,2,Valid,0.25,Valid
OD000858,O00415,Valid,P038,Valid,3,Valid,0,Valid
OD000859,O00415,Valid,P104,Valid,2,Valid,0.2,Valid
OD000860,O00415,Valid,P092,Valid,1,Valid,0,Valid
OD000861,O00415,Valid,P140,Valid,4,Valid,0.15,Valid
OD000862,O00416,Valid,P147,Valid,1,Valid,0.1,Valid
OD000863,O00416,Valid,P097,Valid,3,Valid,0,Valid
OD000864,O00417,Valid,P056,Valid,4,Valid,0.1,Valid
OD000865,O00417,Valid,P004,Valid,1,Valid,0.2,Valid
OD000866,O00417,Valid,P144,Valid,4,Valid,0.2,Valid
OD000867,O00417,Valid,P124,Valid,1,Valid,0.25,Valid
OD000868,O00418,Valid,P136,Valid,1,Valid,0.15,Valid
OD000869,O00419,Valid,P031,Valid,1,Valid,0.25,Valid
OD000870,O00420,Valid,P069,Valid,2,Valid,0.15,Valid
OD000871,O00421,Valid,P062,Valid,2,Valid,0.25,Valid
OD000872,O00422,Valid,P080,Valid,4,Valid,0,Valid
OD000873,O00422,Valid,P131,Valid,4,Valid,0,Valid
OD000874,O00422,Valid,P070,Valid,2,Valid,0.25,Valid
OD000875,O00422,Valid,P011,Valid,1,Valid,0,Valid
OD000876,O00423,Valid,P132,Valid,2,Valid,0.15,Valid
OD000877,O00424,Valid,P100,Valid,1,Valid,0,Valid
OD000878,O00424,Valid,P017,Valid,4,Valid,0.25,Valid
OD000879,O00425,Valid,P129,Valid,1,Valid,0,Valid
OD000880,O00425,Valid,P052,Valid,3,Valid,0,Valid
OD000881,O00426,Valid,P086,Valid,2,Valid,0.15,Valid
OD000882,O00426,Valid,P007,Valid,1,Valid,0.15,Valid
OD000883,O00426,Valid,P013,Valid,3,Valid,,Missing
OD000884,O00426,Valid,P017,Valid,1,Valid,0.05,Valid
OD000885,O00427,Valid,P019,Valid,2,Valid,0.1,Valid
OD000886,O00427,Valid,P083,Valid,4,Valid,0,Valid
OD000887,O00427,Valid,P014,Valid,4,Valid,,Missing
OD000888,O00428,Valid,P051,Valid,2,Valid,0.2,Valid
OD000889,O00428,Valid,P150,Valid,2,Valid,0.2,Valid
OD000890,O00429,Valid,P013,Valid,3,Valid,0.05,Valid
OD000891,O00430,Valid,P072,Valid,1,Valid,0,Valid
OD000892,O00431,Valid,P113,Valid,2,Valid,0.05,Valid
OD000893,O00431,Valid,P114,Valid,2,Valid,0,Valid
OD000894,O00432,Valid,P115,Valid,1,Valid,0.2,Valid
OD000895,O00433,Valid,P106,Valid,2,Valid,0,Valid
OD000896,O00433,Valid,P034,Valid,1,Valid,0,Valid
OD000897,O00434,Valid,P024,Valid,3,Valid,0.2,Valid
OD000898,O00434,Valid,P126,Valid,4,Valid,0.1,Valid
OD000899,O00435,Valid,P013,Valid,2,Valid,0.2,Valid
OD000900,O00435,Valid,P042,Valid,2,Valid,0,Valid
OD000901,O00436,Valid,P068,Valid,3,Valid,0.15,Valid
OD000902,O00436,Valid,P006,Valid,1,Valid,0,Valid
OD000903,O00436,Valid,P102,Valid,1,Valid,0,Valid
OD000904,O00436,Valid,P135,Valid,1,Valid,0.1,Valid
OD000905,O00437,Valid,P023,Valid,1,Valid,0.05,Valid
OD000906,O00438,Valid,P044,Valid,1,Valid,0.05,Valid
OD000907,O00439,Valid,P028,Valid,2,Valid,0,Valid
OD000908,O00439,Valid,P120,Valid,2,Valid,0,Valid
OD000909,O00440,Valid,P043,Valid,3,Valid,0,Valid
OD000910,O00441,Valid,P042,Valid,1,Valid,0.1,Valid
OD000911,O00442,Valid,P057,Valid,4,Valid,0.1,Valid
OD000912,O00443,Valid,P132,Valid,3,Valid,0.05,Valid
OD000913,O00444,Valid,P120,Valid,2,Valid,0.15,Valid
OD000914,O00445,Valid,P089,Valid,1,Valid,0,Valid
OD000915,O00445,Valid,P097,Valid,1,Valid,0.1,Valid
OD000916,O00446,Valid,P140,Valid,1,Valid,0.05,Valid
OD000917,O00447,Valid,P013,Valid,3,Valid,0,Valid
OD000918,O00448,Valid,P149,Valid,4,Valid,0.1,Valid
OD000919,O00448,Valid,P083,Valid,1,Valid,0.15,Valid
OD000920,O00448,Valid,P013,Valid,1,Valid,0.25,Valid
OD000921,O00448,Valid,P037,Valid,1,Valid,0.1,Valid
OD000922,O00449,Valid,P073,Valid,1,Valid,0,Valid
OD000923,O00450,Valid,P053,Valid,4,Valid,0,Valid
OD000924,O00450,Valid,P065,Valid,2,Valid,0.1,Valid
OD000925,O00451,Valid,P028,Valid,2,Valid,0.2,Valid
OD000926,O00451,Valid,P037,Valid,4,Valid,0.1,Valid
OD000927,O00452,Valid,P132,Valid,1,Valid,0,Valid
OD000928,O00452,Valid,P044,Valid,4,Valid,0,Valid
OD000929,O00452,Valid,P048,Valid,3,Valid,0,Valid
OD000930,O00453,Valid,P138,Valid,1,Valid,0.2,Valid
OD000931,O00453,Valid,P047,Valid,1,Valid,0.05,Valid
OD000932,O00454,Valid,P108,Valid,2,Valid,0.15,Valid
OD000933,O00454,Valid,P044,Valid,1,Valid,0.2,Valid
OD000934,O00455,Valid,P126,Valid,4,Valid,0.25,Valid
OD000935,O00455,Valid,P113,Valid,1,Valid,0.25,Valid
OD000936,O00455,Valid,P060,Valid,4,Valid,0.15,Valid
OD000937,O00455,Valid,P110,Valid,1,Valid,0,Valid
OD000938,O00456,Valid,P132,Valid,2,Valid,0,Valid
OD000939,O00456,Valid,P046,Valid,1,Valid,0,Valid
OD000940,O00456,Valid,P140,Valid,2,Valid,0.25,Valid
OD000941,O00456,Valid,P082,Valid,2,Valid,0.2,Valid
OD000942,O00457,Valid,P127,Valid,4,Valid,0.2,Valid
OD000943,O00458,Valid,P140,Valid,2,Valid,0.2,Valid
OD000944,O00458,Valid,P110,Valid,1,Valid,0.1,Valid
OD000945,O00459,Valid,P016,Valid,4,Valid,0.1,Valid
OD000946,O00459,Valid,P104,Valid,1,Valid,0.1,Valid
OD000947,O00460,Valid,P038,Valid,1,Valid,0.25,Valid
OD000948,O00460,Valid,P004,Valid,1,Valid,0.1,Valid
OD000949,O00461,Valid,P037,Valid,3,Valid,0.25,Valid
OD000950,O00461,Valid,P022,Valid,1,Valid,0,Valid
OD000951,O00462,Valid,P090,Valid,1,Valid,0.2,Valid
OD000952,O00463,Valid,P023,Valid,2,Valid,0.2,Valid
OD000953,O00464,Valid,P094,Valid,2,Valid,0,Valid
OD000954,O00464,Valid,P004,Valid,3,Valid,0.05,Valid
OD000955,O00464,Valid,P086,Valid,2,Valid,0.15,Valid
OD000956,O00464,Valid,P139,Valid,1,Valid,0.2,Valid
OD000957,O00465,Valid,P134,Valid,3,Valid,0.25,Valid
OD000958,O00466,Valid,P019,Valid,2,Valid,0,Valid
OD000959,O00467,Valid,P146,Valid,2,Valid,0.1,Valid
OD000960,O00468,Valid,P011,Valid,1,Valid,0.1,Valid
OD000961,O00468,Valid,P143,Valid,2,Valid,0.15,Valid
OD000962,O00468,Valid,P137,Valid,2,Valid,0.05,Valid
OD000963,O00468,Valid,P069,Valid,4,Valid,0.15,Valid
OD000964,O00469,Valid,P005,Valid,4,Valid,0.05,Valid
OD000965,O00469,Valid,P041,Valid,4,Valid,0,Valid
OD000966,O00469,Valid,P033,Valid,2,Valid,0.2,Valid
OD000967,O00469,Valid,P010,Valid,3,Valid,0,Valid
OD000968,O00470,Valid,P139,Valid,2,Valid,0.05,Valid
OD000969,O00470,Valid,P111,Valid,3,Valid,0,Valid
OD000970,O00470,Valid,P065,Valid,1,Valid,0.15,Valid
OD000971,O00471,Valid,P132,Valid,2,Valid,0.2,Valid
OD000972,O00472,Valid,P022,Valid,1,Valid,0.05,Valid
OD000973,O00473,Valid,P140,Valid,2,Valid,0.25,Valid
OD000974,O00473,Valid,P130,Valid,4,Valid,0,Valid
OD000975,O00474,Valid,P113,Valid,1,Valid,0,Valid
OD000976,O00474,Valid,P024,Valid,2,Valid,0.1,Valid
OD000977,O00474,Valid,P092,Valid,2,Valid,0.1,Valid
OD000978,O00475,Valid,P051,Valid,4,Valid,0.2,Valid
OD000979,O00475,Valid,P139,Valid,1,Valid,0,Valid
OD000980,O00476,Valid,P116,Valid,2,Valid,0.25,Valid
OD000981,O00476,Valid,P071,Valid,1,Valid,0.15,Valid
OD000982,O00477,Valid,P119,Valid,2,Valid,0.15,Valid
OD000983,O00478,Valid,P127,Valid,2,Valid,0,Valid
OD000984,O00478,Valid,P099,Valid,4,Valid,0.15,Valid
OD000985,O00479,Valid,P112,Valid,2,Valid,0.2,Valid
OD000986,O00479,Valid,P130,Valid,4,Valid,0,Valid
OD000987,O00480,Valid,P034,Valid,1,Valid,0.1,Valid
OD000988,O00480,Valid,P082,Valid,3,Valid,0,Valid
OD000989,O00480,Valid,P133,Valid,4,Valid,0.2,Valid
OD000990,O00480,Valid,P148,Valid,2,Valid,0.05,Valid
OD000991,O00481,Valid,P135,Valid,3,Valid,0,Valid
OD000992,O00481,Valid,P001,Valid,3,Valid,0.2,Valid
OD000993,O00481,Valid,P103,Valid,4,Valid,0,Valid
OD000994,O00482,Valid,P014,Valid,3,Valid,0.05,Valid
OD000995,O00483,Valid,P093,Valid,4,Valid,0.1,Valid
OD000996,O00484,Valid,P085,Valid,2,Valid,0,Valid
OD000997,O00484,Valid,P117,Valid,1,Valid,0.2,Valid
OD000998,O00485,Valid,P043,Valid,1,Valid,0.15,Valid
OD000999,O00486,Valid,P088,Valid,4,Valid,0.05,Valid
OD001000,O00487,Valid,P065,Valid,1,Valid,0.15,Valid
OD001001,O00488,Valid,P118,Valid,1,Valid,0,Valid
OD001002,O00488,Valid,P101,Valid,1,Valid,0.25,Valid
OD001003,O00489,Valid,P076,Valid,3,Valid,0.15,Valid
OD001004,O00489,Valid,P048,Valid,3,Valid,0.15,Valid
OD001005,O00489,Valid,P064,Valid,4,Valid,0.05,Valid
OD001006,O00489,Valid,P035,Valid,4,Valid,0.1,Valid
OD001007,O00490,Valid,P057,Valid,1,Valid,0.05,Valid
OD001008,O00490,Valid,P050,Valid,2,Valid,0,Valid
OD001009,O00490,Valid,P140,Valid,1,Valid,0,Valid
OD001010,O00490,Valid,P147,Valid,3,Valid,0.2,Valid
OD001011,O00491,Valid,P048,Valid,2,Valid,0.25,Valid
OD001012,O00492,Valid,P124,Valid,1,Valid,0.05,Valid
OD001013,O00493,Valid,P043,Valid,1,Valid,0.1,Valid
OD001014,O00493,Valid,P148,Valid,2,Valid,0,Valid
OD001015,O00494,Valid,P057,Valid,1,Valid,0,Valid
OD001016,O00494,Valid,P088,Valid,4,Valid,0.15,Valid
OD001017,O00494,Valid,P136,Valid,1,Valid,0.15,Valid
OD001018,O00494,Valid,P095,Valid,3,Valid,0.1,Valid
OD001019,O00495,Valid,P094,Valid,1,Valid,0.2,Valid
OD001020,O00496,Valid,P133,Valid,2,Valid,0.25,Valid
OD001021,O00496,Valid,P068,Valid,2,Valid,0.05,Valid
OD001022,O00497,Valid,P083,Valid,4,Valid,0.1,Valid
OD001023,O00498,Valid,P074,Valid,1,Valid,0.05,Valid
OD001024,O00498,Valid,P067,Valid,3,Valid,0.15,Valid
OD001025,O00498,Valid,P058,Valid,1,Valid,0.2,Valid
OD001026,O00498,Valid,P002,Valid,2,Valid,0.25,Valid
OD001027,O00499,Valid,P020,Valid,2,Valid,0.15,Valid
OD001028,O00499,Valid,P029,Valid,2,Valid,0,Valid
OD001029,O00500,Valid,P051,Valid,2,Valid,0.25,Valid
OD001030,O00501,Valid,P086,Valid,1,Valid,0.25,Valid
OD001031,O00501,Valid,P149,Valid,1,Valid,0,Valid
OD001032,O00501,Valid,P061,Valid,4,Valid,0.05,Valid
OD001033,O00502,Valid,P101,Valid,1,Valid,0,Valid
OD001034,O00503,Valid,P076,Valid,2,Valid,0,Valid
OD001035,O00504,Valid,P084,Valid,1,Valid,0,Valid
OD001036,O00505,Valid,P045,Valid,1,Valid,0.15,Valid
OD001037,O00506,Valid,P108,Valid,2,Valid,0.2,Valid
OD001038,O00507,Valid,P135,Valid,2,Valid,0.25,Valid
OD001039,O00507,Valid,P025,Valid,1,Valid,0,Valid
OD001040,O00507,Valid,P061,Valid,1,Valid,0.15,Valid
OD001041,O00507,Valid,P110,Valid,1,Valid,0.25,Valid
OD001042,O00508,Valid,P028,Valid,1,Valid,0.25,Valid
OD001043,O00509,Valid,P023,Valid,2,Valid,0.1,Valid
OD001044,O00509,Valid,P010,Valid,2,Valid,0.15,Valid
OD001045,O00509,Valid,P091,Valid,1,Valid,0.2,Valid
OD001046,O00509,Valid,P046,Valid,2,Valid,0.15,Valid
OD001047,O00510,Valid,P144,Valid,2,Valid,0.2,Valid
OD001048,O00510,Valid,P016,Valid,4,Valid,0,Valid
OD001049,O00511,Valid,P123,Valid,1,Valid,0,Valid
OD001050,O00511,Valid,P002,Valid,4,Valid,0.15,Valid
OD001051,O00511,Valid,P070,Valid,2,Valid,0.15,Valid
OD001052,O00511,Valid,P093,Valid,4,Valid,0.25,Valid
OD001053,O00512,Valid,P103,Valid,1,Valid,0,Valid
OD001054,O00513,Valid,P143,Valid,4,Valid,0.25,Valid
OD001055,O00514,Valid,P110,Valid,4,Valid,0.25,Valid
OD001056,O00514,Valid,P107,Valid,2,Valid,0.15,Valid
OD001057,O00514,Valid,P015,Valid,2,Valid,0.25,Valid
OD001058,O00514,Valid,P084,Valid,4,Valid,0.1,Valid
OD001059,O00515,Valid,P114,Valid,1,Valid,0.25,Valid
OD001060,O00515,Valid,P072,Valid,1,Valid,0,Valid
OD001061,O00516,Valid,P087,Valid,1,Valid,0.2,Valid
OD001062,O00516,Valid,P131,Valid,3,Valid,0.05,Valid
OD001063,O00517,Valid,P087,Valid,1,Valid,0.25,Valid
OD001064,O00517,Valid,P109,Valid,4,Valid,0.05,Valid
OD001065,O00518,Valid,P074,Valid,1,Valid,0.15,Valid
OD001066,O00518,Valid,P046,Valid,1,Valid,0,Valid
OD001067,O00518,Valid,P129,Valid,4,Valid,0.2,Valid
OD001068,O00518,Valid,P033,Valid,2,Valid,0.05,Valid
OD001069,O00519,Valid,P035,Valid,4,Valid,0,Valid
OD001070,O00520,Valid,P011,Valid,1,Valid,0.25,Valid
OD001071,O00521,Valid,P096,Valid,3,Valid,0,Valid
OD001072,O00522,Valid,P060,Valid,1,Valid,0,Valid
OD001073,O00522,Valid,P019,Valid,3,Valid,0.25,Valid
OD001074,O00523,Valid,P030,Valid,1,Valid,0,Valid
OD001075,O00523,Valid,P084,Valid,1,Valid,0.05,Valid
OD001076,O00523,Valid,P082,Valid,2,Valid,0,Valid
OD001077,O00523,Valid,P018,Valid,2,Valid,0,Valid
OD001078,O00524,Valid,P109,Valid,3,Valid,0,Valid
OD001079,O00524,Valid,P143,Valid,1,Valid,0.05,Valid
OD001080,O00524,Valid,P047,Valid,1,Valid,0.25,Valid
OD001081,O00525,Valid,P135,Valid,2,Valid,0.15,Valid
OD001082,O00525,Valid,P099,Valid,2,Valid,0.2,Valid
OD001083,O00526,Valid,P037,Valid,4,Valid,0.2,Valid
OD001084,O00526,Valid,P128,Valid,1,Valid,0.1,Valid
OD001085,O00527,Valid,P113,Valid,3,Valid,0.1,Valid
OD001086,O00527,Valid,P075,Valid,1,Valid,0.2,Valid
OD001087,O00528,Valid,P034,Valid,1,Valid,0.25,Valid
OD001088,O00529,Valid,P043,Valid,1,Valid,0,Valid
OD001089,O00529,Valid,P095,Valid,1,Valid,0.15,Valid
OD001090,O00530,Valid,P045,Valid,3,Valid,0.15,Valid
OD001091,O00531,Valid,P028,Valid,1,Valid,0,Valid
OD001092,O00531,Valid,P035,Valid,2,Valid,0,Valid
OD001093,O00531,Valid,P049,Valid,4,Valid,0.2,Valid
OD001094,O00531,Valid,P017,Valid,1,Valid,0.2,Valid
OD001095,O00532,Valid,P024,Valid,1,Valid,0.1,Valid
OD001096,O00533,Valid,P003,Valid,1,Valid,0.1,Valid
OD001097,O00533,Valid,P024,Valid,1,Valid,0.1,Valid
OD001098,O00533,Valid,P134,Valid,1,Valid,0,Valid
OD001099,O00534,Valid,P142,Valid,1,Valid,0.15,Valid
OD001100,O00534,Valid,P119,Valid,1,Valid,0.25,Valid
OD001101,O00534,Valid,P089,Valid,2,Valid,0.1,Valid
OD001102,O00535,Valid,P023,Valid,1,Valid,0.25,Valid
OD001103,O00535,Valid,P117,Valid,1,Valid,0.05,Valid
OD001104,O00536,Valid,P119,Valid,,Missing,0.2,Valid
OD001105,O00536,Valid,P083,Valid,1,Valid,0.15,Valid
OD001106,O00537,Valid,P069,Valid,2,Valid,0,Valid
OD001107,,Missing,P124,Valid,4,Valid,0.15,Valid
OD001108,O00537,Valid,P035,Valid,1,Valid,0.05,Valid
OD001109,O00538,Valid,P024,Valid,2,Valid,0.25,Valid
OD001110,O00539,Valid,P117,Valid,3,Valid,0,Valid
OD001111,O00539,Valid,P098,Valid,2,Valid,0,Valid
OD001112,O00539,Valid,P142,Valid,2,Valid,0.25,Valid
OD001113,O00539,Valid,P062,Valid,1,Valid,0.2,Valid
OD001114,O00540,Valid,P031,Valid,1,Valid,0,Valid
OD001115,O00540,Valid,P121,Valid,2,Valid,0.2,Valid
OD001116,O00541,Valid,P051,Valid,2,Valid,0.25,Valid
OD001117,O00542,Valid,P056,Valid,1,Valid,0.25,Valid
OD001118,O00542,Valid,P145,Valid,1,Valid,0.05,Valid
OD001119,O00542,Valid,P150,Valid,1,Valid,0,Valid
OD001120,O00543,Valid,P148,Valid,2,Valid,0.15,Valid
OD001121,O00544,Valid,P106,Valid,1,Valid,0,Valid
OD001122,O00545,Valid,P110,Valid,1,Valid,0.2,Valid
OD001123,O00545,Valid,P084,Valid,1,Valid,0,Valid
OD001124,O00545,Valid,P150,Valid,2,Valid,0.15,Valid
OD001125,O00546,Valid,P061,Valid,1,Valid,0.05,Valid
OD001126,O00547,Valid,P094,Valid,4,Valid,0.15,Valid
OD001127,O00547,Valid,P063,Valid,1,Valid,0.05,Valid
OD001128,O00547,Valid,P148,Valid,2,Valid,0.05,Valid
OD001129,O00548,Valid,P107,Valid,1,Valid,0.1,Valid
OD001130,O00549,Valid,P119,Valid,1,Valid,0.25,Valid
OD001131,O00549,Valid,P127,Valid,2,Valid,0.05,Valid
OD001132,O00549,Valid,P057,Valid,1,Valid,0,Valid
OD001133,O00550,Valid,P086,Valid,4,Valid,0.05,Valid
OD001134,O00550,Valid,P067,Valid,2,Valid,0.25,Valid
OD001135,O00551,Valid,P128,Valid,2,Valid,-0.1,Invalid
OD001136,O00551,Valid,P030,Valid,4,Valid,0.25,Valid
OD001137,O00551,Valid,P047,Valid,2,Valid,0.1,Valid
OD001138,O00551,Valid,P115,Valid,1,Valid,0,Valid
OD001139,O00552,Valid,P045,Valid,1,Valid,0,Valid
OD001140,O00552,Valid,P113,Valid,1,Valid,0.05,Valid
OD001141,O00553,Valid,P120,Valid,4,Valid,0.15,Valid
OD001142,O00554,Valid,P029,Valid,2,Valid,0.2,Valid
OD001143,O00554,Valid,P055,Valid,4,Valid,0.05,Valid
OD001144,O00555,Valid,P149,Valid,2,Valid,0.15,Valid
OD001145,O00556,Valid,P034,Valid,1,Valid,0,Valid
OD001146,O00557,Valid,P026,Valid,3,Valid,0.25,Valid
OD001147,O00557,Valid,P035,Valid,3,Valid,0.25,Valid
OD001148,O00557,Valid,P094,Valid,1,Valid,0.15,Valid
OD001149,O00557,Valid,P102,Valid,1,Valid,0,Valid
OD001150,O00558,Valid,P012,Valid,1,Valid,0.25,Valid
OD001151,O00559,Valid,P126,Valid,2,Valid,0.15,Valid
OD001152,O00559,Valid,P120,Valid,2,Valid,0.25,Valid
OD001153,O00560,Valid,P113,Valid,3,Valid,0,Valid
OD001154,O00560,Valid,P090,Valid,3,Valid,0.2,Valid
OD001155,O00561,Valid,P096,Valid,1,Valid,0,Valid
OD001156,O00561,Valid,P132,Valid,3,Valid,0.15,Valid
OD001157,O00561,Valid,P092,Valid,2,Valid,0,Valid
OD001158,O00562,Valid,P011,Valid,1,Valid,0,Valid
OD001159,O00562,Valid,P052,Valid,2,Valid,0.2,Valid
OD001160,O00562,Valid,P005,Valid,1,Valid,0.25,Valid
OD001161,O00562,Valid,P072,Valid,2,Valid,0.25,Valid
OD001162,O00563,Valid,P147,Valid,1,Valid,0.05,Valid
OD001163,O00563,Valid,P083,Valid,4,Valid,0.25,Valid
OD001164,O00563,Valid,P029,Valid,1,Valid,0,Valid
OD001165,O00563,Valid,P118,Valid,4,Valid,0.2,Valid
OD001166,O00564,Valid,P024,Valid,4,Valid,0,Valid
OD001167,O00564,Valid,P006,Valid,3,Valid,0.15,Valid
OD001168,O00565,Valid,P090,Valid,3,Valid,0,Valid
OD001169,O00566,Valid,P078,Valid,1,Valid,0.1,Valid
OD001170,O00567,Valid,P131,Valid,1,Valid,0,Valid
OD001171,O00568,Valid,P051,Valid,2,Valid,0.1,Valid
OD001172,O00568,Valid,P002,Valid,2,Valid,0,Valid
OD001173,O00569,Valid,P128,Valid,1,Valid,0.15,Valid
OD001174,O00570,Valid,P038,Valid,2,Valid,0,Valid
OD001175,O00571,Valid,P039,Valid,1,Valid,0,Valid
OD001176,O00571,Valid,P030,Valid,4,Valid,0.2,Valid
OD001177,O00571,Valid,P054,Valid,3,Valid,1.2,Invalid
OD001178,O00572,Valid,P120,Valid,1,Valid,0,Valid
OD001179,O00572,Valid,P036,Valid,2,Valid,0.25,Valid
OD001180,O00573,Valid,P023,Valid,2,Valid,0.1,Valid
OD001181,O00573,Valid,P030,Valid,1,Valid,0,Valid
OD001182,O00573,Valid,P029,Valid,1,Valid,0,Valid
OD001183,O00574,Valid,P009,Valid,2,Valid,0,Valid
OD001184,O00575,Valid,P088,Valid,1,Valid,0,Valid
OD001185,O00575,Valid,P136,Valid,2,Valid,0.2,Valid
OD001186,O00575,Valid,P113,Valid,3,Valid,0,Valid
OD001187,O00576,Valid,P076,Valid,2,Valid,0,Valid
OD001188,O00577,Valid,P098,Valid,1,Valid,0.15,Valid
OD001189,O00577,Valid,P087,Valid,1,Valid,0.2,Valid
OD001190,O00578,Valid,P117,Valid,3,Valid,0.2,Valid
OD001191,O00579,Valid,P078,Valid,4,Valid,0.25,Valid
OD001192,O00579,Valid,P134,Valid,1,Valid,0,Valid
OD001193,O00579,Valid,P027,Valid,1,Valid,0,Valid
OD001194,O00579,Valid,P039,Valid,1,Valid,0,Valid
OD001195,O00580,Valid,P143,Valid,1,Valid,0.25,Valid
OD001196,O00580,Valid,P102,Valid,1,Valid,0.15,Valid
OD001197,O00580,Valid,P135,Valid,3,Valid,0.05,Valid
OD001198,O00580,Valid,P036,Valid,1,Valid,0,Valid
OD001199,O00581,Valid,P074,Valid,1,Valid,0,Valid
OD001200,O00581,Valid,P097,Valid,4,Valid,0.25,Valid
OD001201,O00582,Valid,P050,Valid,,Missing,0.2,Valid
OD001202,O00582,Valid,P094,Valid,2,Valid,0.25,Valid
OD001203,O00583,Valid,P017,Valid,2,Valid,0.05,Valid
OD001204,O00583,Valid,P001,Valid,1,Valid,0.25,Valid
OD001205,O00583,Valid,P055,Valid,3,Valid,0.15,Valid
OD001206,O00583,Valid,P146,Valid,2,Valid,0.25,Valid
OD001207,O00584,Valid,P025,Valid,1,Valid,0.1,Valid
OD001208,O00585,Valid,P037,Valid,1,Valid,0,Valid
OD001209,O00586,Valid,P092,Valid,1,Valid,0.15,Valid
OD001210,O00586,Valid,P141,Valid,1,Valid,0.1,Valid
OD001211,O00587,Valid,P034,Valid,1,Valid,0.25,Valid
OD001212,O00588,Valid,P067,Valid,1,Valid,0.2,Valid
OD001213,O00589,Valid,P040,Valid,1,Valid,0.1,Valid
OD001214,O00589,Valid,P007,Valid,1,Valid,0.05,Valid
OD001215,O00589,Valid,P037,Valid,2,Valid,0,Valid
OD001216,O00589,Valid,P124,Valid,2,Valid,0,Valid
OD001217,O00590,Valid,P127,Valid,1,Valid,0,Valid
OD001218,O00590,Valid,P072,Valid,2,Valid,0.15,Valid
OD001219,O00591,Valid,P114,Valid,3,Valid,0.2,Valid
OD001220,O00592,Valid,P111,Valid,2,Valid,0.25,Valid
OD001221,O00593,Valid,P006,Valid,1,Valid,0,Valid
OD001222,O00593,Valid,P106,Valid,1,Valid,0.25,Valid
OD001223,O00594,Valid,P136,Valid,3,Valid,0,Valid
OD001224,O00595,Valid,P082,Valid,1,Valid,0.25,Valid
OD001225,O00596,Valid,P002,Valid,1,Valid,0.2,Valid
OD001226,O00597,Valid,P074,Valid,1,Valid,0,Valid
OD001227,O00597,Valid,P009,Valid,1,Valid,0.15,Valid
OD001228,O00597,Valid,P064,Valid,1,Valid,0.1,Valid
OD001229,O00598,Valid,P145,Valid,1,Valid,0.1,Valid
OD001230,O00598,Valid,P116,Valid,4,Valid,0.05,Valid
OD001231,O00599,Valid,P017,Valid,2,Valid,0.15,Valid
OD001232,O00599,Valid,P095,Valid,3,Valid,0.25,Valid
OD001233,O00600,Valid,P096,Valid,1,Valid,0.1,Valid
OD001234,O00601,Valid,P045,Valid,4,Valid,0,Valid
OD001235,O00601,Valid,P064,Valid,1,Valid,0.25,Valid
OD001236,O00601,Valid,P065,Valid,4,Valid,0.05,Valid
OD001237,O00601,Valid,P123,Valid,2,Valid,0.1,Valid
OD001238,O00602,Valid,P029,Valid,1,Valid,0.15,Valid
OD001239,O00603,Valid,P031,Valid,4,Valid,0.25,Valid
OD001240,O00604,Valid,P032,Valid,1,Valid,0,Valid
OD001241,O00604,Valid,P010,Valid,4,Valid,0.2,Valid
OD001242,O00605,Valid,P106,Valid,2,Valid,0.1,Valid
OD001243,O00605,Valid,P142,Valid,1,Valid,0.25,Valid
OD001244,O00605,Valid,P059,Valid,1,Valid,0.1,Valid
OD001245,O00605,Valid,P026,Valid,1,Valid,0.1,Valid
OD001246,O00606,Valid,P011,Valid,1,Valid,0.15,Valid
OD001247,O00606,Valid,P140,Valid,1,Valid,0.25,Valid
OD001248,O00607,Valid,P094,Valid,1,Valid,0.15,Valid
OD001249,O00607,Valid,P115,Valid,1,Valid,0.25,Valid
OD001250,O00607,Valid,P028,Valid,3,Valid,0,Valid
OD001251,O00608,Valid,P016,Valid,2,Valid,0,Valid
OD001252,O00609,Valid,P131,Valid,1,Valid,0.1,Valid
OD001253,O00610,Valid,P027,Valid,1,Valid,0.1,Valid
OD001254,O00610,Valid,P064,Valid,3,Valid,0,Valid
OD001255,O00611,Valid,P021,Valid,1,Valid,0.25,Valid
OD001256,O00612,Valid,P074,Valid,2,Valid,0.05,Valid
OD001257,O00612,Valid,P093,Valid,1,Valid,0.25,Valid
OD001258,O00612,Valid,P136,Valid,2,Valid,0,Valid
OD001259,O00612,Valid,P071,Valid,1,Valid,0.2,Valid
OD001260,O00613,Valid,P007,Valid,1,Valid,1.2,Invalid
OD001261,O00614,Valid,P047,Valid,2,Valid,0.25,Valid
OD001262,O00614,Valid,P090,Valid,2,Valid,0.2,Valid
OD001263,O00615,Valid,P115,Valid,2,Valid,0.2,Valid
OD001264,O00616,Valid,P065,Valid,1,Valid,0,Valid
OD001265,O00616,Valid,P128,Valid,1,Valid,0.15,Valid
OD001266,O00617,Valid,P086,Valid,1,Valid,0.2,Valid
OD001267,O00618,Valid,P052,Valid,1,Valid,0.25,Valid
OD001268,O00618,Valid,P104,Valid,2,Valid,0.1,Valid
OD001269,O00618,Valid,P041,Valid,2,Valid,0.25,Valid
OD001270,O00618,Valid,P113,Valid,1,Valid,0,Valid
OD001271,O00619,Valid,P150,Valid,1,Valid,0.15,Valid
OD001272,O00620,Valid,P036,Valid,3,Valid,0.25,Valid
OD001273,O00621,Valid,P005,Valid,1,Valid,0.05,Valid
OD001274,O00621,Valid,P009,Valid,2,Valid,0.1,Valid
OD001275,O00622,Valid,P026,Valid,1,Valid,0.2,Valid
OD001276,O00622,Valid,P080,Valid,2,Valid,0,Valid
OD001277,O00623,Valid,P018,Valid,2,Valid,0.1,Valid
OD001278,O00623,Valid,P030,Valid,3,Valid,0.1,Valid
OD001279,O00623,Valid,P013,Valid,1,Valid,0.05,Valid
OD001280,O00623,Valid,P115,Valid,1,Valid,0,Valid
OD001281,O00624,Valid,P068,Valid,2,Valid,0.25,Valid
OD001282,O00624,Valid,P150,Valid,2,Valid,0,Valid
OD001283,O00624,Valid,P061,Valid,4,Valid,0.2,Valid
OD001284,O00625,Valid,P070,Valid,1,Valid,0.05,Valid
OD001285,O00625,Valid,P147,Valid,1,Valid,0.2,Valid
OD001286,O00626,Valid,P017,Valid,1,Valid,0.05,Valid
OD001287,O00626,Valid,P082,Valid,2,Valid,0.15,Valid
OD001288,O00626,Valid,P045,Valid,2,Valid,0,Valid
OD001289,O00627,Valid,P077,Valid,2,Valid,0.2,Valid
OD001290,O00627,Valid,P128,Valid,1,Valid,0.2,Valid
OD001291,O00627,Valid,P102,Valid,1,Valid,0,Valid
OD001292,O00627,Valid,P136,Valid,2,Valid,0.15,Valid
OD001293,O00628,Valid,P031,Valid,2,Valid,0.15,Valid
OD001294,O00628,Valid,P107,Valid,2,Valid,0.2,Valid
OD001295,O00629,Valid,P027,Valid,2,Valid,0.1,Valid
OD001296,O00630,Valid,P039,Valid,1,Valid,0.1,Valid
OD001297,O00631,Valid,P013,Valid,2,Valid,0.1,Valid
OD001298,O00632,Valid,P069,Valid,1,Valid,0.25,Valid
OD001299,O00632,Valid,P064,Valid,1,Valid,0.25,Valid
OD001300,O00633,Valid,P112,Valid,1,Valid,0,Valid
OD001301,O00634,Valid,P132,Valid,2,Valid,0,Valid
OD001302,O00634,Valid,P075,Valid,2,Valid,0.1,Valid
OD001303,O00634,Valid,P150,Valid,4,Valid,0,Valid
OD001304,O00635,Valid,P068,Valid,1,Valid,0.1,Valid
OD001305,O00636,Valid,P036,Valid,1,Valid,0.15,Valid
OD001306,O00636,Valid,P007,Valid,2,Valid,0.25,Valid
OD001307,O00636,Valid,P055,Valid,2,Valid,0.25,Valid
OD001308,O00636,Valid,P120,Valid,1,Valid,0,Valid
OD001309,O00637,Valid,P106,Valid,1,Valid,0.25,Valid
OD001310,O00638,Valid,P008,Valid,3,Valid,0.25,Valid
OD001311,O00639,Valid,P067,Valid,4,Valid,0,Valid
OD001312,O00639,Valid,P025,Valid,1,Valid,0.05,Valid
OD001313,O00639,Valid,P140,Valid,3,Valid,0.2,Valid
OD001314,O00640,Valid,P147,Valid,2,Valid,0,Valid
OD001315,O00640,Valid,P132,Valid,1,Valid,0,Valid
OD001316,O00640,Valid,P130,Valid,2,Valid,0,Valid
OD001317,O00640,Valid,P150,Valid,3,Valid,0.25,Valid
OD001318,O00641,Valid,P129,Valid,3,Valid,,Missing
OD001319,O00641,Valid,P075,Valid,1,Valid,0.25,Valid
OD001320,O00642,Valid,P019,Valid,1,Valid,0.15,Valid
OD001321,O00642,Valid,P140,Valid,1,Valid,0,Valid
OD001322,O00642,Valid,P103,Valid,4,Valid,0,Valid
OD001323,O00642,Valid,P067,Valid,2,Valid,0.05,Valid
OD001324,O00643,Valid,P132,Valid,2,Valid,0.1,Valid
OD001325,O00643,Valid,P060,Valid,2,Valid,0.05,Valid
OD001326,O00644,Valid,P003,Valid,1,Valid,0,Valid
OD001327,O00644,Valid,P139,Valid,4,Valid,0,Valid
OD001328,O00645,Valid,P139,Valid,1,Valid,0.1,Valid
OD001329,O00646,Valid,P082,Valid,3,Valid,0,Valid
OD001330,O00646,Valid,P122,Valid,4,Valid,0.25,Valid
OD001331,O00647,Valid,P049,Valid,2,Valid,0.15,Valid
OD001332,O00648,Valid,P077,Valid,2,Valid,0.1,Valid
OD001333,O00649,Valid,P022,Valid,1,Valid,0.15,Valid
OD001334,O00650,Valid,P070,Valid,2,Valid,0.2,Valid
OD001335,O00650,Valid,P043,Valid,2,Valid,0.15,Valid
OD001336,O00651,Valid,P039,Valid,3,Valid,0.25,Valid
OD001337,O00651,Valid,P119,Valid,2,Valid,0.15,Valid
OD001338,O00652,Valid,P123,Valid,1,Valid,0.15,Valid
OD001339,O00652,Valid,P013,Valid,1,Valid,0,Valid
OD001340,O00652,Valid,P069,Valid,3,Valid,0,Valid
OD001341,O00653,Valid,P023,Valid,4,Valid,0.15,Valid
OD001342,O00654,Valid,P029,Valid,2,Valid,0,Valid
OD001343,O00654,Valid,P091,Valid,2,Valid,0.15,Valid
OD001344,O00655,Valid,P064,Valid,1,Valid,0.2,Valid
OD001345,O00655,Valid,P046,Valid,4,Valid,0.2,Valid
OD001346,O00655,Valid,P125,Valid,2,Valid,0.15,Valid
OD001347,O00656,Valid,P086,Valid,3,Valid,0.1,Valid
OD001348,O00657,Valid,P028,Valid,4,Valid,0.1,Valid
OD001349,O00658,Valid,P102,Valid,1,Valid,0.2,Valid
OD001350,O00658,Valid,P047,Valid,1,Valid,0.15,Valid
OD001351,O00659,Valid,P073,Valid,2,Valid,0.15,Valid
OD001352,O00659,Valid,P097,Valid,1,Valid,0.2,Valid
OD001353,O00660,Valid,P110,Valid,1,Valid,0.05,Valid
OD001354,O00661,Valid,P131,Valid,1,Valid,0,Valid
OD001355,O00661,Valid,P080,Valid,2,Valid,0,Valid
OD001356,O00662,Valid,P144,Valid,1,Valid,0,Valid
OD001357,O00663,Valid,P037,Valid,1,Valid,0.15,Valid
OD001358,O00663,Valid,P041,Valid,4,Valid,0,Valid
OD001359,O00664,Valid,P105,Valid,1,Valid,0,Valid
OD001360,O00664,Valid,P071,Valid,2,Valid,0.15,Valid
OD001361,O00664,Valid,P139,Valid,4,Valid,0.25,Valid
OD001362,O00664,Valid,P140,Valid,1,Valid,0.05,Valid
OD001363,O00665,Valid,P103,Valid,3,Valid,0.15,Valid
OD001364,O00665,Valid,P137,Valid,1,Valid,0.15,Valid
OD001365,O00666,Valid,P112,Valid,1,Valid,0.05,Valid
OD001366,O00667,Valid,P123,Valid,4,Valid,0.15,Valid
OD001367,O00667,Valid,P039,Valid,2,Valid,0.15,Valid
OD001368,O00668,Valid,P018,Valid,1,Valid,0.15,Valid
OD001369,O00668,Valid,P109,Valid,4,Valid,0,Valid
OD001370,O00669,Valid,P077,Valid,1,Valid,0,Valid
OD001371,O00670,Valid,P029,Valid,4,Valid,0.25,Valid
OD001372,O00670,Valid,P064,Valid,1,Valid,0.2,Valid
OD001373,O00670,Valid,P092,Valid,2,Valid,0,Valid
OD001374,O00670,Valid,P042,Valid,1,Valid,0,Valid
OD001375,O00671,Valid,P105,Valid,1,Valid,0,Valid
OD001376,O00671,Valid,P001,Valid,1,Valid,0,Valid
OD001377,O00672,Valid,P083,Valid,2,Valid,0.15,Valid
OD001378,O00673,Valid,P103,Valid,1,Valid,0.25,Valid
OD001379,O00674,Valid,P006,Valid,4,Valid,0.05,Valid
OD001380,O00674,Valid,P043,Valid,2,Valid,0,Valid
OD001381,O00674,Valid,P093,Valid,1,Valid,0,Valid
OD001382,O00674,Valid,P072,Valid,2,Valid,0,Valid
OD001383,O00675,Valid,P082,Valid,4,Valid,0,Valid
OD001384,O00675,Valid,P009,Valid,3,Valid,0.05,Valid
OD001385,O00676,Valid,P008,Valid,4,Valid,0.15,Valid
OD001386,O00677,Valid,P103,Valid,2,Valid,0.25,Valid
OD001387,O00677,Valid,P017,Valid,3,Valid,0.1,Valid
OD001388,O00678,Valid,P017,Valid,3,Valid,0.05,Valid
OD001389,O00678,Valid,P133,Valid,2,Valid,0.15,Valid
OD001390,O00678,Valid,P033,Valid,2,Valid,0.25,Valid
OD001391,O00679,Valid,P011,Valid,2,Valid,0.2,Valid
OD001392,O00679,Valid,P140,Valid,1,Valid,0.25,Valid
OD001393,O00680,Valid,P119,Valid,1,Valid,0,Valid
OD001394,O00680,Valid,P142,Valid,1,Valid,0,Valid
OD001395,O00681,Valid,P070,Valid,2,Valid,0.25,Valid
OD001396,O00681,Valid,P106,Valid,1,Valid,0.25,Valid
OD001397,O00682,Valid,P084,Valid,2,Valid,0,Valid
OD001398,O00683,Valid,P097,Valid,2,Valid,0.1,Valid
OD001399,O00683,Valid,P068,Valid,2,Valid,0.2,Valid
OD001400,O00684,Valid,P064,Valid,2,Valid,0.2,Valid
OD001401,O00684,Valid,P149,Valid,2,Valid,0.15,Valid
OD001402,O00685,Valid,P080,Valid,2,Valid,0.15,Valid
OD001403,O00685,Valid,P130,Valid,1,Valid,0.2,Valid
OD001404,O00686,Valid,P024,Valid,1,Valid,0.25,Valid
OD001405,O00686,Valid,P084,Valid,3,Valid,0,Valid
OD001406,O00686,Valid,P088,Valid,1,Valid,0,Valid
OD001407,O00686,Valid,P067,Valid,2,Valid,0,Valid
OD001408,O00687,Valid,P047,Valid,1,Valid,0,Valid
OD001409,O00687,Valid,P015,Valid,3,Valid,0.1,Valid
OD001410,O00687,Valid,P123,Valid,3,Valid,0,Valid
OD001411,O00688,Valid,P030,Valid,1,Valid,0.1,Valid
OD001412,O00689,Valid,P109,Valid,3,Valid,0.2,Valid
OD001413,O00690,Valid,P059,Valid,4,Valid,0.15,Valid
OD001414,O00691,Valid,P143,Valid,1,Valid,0.1,Valid
OD001415,O00691,Valid,P102,Valid,1,Valid,0,Valid
OD001416,O00692,Valid,P033,Valid,2,Valid,0.15,Valid
OD001417,O00692,Valid,P026,Valid,1,Valid,0.05,Valid
OD001418,O00693,Valid,P015,Valid,2,Valid,0.1,Valid
OD001419,O00694,Valid,P013,Valid,1,Valid,0.15,Valid
OD001420,O00695,Valid,P147,Valid,1,Valid,0.15,Valid
OD001421,O00695,Valid,P078,Valid,2,Valid,0.05,Valid
OD001422,O00695,Valid,P035,Valid,1,Valid,0,Valid
OD001423,O00696,Valid,P097,Valid,2,Valid,0.2,Valid
OD001424,O00697,Valid,P071,Valid,2,Valid,0.1,Valid
OD001425,O00697,Valid,P143,Valid,1,Valid,0.05,Valid
OD001426,O00697,Valid,P112,Valid,4,Valid,0.1,Valid
OD001427,O00697,Valid,P111,Valid,1,Valid,0,Valid
OD001428,O00698,Valid,P080,Valid,1,Valid,0.1,Valid
OD001429,O00699,Valid,P094,Valid,2,Valid,0,Valid
OD001430,O00699,Valid,P126,Valid,2,Valid,0.1,Valid
OD001431,O00699,Valid,P114,Valid,4,Valid,0.05,Valid
OD001432,O00699,Valid,P088,Valid,4,Valid,0.05,Valid
OD001433,O00700,Valid,P050,Valid,4,Valid,0.15,Valid
OD001434,O00701,Valid,P008,Valid,4,Valid,0.25,Valid
OD001435,O00701,Valid,P109,Valid,1,Valid,0.05,Valid
OD001436,O00701,Valid,P034,Valid,4,Valid,0.1,Valid
OD001437,O00701,Valid,P063,Valid,2,Valid,0.25,Valid
OD001438,O00702,Valid,P048,Valid,4,Valid,0.1,Valid
OD001439,O00703,Valid,P075,Valid,1,Valid,0,Valid
OD001440,O00704,Valid,P086,Valid,1,Valid,0,Valid
OD001441,O00704,Valid,P089,Valid,1,Valid,0.2,Valid
OD001442,O00705,Valid,P109,Valid,1,Valid,0,Valid
OD001443,O00705,Valid,P042,Valid,1,Valid,0.05,Valid
OD001444,O00705,Valid,P048,Valid,1,Valid,0.25,Valid
OD001445,O00706,Valid,P116,Valid,1,Valid,0.1,Valid
OD001446,O00706,Valid,P110,Valid,1,Valid,0.25,Valid
OD001447,O00706,Valid,P123,Valid,1,Valid,0.15,Valid
OD001448,O00706,Valid,P122,Valid,1,Valid,0.1,Valid
OD001449,O00707,Valid,P027,Valid,1,Valid,0,Valid
OD001450,O00708,Valid,P026,Valid,1,Valid,0.05,Valid
OD001451,O00709,Valid,P129,Valid,3,Valid,0.1,Valid
OD001452,O00709,Valid,P065,Valid,1,Valid,0,Valid
OD001453,O00709,Valid,P137,Valid,4,Valid,0.15,Valid
OD001454,O00709,Valid,P133,Valid,1,Valid,0,Valid
OD001455,O00710,Valid,P133,Valid,2,Valid,0.2,Valid
OD001456,O00710,Valid,P102,Valid,2,Valid,0.15,Valid
OD001457,O00711,Valid,P051,Valid,4,Valid,0,Valid
OD001458,O00712,Valid,P148,Valid,2,Valid,0.05,Valid
OD001459,O00713,Valid,P004,Valid,2,Valid,0,Valid
OD001460,O00713,Valid,P070,Valid,3,Valid,0.1,Valid
OD001461,O00714,Valid,P068,Valid,1,Valid,0.2,Valid
OD001462,O00714,Valid,P043,Valid,1,Valid,0,Valid
OD001463,O00714,Valid,P109,Valid,1,Valid,0,Valid
OD001464,O00714,Valid,P020,Valid,2,Valid,0.05,Valid
OD001465,O00715,Valid,P123,Valid,1,Valid,0,Valid
OD001466,O00716,Valid,P089,Valid,4,Valid,0.25,Valid
OD001467,O00716,Valid,P099,Valid,2,Valid,0,Valid
OD001468,O00717,Valid,P142,Valid,4,Valid,0.2,Valid
OD001469,O00717,Valid,P090,Valid,1,Valid,0.05,Valid
OD001470,O00718,Valid,P132,Valid,1,Valid,0.05,Valid
OD001471,O00719,Valid,P032,Valid,3,Valid,0.15,Valid
OD001472,O00720,Valid,P060,Valid,1,Valid,0.05,Valid
OD001473,O00720,Valid,P129,Valid,4,Valid,0.25,Valid
OD001474,O00720,Valid,P084,Valid,1,Valid,0,Valid
OD001475,O00721,Valid,P110,Valid,1,Valid,0.05,Valid
OD001476,O00722,Valid,P095,Valid,1,Valid,0.2,Valid
OD001477,O00722,Valid,P074,Valid,1,Valid,0.25,Valid
OD001478,O00722,Valid,P120,Valid,1,Valid,0.25,Valid
OD001479,O00723,Valid,P029,Valid,1,Valid,0,Valid
OD001480,O00724,Valid,P115,Valid,1,Valid,0.25,Valid
OD001481,O00725,Valid,P126,Valid,2,Valid,0.1,Valid
OD001482,O00725,Valid,P022,Valid,4,Valid,0.1,Valid
OD001483,O00726,Valid,P053,Valid,2,Valid,0,Valid
OD001484,O00726,Valid,P063,Valid,1,Valid,0,Valid
OD001485,O00726,Valid,P076,Valid,4,Valid,0.25,Valid
OD001486,O00726,Valid,P043,Valid,2,Valid,0.15,Valid
OD001487,O00727,Valid,P044,Valid,2,Valid,0.05,Valid
OD001488,O00727,Valid,P019,Valid,3,Valid,0,Valid
OD001489,O00728,Valid,P139,Valid,2,Valid,0.25,Valid
OD001490,O00728,Valid,P016,Valid,2,Valid,0,Valid
OD001491,O00728,Valid,P018,Valid,4,Valid,0,Valid
OD001492,O00729,Valid,P085,Valid,3,Valid,0.2,Valid
OD001493,O00730,Valid,P009,Valid,2,Valid,0.15,Valid
OD001494,O00731,Valid,P059,Valid,4,Valid,0,Valid
OD001495,O00731,Valid,P084,Valid,1,Valid,0.15,Valid
OD001496,O00731,Valid,P140,Valid,1,Valid,0.05,Valid
OD001497,O00731,Valid,P129,Valid,4,Valid,0,Valid
OD001498,O00732,Valid,P004,Valid,1,Valid,0.25,Valid
OD001499,O00733,Valid,P027,Valid,2,Valid,0.1,Valid
OD001500,O00733,Valid,P132,Valid,2,Valid,0.05,Valid
OD001501,O00733,Valid,P018,Valid,2,Valid,0,Valid
OD001502,O00733,Valid,P102,Valid,4,Valid,0.1,Valid
OD001503,O00734,Valid,P045,Valid,1,Valid,0.05,Valid
OD001504,O00735,Valid,P093,Valid,1,Valid,0.05,Valid
OD001505,O00736,Valid,P014,Valid,1,Valid,0.25,Valid
OD001506,O00736,Valid,P137,Valid,2,Valid,0.05,Valid
OD001507,O00737,Valid,P017,Valid,2,Valid,0.2,Valid
OD001508,O00737,Valid,P122,Valid,4,Valid,0.15,Valid
OD001509,O00737,Valid,P056,Valid,1,Valid,0,Valid
OD001510,O00738,Valid,P083,Valid,1,Valid,0.15,Valid
OD001511,O00738,Valid,P062,Valid,2,Valid,0.15,Valid
OD001512,O00738,Valid,P032,Valid,2,Valid,0.2,Valid
OD001513,O00739,Valid,P138,Valid,3,Valid,0.1,Valid
OD001514,O00740,Valid,P146,Valid,2,Valid,0.25,Valid
OD001515,O00740,Valid,P149,Valid,1,Valid,0.25,Valid
OD001516,O00740,Valid,P109,Valid,3,Valid,0.15,Valid
OD001517,O00740,Valid,P136,Valid,1,Valid,0.05,Valid
OD001518,O00741,Valid,P124,Valid,2,Valid,0.2,Valid
OD001519,O00742,Valid,P123,Valid,1,Valid,0.05,Valid
OD001520,O00743,Valid,P116,Valid,1,Valid,0,Valid
OD001521,O00743,Valid,P036,Valid,4,Valid,0,Valid
OD001522,O00743,Valid,P065,Valid,4,Valid,0.2,Valid
OD001523,O00743,Valid,P097,Valid,2,Valid,0.15,Valid
OD001524,O00744,Valid,P098,Valid,1,Valid,0,Valid
OD001525,O00744,Valid,P065,Valid,1,Valid,0.25,Valid
OD001526,O00744,Valid,P045,Valid,2,Valid,0.2,Valid
OD001527,O00745,Valid,P116,Valid,1,Valid,0.15,Valid
OD001528,O00746,Valid,P061,Valid,2,Valid,0.25,Valid
OD001529,O00747,Valid,P039,Valid,1,Valid,0.2,Valid
OD001530,O00748,Valid,P141,Valid,2,Valid,0.25,Valid
OD001531,O00748,Valid,P128,Valid,1,Valid,0.15,Valid
OD001532,O00748,Valid,P008,Valid,1,Valid,0,Valid
OD001533,O00749,Valid,P132,Valid,3,Valid,0.15,Valid
OD001534,O00749,Valid,P013,Valid,2,Valid,0,Valid
OD001535,O00750,Valid,P038,Valid,1,Valid,0,Valid
OD001536,O00751,Valid,P030,Valid,1,Valid,0,Valid
OD001537,O00751,Valid,P004,Valid,1,Valid,0,Valid
OD001538,O00751,Valid,P048,Valid,3,Valid,0.15,Valid
OD001539,O00751,Valid,P059,Valid,2,Valid,0.1,Valid
OD001540,O00752,Valid,P098,Valid,1,Valid,0,Valid
OD001541,O00752,Valid,P030,Valid,2,Valid,0.25,Valid
OD001542,O00753,Valid,P143,Valid,1,Valid,0,Valid
OD001543,O00753,Valid,P124,Valid,2,Valid,0,Valid
OD001544,O00753,Valid,P099,Valid,4,Valid,0.05,Valid
OD001545,O00754,Valid,P096,Valid,2,Valid,0.25,Valid
OD001546,O00755,Valid,P074,Valid,1,Valid,0.2,Valid
OD001547,O00756,Valid,P142,Valid,1,Valid,0.05,Valid
OD001548,O00757,Valid,P063,Valid,4,Valid,0,Valid
OD001549,O00757,Valid,P022,Valid,4,Valid,0.1,Valid
OD001550,O00757,Valid,P131,Valid,1,Valid,0.1,Valid
OD001551,O00758,Valid,P141,Valid,1,Valid,0.1,Valid
OD001552,O00758,Valid,P036,Valid,4,Valid,0.15,Valid
OD001553,O00758,Valid,P050,Valid,1,Valid,0.25,Valid
OD001554,O00758,Valid,P081,Valid,3,Valid,0.25,Valid
OD001555,O00759,Valid,P009,Valid,1,Valid,0,Valid
OD001556,O00760,Valid,P005,Valid,1,Valid,0,Valid
OD001557,O00760,Valid,P118,Valid,1,Valid,0.25,Valid
OD001558,O00760,Valid,P104,Valid,4,Valid,0.05,Valid
OD001559,O00761,Valid,P098,Valid,2,Valid,0.25,Valid
OD001560,O00762,Valid,P085,Valid,1,Valid,0.2,Valid
OD001561,O00763,Valid,P112,Valid,2,Valid,0.2,Valid
OD001562,O00764,Valid,P109,Valid,1,Valid,0,Valid
OD001563,O00764,Valid,P069,Valid,1,Valid,0.2,Valid
OD001564,O00765,Valid,P095,Valid,4,Valid,0,Valid
OD001565,O00765,Valid,P077,Valid,3,Valid,0,Valid
OD001566,O00766,Valid,P058,Valid,4,Valid,0.1,Valid
OD001567,O00766,Valid,P073,Valid,2,Valid,0.05,Valid
OD001568,O00766,Valid,P001,Valid,1,Valid,0.1,Valid
OD001569,O00767,Valid,P069,Valid,1,Valid,0.15,Valid
OD001570,O00767,Valid,P121,Valid,2,Valid,0,Valid
OD001571,O00768,Valid,P144,Valid,4,Valid,0,Valid
OD001572,O00769,Valid,P108,Valid,1,Valid,0.05,Valid
OD001573,O00769,Valid,P141,Valid,2,Valid,0,Valid
OD001574,O00770,Valid,P137,Valid,2,Valid,0.15,Valid
OD001575,O00770,Valid,P146,Valid,2,Valid,0,Valid
OD001576,O00771,Valid,P118,Valid,2,Valid,0,Valid
OD001577,O00771,Valid,P004,Valid,2,Valid,0.1,Valid
OD001578,O00772,Valid,P143,Valid,3,Valid,0.15,Valid
OD001579,O00772,Valid,P134,Valid,1,Valid,0.1,Valid
OD001580,O00773,Valid,P125,Valid,1,Valid,0,Valid
OD001581,O00773,Valid,P019,Valid,1,Valid,0.25,Valid
OD001582,O00774,Valid,P110,Valid,1,Valid,0.1,Valid
OD001583,O00774,Valid,P047,Valid,4,Valid,0,Valid
OD001584,O00775,Valid,P117,Valid,1,Valid,0.2,Valid
OD001585,O00775,Valid,P097,Valid,2,Valid,0,Valid
OD001586,O00776,Valid,P006,Valid,1,Valid,0,Valid
OD001587,O00777,Valid,P092,Valid,4,Valid,0.2,Valid
OD001588,O00777,Valid,P117,Valid,2,Valid,0.15,Valid
OD001589,O00778,Valid,P048,Valid,1,Valid,0.05,Valid
OD001590,O00778,Valid,P098,Valid,1,Valid,0.15,Valid
OD001591,O00779,Valid,P002,Valid,1,Valid,0.25,Valid
OD001592,O00779,Valid,P147,Valid,2,Valid,0.05,Valid
OD001593,O00779,Valid,P095,Valid,1,Valid,0.15,Valid
OD001594,O00779,Valid,P036,Valid,1,Valid,0,Valid
OD001595,O00780,Valid,P125,Valid,1,Valid,0.2,Valid
OD001596,O00780,Valid,P117,Valid,1,Valid,0.2,Valid
OD001597,O00781,Valid,P036,Valid,2,Valid,0.15,Valid
OD001598,O00781,Valid,P125,Valid,1,Valid,0.25,Valid
OD001599,O00781,Valid,P076,Valid,1,Valid,0,Valid
OD001600,O00782,Valid,P142,Valid,1,Valid,0,Valid
OD001601,O00782,Valid,P038,Valid,2,Valid,0.2,Valid
OD001602,O00783,Valid,P104,Valid,2,Valid,0.05,Valid
OD001603,O00783,Valid,P036,Valid,1,Valid,0,Valid
OD001604,O00784,Valid,P123,Valid,1,Valid,0.15,Valid
OD001605,O00785,Valid,P020,Valid,1,Valid,0.25,Valid
OD001606,O00785,Valid,P116,Valid,3,Valid,0.05,Valid
OD001607,O00786,Valid,P094,Valid,1,Valid,0.25,Valid
OD001608,O00786,Valid,P069,Valid,2,Valid,0.05,Valid
OD001609,O00786,Valid,P034,Valid,3,Valid,0.05,Valid
OD001610,O00787,Valid,P125,Valid,4,Valid,0.25,Valid
OD001611,O00788,Valid,P082,Valid,2,Valid,0.25,Valid
OD001612,O00789,Valid,P033,Valid,4,Valid,0.15,Valid
OD001613,O00789,Valid,P001,Valid,1,Valid,0,Valid
OD001614,O00790,Valid,P094,Valid,1,Valid,0.2,Valid
OD001615,O00790,Valid,P128,Valid,1,Valid,0,Valid
OD001616,O00790,Valid,P001,Valid,3,Valid,0.1,Valid
OD001617,O00790,Valid,P148,Valid,1,Valid,0.2,Valid
OD001618,O00791,Valid,P105,Valid,1,Valid,0,Valid
OD001619,O00792,Valid,P044,Valid,4,Valid,0,Valid
OD001620,O00792,Valid,P055,Valid,1,Valid,0.25,Valid
OD001621,O00793,Valid,P121,Valid,2,Valid,0.15,Valid
OD001622,O00793,Valid,P046,Valid,1,Valid,0.2,Valid
OD001623,O00793,Valid,P129,Valid,4,Valid,0.05,Valid
OD001624,O00793,Valid,P042,Valid,1,Valid,0,Valid
OD001625,O00794,Valid,P125,Valid,2,Valid,0.2,Valid
OD001626,O00795,Valid,P133,Valid,3,Valid,0.1,Valid
OD001627,O00795,Valid,P047,Valid,1,Valid,0,Valid
OD001628,O00795,Valid,P042,Valid,1,Valid,0.1,Valid
OD001629,O00795,Valid,P068,Valid,1,Valid,0.1,Valid
OD001630,O00796,Valid,P096,Valid,2,Valid,0,Valid
OD001631,O00796,Valid,P002,Valid,1,Valid,0.25,Valid
OD001632,O00797,Valid,P144,Valid,3,Valid,0.2,Valid
OD001633,O00798,Valid,P016,Valid,1,Valid,0,Valid
OD001634,O00798,Valid,P024,Valid,2,Valid,0,Valid
OD001635,O00798,Valid,P030,Valid,4,Valid,0.1,Valid
OD001636,O00798,Valid,P148,Valid,4,Valid,0,Valid
OD001637,O00799,Valid,P023,Valid,1,Valid,0.2,Valid
OD001638,O00799,Valid,P081,Valid,1,Valid,0.2,Valid
OD001639,O00799,Valid,P048,Valid,-1,Invalid,0,Valid
OD001640,O00799,Valid,P110,Valid,4,Valid,0.25,Valid
OD001641,O00800,Valid,P113,Valid,1,Valid,0,Valid
OD001642,O00800,Valid,P014,Valid,1,Valid,0.1,Valid
OD001643,O00800,Valid,P146,Valid,1,Valid,0.25,Valid
OD001644,O00800,Valid,P035,Valid,2,Valid,0.15,Valid
OD001645,O00801,Valid,P004,Valid,1,Valid,0.1,Valid
OD001646,O00802,Valid,P023,Valid,2,Valid,0.15,Valid
OD001647,O00803,Valid,P080,Valid,1,Valid,0.25,Valid
OD001648,O00803,Valid,P144,Valid,3,Valid,0,Valid
OD001649,O00803,Valid,P084,Valid,4,Valid,0.15,Valid
OD001650,O00803,Valid,P076,Valid,2,Valid,0.1,Valid
OD001651,O00804,Valid,P143,Valid,1,Valid,0.25,Valid
OD001652,O00804,Valid,P147,Valid,4,Valid,0.1,Valid
OD001653,O00805,Valid,P034,Valid,2,Valid,0.05,Valid
OD001654,O00806,Valid,P121,Valid,4,Valid,0,Valid
OD001655,O00807,Valid,P023,Valid,1,Valid,0.1,Valid
OD001656,O00807,Valid,P132,Valid,1,Valid,0.25,Valid
OD001657,O00808,Valid,P138,Valid,1,Valid,0,Valid
OD001658,O00809,Valid,P019,Valid,1,Valid,0,Valid
OD001659,O00809,Valid,P010,Valid,1,Valid,0.25,Valid
OD001660,O00809,Valid,P067,Valid,2,Valid,0.2,Valid
OD001661,O00809,Valid,P086,Valid,2,Valid,0.1,Valid
OD001662,O00810,Valid,P047,Valid,1,Valid,0.1,Valid
OD001663,O00811,Valid,P055,Valid,4,Valid,0.25,Valid
OD001664,O00812,Valid,P093,Valid,2,Valid,0.25,Valid
OD001665,O00812,Valid,P113,Valid,4,Valid,0,Valid
OD001666,O00812,Valid,P066,Valid,1,Valid,0.25,Valid
OD001667,O00813,Valid,P108,Valid,2,Valid,0,Valid
OD001668,O00814,Valid,P070,Valid,2,Valid,0,Valid
OD001669,O00814,Valid,P140,Valid,3,Valid,0.1,Valid
OD001670,O00815,Valid,P050,Valid,1,Valid,0.2,Valid
OD001671,O00815,Valid,P141,Valid,1,Valid,0.05,Valid
OD001672,O00816,Valid,P129,Valid,2,Valid,0.05,Valid
OD001673,O00816,Valid,P050,Valid,1,Valid,0.05,Valid
OD001674,O00817,Valid,P059,Valid,1,Valid,0.15,Valid
OD001675,O00817,Valid,P098,Valid,1,Valid,0.05,Valid
OD001676,O00817,Valid,P077,Valid,1,Valid,0,Valid
OD001677,O00817,Valid,P104,Valid,2,Valid,0.25,Valid
OD001678,O00818,Valid,P071,Valid,2,Valid,0.05,Valid
OD001679,O00818,Valid,P013,Valid,2,Valid,0.15,Valid
OD001680,O00819,Valid,P091,Valid,1,Valid,0.05,Valid
OD001681,O00820,Valid,P041,Valid,2,Valid,0,Valid
OD001682,O00820,Valid,P053,Valid,3,Valid,0.25,Valid
OD001683,O00821,Valid,P009,Valid,2,Valid,0.05,Valid
OD001684,O00822,Valid,P084,Valid,3,Valid,0.2,Valid
OD001685,O00822,Valid,P028,Valid,1,Valid,0.2,Valid
OD001686,O00822,Valid,P011,Valid,1,Valid,0.2,Valid
OD001687,O00822,Valid,P127,Valid,2,Valid,0,Valid
OD001688,O00823,Valid,P026,Valid,1,Valid,0,Valid
OD001689,O00824,Valid,P130,Valid,1,Valid,0.15,Valid
OD001690,O00824,Valid,P100,Valid,3,Valid,0,Valid
OD001691,O00825,Valid,P085,Valid,4,Valid,0.05,Valid
OD001692,O00826,Valid,P114,Valid,3,Valid,0.2,Valid
OD001693,O00826,Valid,P100,Valid,1,Valid,0,Valid
OD001694,O00826,Valid,P014,Valid,3,Valid,0,Valid
OD001695,O00827,Valid,P095,Valid,1,Valid,0.25,Valid
OD001696,O00827,Valid,P060,Valid,1,Valid,0.2,Valid
OD001697,O00828,Valid,P046,Valid,1,Valid,0,Valid
OD001698,O00829,Valid,P035,Valid,1,Valid,0.25,Valid
OD001699,O00829,Valid,P047,Valid,4,Valid,0.15,Valid
OD001700,O00829,Valid,P113,Valid,1,Valid,0.25,Valid
OD001701,O00830,Valid,P003,Valid,1,Valid,0.25,Valid
OD001702,O00831,Valid,P013,Valid,1,Valid,0,Valid
OD001703,O00831,Valid,P021,Valid,1,Valid,0,Valid
OD001704,O00832,Valid,P047,Valid,3,Valid,0.15,Valid
OD001705,O00832,Valid,P089,Valid,1,Valid,0,Valid
OD001706,O00832,Valid,P067,Valid,2,Valid,0.05,Valid
OD001707,O00832,Valid,P113,Valid,1,Valid,0.25,Valid
OD001708,O00833,Valid,P026,Valid,3,Valid,0,Valid
OD001709,O00833,Valid,P114,Valid,4,Valid,0,Valid
OD001710,O00834,Valid,P141,Valid,1,Valid,0.2,Valid
OD001711,O00834,Valid,,Missing,3,Valid,0.15,Valid
OD001712,O00835,Valid,P094,Valid,3,Valid,0.25,Valid
OD001713,O00835,Valid,P008,Valid,4,Valid,0,Valid
OD001714,O00835,Valid,P060,Valid,1,Valid,0,Valid
OD001715,O00836,Valid,P074,Valid,1,Valid,0.25,Valid
OD001716,O00836,Valid,P056,Valid,3,Valid,0,Valid
OD001717,O00837,Valid,P149,Valid,,Missing,0,Valid
OD001718,O00838,Valid,P090,Valid,1,Valid,0,Valid
OD001719,O00839,Valid,P110,Valid,1,Valid,0.15,Valid
OD001720,O00840,Valid,P073,Valid,1,Valid,0.15,Valid
OD001721,O00840,Valid,P017,Valid,1,Valid,0.2,Valid
OD001722,O00841,Valid,P025,Valid,3,Valid,0.05,Valid
OD001723,O00841,Valid,P057,Valid,2,Valid,0.15,Valid
OD001724,O00842,Valid,P140,Valid,1,Valid,0.05,Valid
OD001725,O00843,Valid,P063,Valid,1,Valid,0,Valid
OD001726,O00843,Valid,P096,Valid,1,Valid,0.1,Valid
OD001727,O00843,Valid,P146,Valid,1,Valid,0,Valid
OD001728,O00843,Valid,P088,Valid,1,Valid,0.1,Valid
OD001729,O00844,Valid,P146,Valid,1,Valid,0.2,Valid
OD001730,O00844,Valid,P148,Valid,1,Valid,0.1,Valid
OD001731,O00845,Valid,P110,Valid,1,Valid,0,Valid
OD001732,O00845,Valid,P141,Valid,2,Valid,0.1,Valid
OD001733,O00846,Valid,P113,Valid,1,Valid,0.25,Valid
OD001734,O00846,Valid,P123,Valid,3,Valid,0,Valid
OD001735,O00846,Valid,P068,Valid,2,Valid,0.15,Valid
OD001736,O00847,Valid,P033,Valid,3,Valid,0,Valid
OD001737,O00848,Valid,P050,Valid,1,Valid,0.15,Valid
OD001738,O00848,Valid,P146,Valid,3,Valid,0.05,Valid
OD001739,O00848,Valid,P074,Valid,4,Valid,0,Valid
OD001740,O00849,Valid,P001,Valid,2,Valid,0.1,Valid
OD001741,O00850,Valid,P097,Valid,1,Valid,0.05,Valid
OD001742,O00850,Valid,P041,Valid,1,Valid,0,Valid
OD001743,O00851,Valid,P090,Valid,4,Valid,0,Valid
OD001744,O00852,Valid,P127,Valid,1,Valid,0.1,Valid
OD001745,O00853,Valid,P066,Valid,1,Valid,0.1,Valid
OD001746,O00854,Valid,P074,Valid,1,Valid,0.1,Valid
OD001747,O00855,Valid,P066,Valid,2,Valid,0,Valid
OD001748,O00855,Valid,P048,Valid,3,Valid,0,Valid
OD001749,O00856,Valid,P147,Valid,4,Valid,0,Valid
OD001750,O00856,Valid,P039,Valid,1,Valid,0.05,Valid
OD001751,O00856,Valid,P057,Valid,4,Valid,0,Valid
OD001752,O00857,Valid,P004,Valid,3,Valid,0.25,Valid
OD001753,O00858,Valid,P147,Valid,0,Invalid,0.2,Valid
OD001754,O00859,Valid,P012,Valid,1,Valid,0,Valid
OD001755,O00859,Valid,P092,Valid,3,Valid,0.25,Valid
OD001756,O00860,Valid,P143,Valid,2,Valid,0.05,Valid
OD001757,O00860,Valid,P106,Valid,1,Valid,0,Valid
OD001758,O00861,Valid,P030,Valid,1,Valid,0.1,Valid
OD001759,O00862,Valid,P114,Valid,4,Valid,0,Valid
OD001760,O00862,Valid,P057,Valid,2,Valid,0,Valid
OD001761,O00863,Valid,P086,Valid,2,Valid,0.05,Valid
OD001762,O00864,Valid,P145,Valid,1,Valid,0.25,Valid
OD001763,O00864,Valid,P143,Valid,2,Valid,0.25,Valid
OD001764,O00864,Valid,P140,Valid,1,Valid,0,Valid
OD001765,O00864,Valid,P116,Valid,1,Valid,0.15,Valid
OD001766,O00865,Valid,P109,Valid,2,Valid,0,Valid
OD001767,O00865,Valid,P080,Valid,1,Valid,0.25,Valid
OD001768,O00865,Valid,P043,Valid,1,Valid,0.1,Valid
OD001769,O00866,Valid,P046,Valid,2,Valid,0.05,Valid
OD001770,O00866,Valid,P003,Valid,1,Valid,0.15,Valid
OD001771,O00866,Valid,P037,Valid,1,Valid,0,Valid
OD001772,O00867,Valid,P119,Valid,2,Valid,0,Valid
OD001773,O00868,Valid,P033,Valid,1,Valid,0,Valid
OD001774,O00868,Valid,P001,Valid,4,Valid,0.05,Valid
OD001775,O00868,Valid,P114,Valid,4,Valid,0,Valid
OD001776,O00869,Valid,P141,Valid,1,Valid,0,Valid
OD001777,O00870,Valid,P111,Valid,3,Valid,0,Valid
OD001778,O00871,Valid,P044,Valid,1,Valid,0.05,Valid
OD001779,O00872,Valid,P032,Valid,2,Valid,0.1,Valid
OD001780,O00872,Valid,P134,Valid,3,Valid,0,Valid
OD001781,O00873,Valid,P094,Valid,2,Valid,0,Valid
OD001782,O00873,Valid,P145,Valid,4,Valid,0,Valid
OD001783,O00873,Valid,P025,Valid,2,Valid,0.1,Valid
OD001784,O00874,Valid,P138,Valid,1,Valid,0.05,Valid
OD001785,O00875,Valid,P141,Valid,3,Valid,0.15,Valid
OD001786,O00875,Valid,P021,Valid,1,Valid,0.15,Valid
OD001787,O00876,Valid,P119,Valid,3,Valid,0.2,Valid
OD001788,O00876,Valid,P121,Valid,1,Valid,0.1,Valid
OD001789,O00876,Valid,P043,Valid,2,Valid,0.15,Valid
OD001790,O00877,Valid,P013,Valid,4,Valid,0.25,Valid
OD001791,O00878,Valid,P061,Valid,2,Valid,0.15,Valid
OD001792,O00879,Valid,P056,Valid,2,Valid,0,Valid
OD001793,O00879,Valid,P018,Valid,2,Valid,0.15,Valid
OD001794,O00879,Valid,P141,Valid,2,Valid,0,Valid
OD001795,O00879,Valid,P097,Valid,4,Valid,0.15,Valid
OD001796,O00880,Valid,P085,Valid,1,Valid,0.25,Valid
OD001797,O00881,Valid,P025,Valid,2,Valid,0,Valid
OD001798,O00882,Valid,P123,Valid,1,Valid,0,Valid
OD001799,O00883,Valid,P046,Valid,2,Valid,0,Valid
OD001800,O00884,Valid,P076,Valid,1,Valid,0.2,Valid
OD001801,O00884,Valid,P138,Valid,4,Valid,0,Valid
OD001802,O00885,Valid,P040,Valid,1,Valid,0.05,Valid
OD001803,O00886,Valid,P072,Valid,1,Valid,0.1,Valid
OD001804,O00887,Valid,P055,Valid,3,Valid,0,Valid
OD001805,O00888,Valid,P135,Valid,2,Valid,0.05,Valid
OD001806,O00888,Valid,P029,Valid,2,Valid,0.15,Valid
OD001807,O00888,Valid,P017,Valid,3,Valid,0,Valid
OD001808,O00889,Valid,P003,Valid,1,Valid,0,Valid
OD001809,O00889,Valid,P033,Valid,3,Valid,0,Valid
OD001810,O00889,Valid,P004,Valid,1,Valid,0.05,Valid
OD001811,O00890,Valid,P039,Valid,1,Valid,0.2,Valid
OD001812,O00890,Valid,P057,Valid,2,Valid,0.1,Valid
OD001813,O00890,Valid,P034,Valid,1,Valid,0.25,Valid
OD001814,O00891,Valid,P027,Valid,1,Valid,0.05,Valid
OD001815,O00892,Valid,P050,Valid,2,Valid,0,Valid
OD001816,O00892,Valid,P011,Valid,2,Valid,0.05,Valid
OD001817,O00892,Valid,P034,Valid,1,Valid,0.1,Valid
OD001818,O00893,Valid,P102,Valid,1,Valid,0,Valid
OD001819,O00894,Valid,P015,Valid,4,Valid,0.1,Valid
OD001820,O00894,Valid,P089,Valid,2,Valid,0.1,Valid
OD001821,O00894,Valid,P060,Valid,1,Valid,0.1,Valid
OD001822,O00895,Valid,P025,Valid,1,Valid,0,Valid
OD001823,O00895,Valid,P138,Valid,4,Valid,0,Valid
OD001824,O00896,Valid,P006,Valid,2,Valid,0.2,Valid
OD001825,O00896,Valid,P042,Valid,4,Valid,0.2,Valid
OD001826,O00896,Valid,P023,Valid,3,Valid,0,Valid
OD001827,O00897,Valid,P077,Valid,4,Valid,0.15,Valid
OD001828,O00897,Valid,P097,Valid,1,Valid,0.25,Valid
OD001829,O00898,Valid,P150,Valid,3,Valid,0.15,Valid
OD001830,O00899,Valid,P031,Valid,4,Valid,0,Valid
OD001831,O00900,Valid,P064,Valid,4,Valid,0.2,Valid
OD001832,O00901,Valid,P071,Valid,2,Valid,0.1,Valid
OD001833,O00901,Valid,P018,Valid,2,Valid,0,Valid
OD001834,O00902,Valid,P146,Valid,1,Valid,0.25,Valid
OD001835,O00903,Valid,P052,Valid,1,Valid,0.15,Valid
OD001836,O00903,Valid,P031,Valid,1,Valid,0.05,Valid
OD001837,O00903,Valid,P108,Valid,2,Valid,0.15,Valid
OD001838,O00903,Valid,P125,Valid,1,Valid,0.25,Valid
OD001839,O00904,Valid,P101,Valid,4,Valid,0,Valid
OD001840,O00904,Valid,P118,Valid,2,Valid,0,Valid
OD001841,O00905,Valid,P101,Valid,2,Valid,0.15,Valid
OD001842,O00905,Valid,P040,Valid,4,Valid,0.1,Valid
OD001843,O00905,Valid,P022,Valid,1,Valid,0.05,Valid
OD001844,O00906,Valid,P078,Valid,2,Valid,0.05,Valid
OD001845,O00907,Valid,P066,Valid,2,Valid,0.1,Valid
OD001846,O00907,Valid,P077,Valid,1,Valid,0.2,Valid
OD001847,O00907,Valid,P010,Valid,1,Valid,0.15,Valid
OD001848,O00907,Valid,P113,Valid,4,Valid,0,Valid
OD001849,O00908,Valid,P058,Valid,1,Valid,0,Valid
OD001850,O00908,Valid,P146,Valid,1,Valid,0.2,Valid
OD001851,O00908,Valid,P107,Valid,2,Valid,0.1,Valid
OD001852,O00909,Valid,P117,Valid,1,Valid,0,Valid
OD001853,O00910,Valid,P044,Valid,4,Valid,0,Valid
OD001854,O00910,Valid,P099,Valid,1,Valid,0.05,Valid
OD001855,O00910,Valid,P035,Valid,1,Valid,0.05,Valid
OD001856,O00910,Valid,P112,Valid,1,Valid,0.25,Valid
OD001857,O00911,Valid,P036,Valid,3,Valid,0.15,Valid
OD001858,O00911,Valid,P088,Valid,3,Valid,0.05,Valid
OD001859,O00912,Valid,P039,Valid,1,Valid,0.2,Valid
OD001860,O00913,Valid,P132,Valid,2,Valid,0.2,Valid
OD001861,O00913,Valid,P011,Valid,2,Valid,0.15,Valid
OD001862,O00914,Valid,P026,Valid,3,Valid,0,Valid
OD001863,O00914,Valid,P105,Valid,3,Valid,0.05,Valid
OD001864,O00914,Valid,P038,Valid,4,Valid,0.2,Valid
OD001865,O00915,Valid,P147,Valid,3,Valid,0.1,Valid
OD001866,O00916,Valid,P057,Valid,1,Valid,0.15,Valid
OD001867,O00917,Valid,P062,Valid,1,Valid,0.2,Valid
OD001868,O00918,Valid,P118,Valid,1,Valid,0.05,Valid
OD001869,O00919,Valid,P015,Valid,1,Valid,0,Valid
OD001870,O00919,Valid,P094,Valid,1,Valid,0.05,Valid
OD001871,O00919,Valid,P137,Valid,1,Valid,0.25,Valid
OD001872,O00920,Valid,P062,Valid,1,Valid,0,Valid
OD001873,O00921,Valid,P094,Valid,2,Valid,0,Valid
OD001874,O00921,Valid,P136,Valid,1,Valid,0.2,Valid
OD001875,O00921,Valid,P128,Valid,1,Valid,0.05,Valid
OD001876,O00922,Valid,P120,Valid,2,Valid,0.05,Valid
OD001877,O00922,Valid,P100,Valid,4,Valid,0.1,Valid
OD001878,O00922,Valid,P145,Valid,2,Valid,0.15,Valid
OD001879,O00922,Valid,P069,Valid,3,Valid,0.2,Valid
OD001880,O00923,Valid,P069,Valid,1,Valid,0.1,Valid
OD001881,O00923,Valid,P086,Valid,1,Valid,0.15,Valid
OD001882,O00923,Valid,P052,Valid,2,Valid,0.25,Valid
OD001883,O00923,Valid,P093,Valid,1,Valid,0.1,Valid
OD001884,O00924,Valid,P129,Valid,4,Valid,0,Valid
OD001885,O00924,Valid,P098,Valid,2,Valid,0,Valid
OD001886,O00925,Valid,P033,Valid,1,Valid,0,Valid
OD001887,O00926,Valid,P074,Valid,1,Valid,0,Valid
OD001888,O00927,Valid,P003,Valid,1,Valid,0.25,Valid
OD001889,O00927,Valid,P147,Valid,2,Valid,0.05,Valid
OD001890,O00928,Valid,P023,Valid,1,Valid,0.25,Valid
OD001891,O00928,Valid,P088,Valid,2,Valid,0.15,Valid
OD001892,O00929,Valid,P083,Valid,4,Valid,0.05,Valid
OD001893,O00930,Valid,P098,Valid,1,Valid,0.25,Valid
OD001894,O00930,Valid,P102,Valid,2,Valid,0,Valid
OD001895,O00931,Valid,P062,Valid,1,Valid,0.1,Valid
OD001896,O00932,Valid,P071,Valid,4,Valid,0.2,Valid
OD001897,O00932,Valid,P035,Valid,2,Valid,0,Valid
OD001898,O00932,Valid,P062,Valid,1,Valid,0,Valid
OD001899,O00932,Valid,P095,Valid,2,Valid,0,Valid
OD001900,O00933,Valid,P074,Valid,2,Valid,0,Valid
OD001901,O00933,Valid,P014,Valid,1,Valid,0.25,Valid
OD001902,O00933,Valid,P068,Valid,1,Valid,0.1,Valid
OD001903,O00933,Valid,P140,Valid,4,Valid,0,Valid
OD001904,O00934,Valid,P082,Valid,1,Valid,0,Valid
OD001905,O00935,Valid,P015,Valid,2,Valid,0,Valid
OD001906,O00935,Valid,P116,Valid,3,Valid,0.25,Valid
OD001907,O00935,Valid,P146,Valid,2,Valid,0,Valid
OD001908,O00936,Valid,P005,Valid,1,Valid,0.15,Valid
OD001909,O00937,Valid,P032,Valid,4,Valid,0.05,Valid
OD001910,O00937,Valid,P127,Valid,1,Valid,0,Valid
OD001911,O00937,Valid,P136,Valid,1,Valid,0,Valid
OD001912,O00938,Valid,P141,Valid,2,Valid,0,Valid
OD001913,O00939,Valid,P072,Valid,1,Valid,0,Valid
OD001914,O00939,Valid,P082,Valid,1,Valid,0.25,Valid
OD001915,O00940,Valid,P072,Valid,2,Valid,0.25,Valid
OD001916,O00940,Valid,P046,Valid,2,Valid,0.05,Valid
OD001917,O00940,Valid,P111,Valid,1,Valid,0.25,Valid
OD001918,O00941,Valid,P128,Valid,2,Valid,0,Valid
OD001919,O00941,Valid,P013,Valid,3,Valid,0,Valid
OD001920,O00941,Valid,P029,Valid,4,Valid,0.2,Valid
OD001921,O00942,Valid,P007,Valid,3,Valid,0.25,Valid
OD001922,O00942,Valid,P136,Valid,1,Valid,0,Valid
OD001923,O00942,Valid,P106,Valid,2,Valid,0.1,Valid
OD001924,O00942,Valid,P088,Valid,2,Valid,0,Valid
OD001925,O00943,Valid,P111,Valid,3,Valid,0.05,Valid
OD001926,O00943,Valid,P103,Valid,2,Valid,0,Valid
OD001927,O00944,Valid,P120,Valid,1,Valid,0,Valid
OD001928,O00945,Valid,P016,Valid,3,Valid,0.25,Valid
OD001929,O00946,Valid,P092,Valid,4,Valid,0,Valid
OD001930,O00947,Valid,P113,Valid,1,Valid,0.05,Valid
OD001931,O00947,Valid,P138,Valid,3,Valid,0.15,Valid
OD001932,O00947,Valid,P017,Valid,3,Valid,0,Valid
OD001933,O00947,Valid,P007,Valid,1,Valid,0,Valid
OD001934,O00948,Valid,P124,Valid,4,Valid,0.2,Valid
OD001935,O00949,Valid,P033,Valid,1,Valid,0.05,Valid
OD001936,O00950,Valid,P082,Valid,2,Valid,0.2,Valid
OD001937,O00951,Valid,P050,Valid,2,Valid,0.05,Valid
OD001938,O00951,Valid,P031,Valid,1,Valid,0.15,Valid
OD001939,O00951,Valid,P109,Valid,3,Valid,0.25,Valid
OD001940,O00951,Valid,P007,Valid,1,Valid,0.25,Valid
OD001941,,Missing,P102,Valid,2,Valid,0.25,Valid
OD001942,O00953,Valid,P023,Valid,1,Valid,0,Valid
OD001943,O00953,Valid,P127,Valid,1,Valid,0,Valid
OD001944,O00953,Valid,P043,Valid,2,Valid,0.15,Valid
OD001945,O00954,Valid,P090,Valid,3,Valid,0,Valid
OD001946,O00955,Valid,P101,Valid,3,Valid,0,Valid
OD001947,O00955,Valid,P046,Valid,2,Valid,0.2,Valid
OD001948,O00956,Valid,P148,Valid,3,Valid,0.2,Valid
OD001949,O00957,Valid,P125,Valid,3,Valid,0.05,Valid
OD001950,O00957,Valid,P064,Valid,2,Valid,0.05,Valid
OD001951,O00957,Valid,P089,Valid,4,Valid,0.25,Valid
OD001952,O00957,Valid,P033,Valid,3,Valid,0.2,Valid
OD001953,O00958,Valid,P061,Valid,1,Valid,0,Valid
OD001954,O00959,Valid,P114,Valid,1,Valid,0.2,Valid
OD001955,O00960,Valid,P049,Valid,2,Valid,0.15,Valid
OD001956,O00960,Valid,P134,Valid,1,Valid,0,Valid
OD001957,O00961,Valid,P094,Valid,4,Valid,0.1,Valid
OD001958,O00962,Valid,P057,Valid,1,Valid,0,Valid
OD001959,O00962,Valid,P091,Valid,2,Valid,0.1,Valid
OD001960,O00962,Valid,P058,Valid,1,Valid,0.15,Valid
OD001961,O00963,Valid,P009,Valid,2,Valid,0.1,Valid
OD001962,O00964,Valid,P013,Valid,2,Valid,0.1,Valid
OD001963,O00965,Valid,P131,Valid,1,Valid,0.1,Valid
OD001964,O00966,Valid,P128,Valid,4,Valid,0.15,Valid
OD001965,O00966,Valid,P031,Valid,4,Valid,0,Valid
OD001966,O00967,Valid,P052,Valid,1,Valid,0.1,Valid
OD001967,O00967,Valid,P098,Valid,1,Valid,0,Valid
OD001968,O00967,Valid,P010,Valid,0,Invalid,0,Valid
OD001969,O00967,Valid,P026,Valid,1,Valid,0.2,Valid
OD001970,O00968,Valid,P142,Valid,3,Valid,0,Valid
OD001971,O00968,Valid,P057,Valid,3,Valid,0,Valid
OD001972,O00968,Valid,P143,Valid,4,Valid,0.1,Valid
OD001973,O00968,Valid,P144,Valid,3,Valid,0.25,Valid
OD001974,O00969,Valid,P112,Valid,4,Valid,0.1,Valid
OD001975,O00969,Valid,P068,Valid,2,Valid,0,Valid
OD001976,O00969,Valid,P137,Valid,1,Valid,0.1,Valid
OD001977,O00969,Valid,P067,Valid,4,Valid,0.05,Valid
OD001978,O00970,Valid,P038,Valid,1,Valid,0,Valid
OD001979,O00971,Valid,P040,Valid,3,Valid,0.15,Valid
OD001980,O00971,Valid,P037,Valid,1,Valid,0.2,Valid
OD001981,O00971,Valid,P042,Valid,1,Valid,0.25,Valid
OD001982,O00972,Valid,P075,Valid,1,Valid,0.05,Valid
OD001983,O00972,Valid,P065,Valid,-2,Invalid,0.2,Valid
OD001984,O00973,Valid,P145,Valid,3,Valid,0.05,Valid
OD001985,O00973,Valid,P040,Valid,2,Valid,0,Valid
OD001986,O00973,Valid,P048,Valid,2,Valid,0,Valid
OD001987,O00973,Valid,P046,Valid,4,Valid,0.15,Valid
OD001988,O00974,Valid,P055,Valid,1,Valid,0.2,Valid
OD001989,O00975,Valid,P100,Valid,1,Valid,0.25,Valid
OD001990,O00976,Valid,P123,Valid,4,Valid,0.2,Valid
OD001991,O00976,Valid,P063,Valid,1,Valid,0.15,Valid
OD001992,O00976,Valid,P018,Valid,1,Valid,0.05,Valid
OD001993,O00977,Valid,P126,Valid,1,Valid,0.25,Valid
OD001994,O00977,Valid,P071,Valid,1,Valid,0,Valid
OD001995,O00978,Valid,P081,Valid,4,Valid,0.15,Valid
OD001996,O00978,Valid,P059,Valid,1,Valid,0.25,Valid
OD001997,O00979,Valid,P144,Valid,1,Valid,0,Valid
OD001998,O00980,Valid,P019,Valid,1,Valid,0.25,Valid
OD001999,O00981,Valid,P045,Valid,3,Valid,0,Valid
OD002000,O00981,Valid,P103,Valid,2,Valid,0.25,Valid
OD002001,O00982,Valid,P103,Valid,1,Valid,0.15,Valid
OD002002,O00983,Valid,P122,Valid,1,Valid,0.2,Valid
OD002003,O00983,Valid,P094,Valid,1,Valid,0.25,Valid
OD002004,O00983,Valid,P099,Valid,2,Valid,0,Valid
OD002005,O00983,Valid,P017,Valid,1,Valid,0.05,Valid
OD002006,O00984,Valid,P146,Valid,1,Valid,0.25,Valid
OD002007,O00985,Valid,P018,Valid,1,Valid,0,Valid
OD002008,O00986,Valid,P069,Valid,1,Valid,0.15,Valid
OD002009,O00986,Valid,P019,Valid,4,Valid,0.2,Valid
OD002010,O00987,Valid,P085,Valid,2,Valid,0.05,Valid
OD002011,O00988,Valid,P146,Valid,3,Valid,0,Valid
OD002012,O00989,Valid,P097,Valid,2,Valid,0.05,Valid
OD002013,O00989,Valid,P055,Valid,2,Valid,0.15,Valid
OD002014,O00990,Valid,P092,Valid,1,Valid,0.1,Valid
OD002015,O00990,Valid,P048,Valid,4,Valid,0,Valid
OD002016,O00991,Valid,P036,Valid,2,Valid,0,Valid
OD002017,O00991,Valid,P005,Valid,3,Valid,0,Valid
OD002018,O00991,Valid,P065,Valid,1,Valid,0.15,Valid
OD002019,O00991,Valid,P044,Valid,4,Valid,0.2,Valid
OD002020,O00992,Valid,P025,Valid,3,Valid,0.2,Valid
OD002021,O00992,Valid,P035,Valid,1,Valid,0,Valid
OD002022,O00993,Valid,P019,Valid,1,Valid,0.15,Valid
OD002023,O00994,Valid,P111,Valid,2,Valid,0.1,Valid
OD002024,O00995,Valid,P137,Valid,3,Valid,0.1,Valid
OD002025,O00995,Valid,P146,Valid,2,Valid,0,Valid
OD002026,O00996,Valid,P134,Valid,1,Valid,0,Valid
OD002027,O00996,Valid,P122,Valid,1,Valid,0.1,Valid
OD002028,O00997,Valid,P124,Valid,1,Valid,0.25,Valid
OD002029,O00997,Valid,P060,Valid,2,Valid,0.25,Valid
OD002030,O00998,Valid,P034,Valid,2,Valid,0.2,Valid
OD002031,O00999,Valid,P008,Valid,1,Valid,0.2,Valid
OD002032,O00999,Valid,P118,Valid,2,Valid,0.15,Valid
OD002033,O01000,Valid,P122,Valid,2,Valid,0.05,Valid
OD002034,O01000,Valid,P140,Valid,1,Valid,0.25,Valid
OD002035,O01001,Valid,P054,Valid,1,Valid,0,Valid
OD002036,O01001,Valid,P147,Valid,2,Valid,0,Valid
OD002037,O01001,Valid,P080,Valid,3,Valid,0.25,Valid
OD002038,O01002,Valid,P085,Valid,1,Valid,0,Valid
OD002039,O01002,Valid,P080,Valid,2,Valid,0.2,Valid
OD002040,O01003,Valid,P149,Valid,1,Valid,0,Valid
OD002041,O01003,Valid,P086,Valid,1,Valid,0,Valid
OD002042,O01003,Valid,P047,Valid,1,Valid,0,Valid
OD002043,O01004,Valid,P018,Valid,4,Valid,0,Valid
OD002044,O01004,Valid,P091,Valid,4,Valid,0.05,Valid
OD002045,O01005,Valid,P097,Valid,1,Valid,0.15,Valid
OD002046,O01005,Valid,P070,Valid,3,Valid,0.1,Valid
OD002047,O01006,Valid,P073,Valid,1,Valid,0,Valid
OD002048,O01006,Valid,P123,Valid,2,Valid,0.15,Valid
OD002049,O01006,Valid,P002,Valid,2,Valid,0.1,Valid
OD002050,O01006,Valid,P013,Valid,1,Valid,0.05,Valid
OD002051,O01007,Valid,P112,Valid,2,Valid,0.05,Valid
OD002052,O01007,Valid,P128,Valid,2,Valid,0.1,Valid
OD002053,O01008,Valid,P116,Valid,1,Valid,0.1,Valid
OD002054,O01008,Valid,P080,Valid,4,Valid,0,Valid
OD002055,O01009,Valid,P089,Valid,3,Valid,0,Valid
OD002056,O01009,Valid,P110,Valid,1,Valid,0.25,Valid
OD002057,O01010,Valid,P009,Valid,1,Valid,0.1,Valid
OD002058,O01011,Valid,P091,Valid,1,Valid,0.2,Valid
OD002059,O01012,Valid,P121,Valid,1,Valid,0,Valid
OD002060,O01013,Valid,P099,Valid,2,Valid,0.1,Valid
OD002061,O01013,Valid,P070,Valid,2,Valid,0,Valid
OD002062,O01014,Valid,P113,Valid,1,Valid,0.2,Valid
OD002063,O01014,Valid,P021,Valid,2,Valid,0.2,Valid
OD002064,O01015,Valid,P036,Valid,2,Valid,0.2,Valid
OD002065,O01016,Valid,P058,Valid,1,Valid,0,Valid
OD002066,O01016,Valid,P083,Valid,3,Valid,0.05,Valid
OD002067,O01017,Valid,P120,Valid,1,Valid,0.05,Valid
OD002068,O01017,Valid,P003,Valid,1,Valid,0,Valid
OD002069,O01018,Valid,P136,Valid,1,Valid,0.1,Valid
OD002070,O01019,Valid,P053,Valid,1,Valid,0,Valid
OD002071,O01019,Valid,P110,Valid,1,Valid,0.25,Valid
OD002072,O01020,Valid,P075,Valid,2,Valid,0.15,Valid
OD002073,O01021,Valid,P144,Valid,1,Valid,0.05,Valid
OD002074,O01021,Valid,P146,Valid,2,Valid,0.2,Valid
OD002075,O01021,Valid,P086,Valid,2,Valid,0,Valid
OD002076,O01021,Valid,P101,Valid,1,Valid,0.05,Valid
OD002077,O01022,Valid,P068,Valid,3,Valid,0.05,Valid
OD002078,O01022,Valid,P075,Valid,4,Valid,0,Valid
OD002079,O01022,Valid,P057,Valid,4,Valid,0.05,Valid
OD002080,O01022,Valid,P079,Valid,2,Valid,0,Valid
OD002081,O01023,Valid,P146,Valid,4,Valid,0.15,Valid
OD002082,O01023,Valid,P063,Valid,1,Valid,0.25,Valid
OD002083,O01024,Valid,P067,Valid,2,Valid,0.05,Valid
OD002084,O01024,Valid,P071,Valid,1,Valid,0.15,Valid
OD002085,O01024,Valid,P149,Valid,1,Valid,0.1,Valid
OD002086,O01025,Valid,P005,Valid,2,Valid,0.25,Valid
OD002087,O01026,Valid,P144,Valid,1,Valid,0,Valid
OD002088,O01026,Valid,P044,Valid,2,Valid,0.05,Valid
OD002089,O01026,Valid,P038,Valid,2,Valid,0.1,Valid
OD002090,O01027,Valid,P123,Valid,3,Valid,0,Valid
OD002091,O01028,Valid,P137,Valid,2,Valid,0.25,Valid
OD002092,O01028,Valid,P134,Valid,1,Valid,0,Valid
OD002093,O01029,Valid,P041,Valid,1,Valid,0,Valid
OD002094,O01030,Valid,P147,Valid,3,Valid,0,Valid
OD002095,O01030,Valid,P115,Valid,1,Valid,0.25,Valid
OD002096,O01030,Valid,P034,Valid,2,Valid,0.25,Valid
OD002097,O01030,Valid,P016,Valid,1,Valid,0.1,Valid
OD002098,O01031,Valid,P078,Valid,4,Valid,0.15,Valid
OD002099,O01032,Valid,P050,Valid,1,Valid,0.2,Valid
OD002100,O01033,Valid,P106,Valid,2,Valid,0.25,Valid
OD002101,O01033,Valid,P095,Valid,2,Valid,0,Valid
OD002102,O01033,Valid,P087,Valid,4,Valid,0.25,Valid
OD002103,O01034,Valid,P010,Valid,1,Valid,0,Valid
OD002104,O01035,Valid,P078,Valid,1,Valid,0.15,Valid
OD002105,O01036,Valid,P078,Valid,1,Valid,0,Valid
OD002106,O01036,Valid,P098,Valid,3,Valid,0.15,Valid
OD002107,O01037,Valid,P146,Valid,1,Valid,0.25,Valid
OD002108,O01038,Valid,P037,Valid,3,Valid,0.25,Valid
OD002109,O01039,Valid,P028,Valid,1,Valid,0.25,Valid
OD002110,O01040,Valid,P053,Valid,3,Valid,0.25,Valid
OD002111,O01041,Valid,P086,Valid,4,Valid,0.05,Valid
OD002112,O01041,Valid,P101,Valid,2,Valid,0.2,Valid
OD002113,O01042,Valid,P101,Valid,1,Valid,0.15,Valid
OD002114,O01042,Valid,P049,Valid,1,Valid,0.2,Valid
OD002115,O01043,Valid,P121,Valid,2,Valid,0.25,Valid
OD002116,O01043,Valid,P001,Valid,1,Valid,0.15,Valid
OD002117,O01043,Valid,P143,Valid,2,Valid,0,Valid
OD002118,O01044,Valid,P067,Valid,3,Valid,0.05,Valid
OD002119,O01045,Valid,P077,Valid,1,Valid,0.2,Valid
OD002120,O01045,Valid,P049,Valid,1,Valid,0.1,Valid
OD002121,O01046,Valid,P057,Valid,1,Valid,0,Valid
OD002122,O01046,Valid,P022,Valid,2,Valid,0.15,Valid
OD002123,O01047,Valid,P013,Valid,1,Valid,0.05,Valid
OD002124,O01048,Valid,P049,Valid,4,Valid,0.1,Valid
OD002125,O01049,Valid,P035,Valid,1,Valid,0.25,Valid
OD002126,O01050,Valid,P050,Valid,1,Valid,0.1,Valid
OD002127,O01051,Valid,P047,Valid,1,Valid,0.1,Valid
OD002128,O01052,Valid,P028,Valid,1,Valid,0.05,Valid
OD002129,O01053,Valid,P116,Valid,3,Valid,0.15,Valid
OD002130,O01054,Valid,P130,Valid,4,Valid,0.25,Valid
OD002131,O01054,Valid,P102,Valid,2,Valid,0.25,Valid
OD002132,O01055,Valid,P009,Valid,2,Valid,0.25,Valid
OD002133,O01056,Valid,P081,Valid,4,Valid,0.05,Valid
OD002134,O01056,Valid,P037,Valid,2,Valid,0.25,Valid
OD002135,O01056,Valid,P146,Valid,2,Valid,0,Valid
OD002136,O01057,Valid,P023,Valid,3,Valid,0.2,Valid
OD002137,O01058,Valid,P113,Valid,1,Valid,0.1,Valid
OD002138,O01058,Valid,P074,Valid,1,Valid,0,Valid
OD002139,O01059,Valid,P078,Valid,1,Valid,0.25,Valid
OD002140,O01060,Valid,P015,Valid,1,Valid,0,Valid
OD002141,O01061,Valid,P094,Valid,1,Valid,0,Valid
OD002142,O01061,Valid,P013,Valid,4,Valid,0.15,Valid
OD002143,O01062,Valid,P072,Valid,2,Valid,0.05,Valid
OD002144,O01062,Valid,P109,Valid,1,Valid,0.1,Valid
OD002145,O01063,Valid,P087,Valid,1,Valid,0.15,Valid
OD002146,O01063,Valid,P041,Valid,1,Valid,0.15,Valid
OD002147,O01063,Valid,P051,Valid,4,Valid,0,Valid
OD002148,O01063,Valid,P052,Valid,1,Valid,0,Valid
OD002149,O01064,Valid,P035,Valid,1,Valid,0.1,Valid
OD002150,O01065,Valid,P028,Valid,1,Valid,0,Valid
OD002151,O01065,Valid,P056,Valid,1,Valid,0,Valid
OD002152,O01066,Valid,P051,Valid,1,Valid,0.5,Valid
OD002153,O01067,Valid,P113,Valid,3,Valid,0.2,Valid
OD002154,O01067,Valid,P018,Valid,1,Valid,0.2,Valid
OD002155,O01068,Valid,P117,Valid,4,Valid,0,Valid
OD002156,O01068,Valid,P094,Valid,2,Valid,0.25,Valid
OD002157,O01069,Valid,P037,Valid,2,Valid,0.15,Valid
OD002158,O01069,Valid,P123,Valid,1,Valid,0.25,Valid
OD002159,O01070,Valid,P081,Valid,1,Valid,0.2,Valid
OD002160,O01070,Valid,P064,Valid,1,Valid,0,Valid
OD002161,O01070,Valid,P015,Valid,1,Valid,0,Valid
OD002162,O01070,Valid,P045,Valid,1,Valid,0,Valid
OD002163,O01071,Valid,P149,Valid,4,Valid,0.1,Valid
OD002164,O01071,Valid,P143,Valid,1,Valid,0,Valid
OD002165,O01071,Valid,P067,Valid,1,Valid,0,Valid
OD002166,O01072,Valid,P034,Valid,1,Valid,0,Valid
OD002167,O01073,Valid,P076,Valid,1,Valid,0.25,Valid
OD002168,O01073,Valid,P118,Valid,2,Valid,0.25,Valid
OD002169,O01074,Valid,P005,Valid,3,Valid,0,Valid
OD002170,O01074,Valid,P024,Valid,1,Valid,0.2,Valid
OD002171,O01074,Valid,P117,Valid,4,Valid,0,Valid
OD002172,O01075,Valid,P014,Valid,1,Valid,0,Valid
OD002173,O01076,Valid,P106,Valid,3,Valid,0.15,Valid
OD002174,O01076,Valid,P067,Valid,2,Valid,0.2,Valid
OD002175,O01077,Valid,P027,Valid,4,Valid,0.05,Valid
OD002176,O01077,Valid,P122,Valid,2,Valid,0,Valid
OD002177,O01077,Valid,P127,Valid,2,Valid,0.25,Valid
OD002178,O01077,Valid,P083,Valid,4,Valid,0.15,Valid
OD002179,O01078,Valid,P047,Valid,1,Valid,0.2,Valid
OD002180,O01078,Valid,P068,Valid,2,Valid,0,Valid
OD002181,O01078,Valid,P013,Valid,2,Valid,0.25,Valid
OD002182,O01078,Valid,P099,Valid,2,Valid,0,Valid
OD002183,O01079,Valid,P121,Valid,4,Valid,0,Valid
OD002184,O01079,Valid,P038,Valid,1,Valid,0,Valid
OD002185,O01079,Valid,P087,Valid,1,Valid,0.15,Valid
OD002186,O01079,Valid,P130,Valid,1,Valid,0.25,Valid
OD002187,O01080,Valid,P088,Valid,2,Valid,0.25,Valid
OD002188,O01080,Valid,P099,Valid,2,Valid,0.05,Valid
OD002189,O01081,Valid,P066,Valid,1,Valid,0.1,Valid
OD002190,O01081,Valid,P130,Valid,1,Valid,0.2,Valid
OD002191,O01081,Valid,P038,Valid,1,Valid,0.1,Valid
OD002192,O01082,Valid,P020,Valid,1,Valid,0,Valid
OD002193,O01082,Valid,P048,Valid,1,Valid,0,Valid
OD002194,O01083,Valid,P031,Valid,2,Valid,0.1,Valid
OD002195,O01084,Valid,P011,Valid,3,Valid,0.05,Valid
OD002196,O01084,Valid,P061,Valid,3,Valid,0.15,Valid
OD002197,O01085,Valid,P013,Valid,2,Valid,0.25,Valid
OD002198,O01085,Valid,P019,Valid,1,Valid,0.25,Valid
OD002199,O01086,Valid,P125,Valid,2,Valid,0,Valid
OD002200,O01086,Valid,P075,Valid,1,Valid,0,Valid
OD002201,O01086,Valid,P010,Valid,2,Valid,0.15,Valid
OD002202,O01086,Valid,P058,Valid,2,Valid,0.05,Valid
OD002203,O01087,Valid,P091,Valid,3,Valid,0.25,Valid
OD002204,O01087,Valid,P046,Valid,1,Valid,0.1,Valid
OD002205,O01087,Valid,P082,Valid,1,Valid,0,Valid
OD002206,O01088,Valid,P037,Valid,2,Valid,0.1,Valid
OD002207,O01089,Valid,P066,Valid,2,Valid,0.1,Valid
OD002208,O01089,Valid,P064,Valid,1,Valid,0,Valid
OD002209,O01089,Valid,P057,Valid,1,Valid,0.05,Valid
OD002210,O01090,Valid,P075,Valid,2,Valid,0,Valid
OD002211,O01090,Valid,P039,Valid,2,Valid,0.2,Valid
OD002212,O01090,Valid,P037,Valid,1,Valid,0.2,Valid
OD002213,O01090,Valid,P029,Valid,4,Valid,0.05,Valid
OD002214,O01091,Valid,P098,Valid,1,Valid,0.2,Valid
OD002215,O01091,Valid,P050,Valid,3,Valid,0,Valid
OD002216,O01092,Valid,P139,Valid,1,Valid,0.05,Valid
OD002217,O01092,Valid,P051,Valid,1,Valid,0.1,Valid
OD002218,O01092,Valid,P052,Valid,4,Valid,0,Valid
OD002219,O01093,Valid,P129,Valid,4,Valid,0.15,Valid
OD002220,O01094,Valid,P131,Valid,1,Valid,0,Valid
OD002221,O01094,Valid,P149,Valid,1,Valid,0.1,Valid
OD002222,O01095,Valid,P043,Valid,1,Valid,0.25,Valid
OD002223,O01096,Valid,P097,Valid,4,Valid,0.15,Valid
OD002224,O01097,Valid,P090,Valid,1,Valid,0.25,Valid
OD002225,O01097,Valid,P019,Valid,3,Valid,0.1,Valid
OD002226,O01097,Valid,P081,Valid,2,Valid,0.05,Valid
OD002227,O01098,Valid,P047,Valid,2,Valid,0.2,Valid
OD002228,O01098,Valid,P102,Valid,3,Valid,0,Valid
OD002229,O01099,Valid,P082,Valid,2,Valid,0,Valid
OD002230,O01100,Valid,P048,Valid,2,Valid,0.1,Valid
OD002231,O01101,Valid,P082,Valid,1,Valid,0.05,Valid
OD002232,O01101,Valid,P044,Valid,2,Valid,0,Valid
OD002233,O01102,Valid,P108,Valid,1,Valid,0.1,Valid
OD002234,O01103,Valid,P139,Valid,1,Valid,0,Valid
OD002235,O01104,Valid,P035,Valid,3,Valid,0,Valid
OD002236,O01104,Valid,P008,Valid,1,Valid,0.15,Valid
OD002237,O01104,Valid,P095,Valid,1,Valid,0,Valid
OD002238,O01104,Valid,P147,Valid,1,Valid,0.05,Valid
OD002239,O01105,Valid,P106,Valid,2,Valid,0.05,Valid
OD002240,O01105,Valid,P056,Valid,1,Valid,0.25,Valid
OD002241,O01105,Valid,P011,Valid,3,Valid,0.2,Valid
OD002242,O01105,Valid,P039,Valid,2,Valid,0.1,Valid
OD002243,O01106,Valid,P112,Valid,1,Valid,0.1,Valid
OD002244,O01107,Valid,P040,Valid,4,Valid,0.15,Valid
OD002245,O01107,Valid,P105,Valid,3,Valid,0.05,Valid
OD002246,O01107,Valid,P045,Valid,3,Valid,0.25,Valid
OD002247,O01108,Valid,P011,Valid,2,Valid,0.1,Valid
OD002248,O01109,Valid,P086,Valid,3,Valid,0.05,Valid
OD002249,O01110,Valid,P132,Valid,3,Valid,0.2,Valid
OD002250,O01110,Valid,P007,Valid,2,Valid,0.05,Valid
OD002251,O01111,Valid,P050,Valid,1,Valid,0.2,Valid
OD002252,O01112,Valid,P058,Valid,3,Valid,0.15,Valid
OD002253,O01113,Valid,P011,Valid,2,Valid,0.25,Valid
OD002254,O01113,Valid,P012,Valid,4,Valid,0,Valid
OD002255,O01113,Valid,P070,Valid,3,Valid,0.25,Valid
OD002256,O01113,Valid,P147,Valid,1,Valid,0,Valid
OD002257,O01114,Valid,P022,Valid,4,Valid,0,Valid
OD002258,O01114,Valid,P046,Valid,4,Valid,0,Valid
OD002259,O01114,Valid,P039,Valid,1,Valid,0.2,Valid
OD002260,O01114,Valid,P025,Valid,1,Valid,0.15,Valid
OD002261,O01115,Valid,P029,Valid,1,Valid,0.25,Valid
OD002262,O01115,Valid,P096,Valid,2,Valid,0.15,Valid
OD002263,O01115,Valid,P138,Valid,2,Valid,0.15,Valid
OD002264,O01116,Valid,P103,Valid,1,Valid,0,Valid
OD002265,O01116,Valid,P077,Valid,4,Valid,0.15,Valid
OD002266,O01117,Valid,P136,Valid,1,Valid,0.05,Valid
OD002267,O01118,Valid,P138,Valid,2,Valid,0.05,Valid
OD002268,O01118,Valid,P015,Valid,1,Valid,0.25,Valid
OD002269,O01119,Valid,P001,Valid,1,Valid,0.25,Valid
OD002270,O01120,Valid,P046,Valid,2,Valid,0.1,Valid
OD002271,O01120,Valid,P146,Valid,2,Valid,0.2,Valid
OD002272,O01121,Valid,P123,Valid,4,Valid,0.05,Valid
OD002273,O01121,Valid,P063,Valid,2,Valid,0.05,Valid
OD002274,O01122,Valid,P100,Valid,4,Valid,0.2,Valid
OD002275,O01122,Valid,P103,Valid,1,Valid,0.15,Valid
OD002276,O01122,Valid,P073,Valid,2,Valid,0.2,Valid
OD002277,O01122,Valid,P080,Valid,1,Valid,0,Valid
OD002278,O01123,Valid,P047,Valid,1,Valid,0.15,Valid
OD002279,O01124,Valid,P112,Valid,4,Valid,0,Valid
OD002280,O01125,Valid,P020,Valid,1,Valid,0,Valid
OD002281,O01126,Valid,P079,Valid,3,Valid,0,Valid
OD002282,O01127,Valid,P073,Valid,1,Valid,0.15,Valid
OD002283,O01128,Valid,P137,Valid,1,Valid,0.25,Valid
OD002284,O01129,Valid,P073,Valid,3,Valid,0.1,Valid
OD002285,O01130,Valid,P146,Valid,1,Valid,0.1,Valid
OD002286,O01130,Valid,P029,Valid,4,Valid,0.15,Valid
OD002287,O01131,Valid,P040,Valid,2,Valid,0.15,Valid
OD002288,O01131,Valid,P105,Valid,2,Valid,0.15,Valid
OD002289,O01132,Valid,P148,Valid,3,Valid,0.15,Valid
OD002290,O01133,Valid,P042,Valid,2,Valid,0.2,Valid
OD002291,O01134,Valid,P029,Valid,3,Valid,0.15,Valid
OD002292,O01135,Valid,P015,Valid,1,Valid,0.1,Valid
OD002293,O01136,Valid,P105,Valid,3,Valid,0.2,Valid
OD002294,O01136,Valid,P006,Valid,3,Valid,0,Valid
OD002295,O01137,Valid,P001,Valid,1,Valid,0,Valid
OD002296,O01137,Valid,P016,Valid,3,Valid,0,Valid
OD002297,O01137,Valid,P002,Valid,2,Valid,0.05,Valid
OD002298,O01138,Valid,P140,Valid,2,Valid,0,Valid
OD002299,O01139,Valid,P025,Valid,1,Valid,0.25,Valid
OD002300,O01139,Valid,P001,Valid,1,Valid,0.05,Valid
OD002301,O01139,Valid,P083,Valid,1,Valid,0.15,Valid
OD002302,O01139,Valid,P012,Valid,1,Valid,0.15,Valid
OD002303,O01140,Valid,P001,Valid,3,Valid,0,Valid
OD002304,O01140,Valid,P091,Valid,2,Valid,0.25,Valid
OD002305,O01140,Valid,P142,Valid,4,Valid,0.15,Valid
OD002306,O01141,Valid,P145,Valid,4,Valid,0.15,Valid
OD002307,O01142,Valid,P016,Valid,2,Valid,0.1,Valid
OD002308,O01143,Valid,P111,Valid,4,Valid,0.1,Valid
OD002309,O01143,Valid,P042,Valid,4,Valid,0.1,Valid
OD002310,O01144,Valid,P059,Valid,1,Valid,0.25,Valid
OD002311,O01145,Valid,P053,Valid,2,Valid,0.1,Valid
OD002312,O01145,Valid,P129,Valid,3,Valid,0.25,Valid
OD002313,O01146,Valid,P055,Valid,4,Valid,0.1,Valid
OD002314,O01147,Valid,P022,Valid,1,Valid,0.2,Valid
OD002315,O01147,Valid,P130,Valid,1,Valid,0.2,Valid
OD002316,O01148,Valid,P104,Valid,2,Valid,0.1,Valid
OD002317,O01148,Valid,P046,Valid,1,Valid,0,Valid
OD002318,O01149,Valid,P142,Valid,4,Valid,0,Valid
OD002319,O01149,Valid,P079,Valid,1,Valid,0,Valid
OD002320,O01150,Valid,P040,Valid,3,Valid,,Missing
OD002321,O01151,Valid,P041,Valid,1,Valid,0.2,Valid
OD002322,O01151,Valid,P052,Valid,2,Valid,0.25,Valid
OD002323,O01151,Valid,P058,Valid,2,Valid,0.2,Valid
OD002324,O01151,Valid,P040,Valid,1,Valid,0.05,Valid
OD002325,O01152,Valid,P119,Valid,3,Valid,0.15,Valid
OD002326,O01153,Valid,P017,Valid,1,Valid,0.2,Valid
OD002327,O01153,Valid,P136,Valid,4,Valid,0.2,Valid
OD002328,O01153,Valid,P123,Valid,3,Valid,0,Valid
OD002329,O01154,Valid,P124,Valid,2,Valid,0,Valid
OD002330,O01154,Valid,P127,Valid,3,Valid,0,Valid
OD002331,O01155,Valid,P095,Valid,1,Valid,0,Valid
OD002332,O01155,Valid,P149,Valid,3,Valid,0.15,Valid
OD002333,O01156,Valid,P026,Valid,1,Valid,0.25,Valid
OD002334,O01156,Valid,P069,Valid,1,Valid,0.15,Valid
OD002335,O01157,Valid,P120,Valid,2,Valid,0.1,Valid
OD002336,O01158,Valid,P030,Valid,2,Valid,0.2,Valid
OD002337,O01158,Valid,P118,Valid,1,Valid,0.05,Valid
OD002338,O01159,Valid,P108,Valid,4,Valid,0.15,Valid
OD002339,O01159,Valid,P149,Valid,3,Valid,0,Valid
OD002340,O01160,Valid,P077,Valid,3,Valid,0.1,Valid
OD002341,O01160,Valid,P090,Valid,1,Valid,0.2,Valid
OD002342,O01161,Valid,P005,Valid,2,Valid,0.05,Valid
OD002343,O01161,Valid,P039,Valid,3,Valid,0.25,Valid
OD002344,O01161,Valid,P101,Valid,2,Valid,0.15,Valid
OD002345,O01162,Valid,P044,Valid,2,Valid,0.25,Valid
OD002346,O01162,Valid,P091,Valid,1,Valid,0,Valid
OD002347,O01163,Valid,P115,Valid,1,Valid,0.05,Valid
OD002348,O01164,Valid,P130,Valid,1,Valid,0.05,Valid
OD002349,O01164,Valid,P145,Valid,1,Valid,0,Valid
OD002350,O01165,Valid,P070,Valid,3,Valid,0.2,Valid
OD002351,O01165,Valid,P112,Valid,1,Valid,0.25,Valid
OD002352,O01166,Valid,P077,Valid,2,Valid,0.25,Valid
OD002353,O01166,Valid,P035,Valid,2,Valid,0,Valid
OD002354,O01167,Valid,P069,Valid,1,Valid,0.25,Valid
OD002355,O01167,Valid,P122,Valid,2,Valid,0.1,Valid
OD002356,O01168,Valid,P078,Valid,4,Valid,0.1,Valid
OD002357,O01168,Valid,P017,Valid,2,Valid,0.15,Valid
OD002358,O01169,Valid,P125,Valid,2,Valid,0,Valid
OD002359,O01169,Valid,P006,Valid,2,Valid,0.25,Valid
OD002360,O01170,Valid,P118,Valid,3,Valid,0.2,Valid
OD002361,O01170,Valid,P079,Valid,2,Valid,0.05,Valid
OD002362,O01171,Valid,P091,Valid,1,Valid,0.1,Valid
OD002363,O01171,Valid,P147,Valid,1,Valid,0,Valid
OD002364,O01172,Valid,P050,Valid,4,Valid,0.05,Valid
OD002365,O01172,Valid,P130,Valid,1,Valid,0.1,Valid
OD002366,O01173,Valid,P063,Valid,4,Valid,0.1,Valid
OD002367,O01173,Valid,P074,Valid,2,Valid,0.2,Valid
OD002368,O01174,Valid,P053,Valid,2,Valid,0.2,Valid
OD002369,O01175,Valid,P138,Valid,1,Valid,0.1,Valid
OD002370,O01175,Valid,P137,Valid,1,Valid,0.25,Valid
OD002371,O01176,Valid,P137,Valid,1,Valid,0.05,Valid
OD002372,O01176,Valid,P008,Valid,1,Valid,0,Valid
OD002373,O01177,Valid,P043,Valid,1,Valid,0,Valid
OD002374,O01177,Valid,P132,Valid,1,Valid,0.25,Valid
OD002375,O01177,Valid,P101,Valid,1,Valid,0,Valid
OD002376,O01177,Valid,P003,Valid,2,Valid,0,Valid
OD002377,O01178,Valid,P011,Valid,2,Valid,1.2,Invalid
OD002378,O01178,Valid,P102,Valid,2,Valid,0.15,Valid
OD002379,O01179,Valid,P005,Valid,4,Valid,0.15,Valid
OD002380,O01180,Valid,P070,Valid,2,Valid,0.25,Valid
OD002381,O01181,Valid,P092,Valid,2,Valid,0,Valid
OD002382,O01182,Valid,P057,Valid,2,Valid,0.15,Valid
OD002383,O01182,Valid,P001,Valid,1,Valid,0.25,Valid
OD002384,O01182,Valid,P143,Valid,3,Valid,0.25,Valid
OD002385,O01182,Valid,P139,Valid,1,Valid,0.05,Valid
OD002386,O01183,Valid,P079,Valid,2,Valid,0,Valid
OD002387,O01183,Valid,P139,Valid,2,Valid,0.15,Valid
OD002388,O01184,Valid,P122,Valid,2,Valid,0.05,Valid
OD002389,O01184,Valid,P068,Valid,2,Valid,0.25,Valid
OD002390,O01184,Valid,P028,Valid,1,Valid,0,Valid
OD002391,O01185,Valid,P115,Valid,4,Valid,0.05,Valid
OD002392,O01186,Valid,P013,Valid,1,Valid,0,Valid
OD002393,O01187,Valid,P089,Valid,3,Valid,0.1,Valid
OD002394,O01188,Valid,P104,Valid,1,Valid,0.05,Valid
OD002395,O01188,Valid,P027,Valid,2,Valid,0.05,Valid
OD002396,O01188,Valid,P092,Valid,1,Valid,0.15,Valid
OD002397,O01188,Valid,P053,Valid,1,Valid,0.25,Valid
OD002398,O01189,Valid,P050,Valid,2,Valid,0.2,Valid
OD002399,O01189,Valid,P113,Valid,4,Valid,0.05,Valid
OD002400,O01190,Valid,P115,Valid,1,Valid,0.15,Valid
OD002401,O01190,Valid,P146,Valid,4,Valid,0.1,Valid
OD002402,O01191,Valid,P005,Valid,2,Valid,0,Valid
OD002403,O01191,Valid,P031,Valid,2,Valid,0.2,Valid
OD002404,O01191,Valid,P136,Valid,4,Valid,0,Valid
OD002405,O01192,Valid,P029,Valid,3,Valid,0.25,Valid
OD002406,O01193,Valid,P110,Valid,1,Valid,0.2,Valid
OD002407,O01194,Valid,P013,Valid,1,Valid,0.05,Valid
OD002408,O01195,Valid,P078,Valid,1,Valid,0,Valid
OD002409,O01196,Valid,P012,Valid,2,Valid,0.05,Valid
OD002410,O01196,Valid,P101,Valid,3,Valid,0.05,Valid
OD002411,O01197,Valid,P144,Valid,4,Valid,0.05,Valid
OD002412,O01197,Valid,P103,Valid,1,Valid,0.05,Valid
OD002413,O01198,Valid,P097,Valid,1,Valid,0.25,Valid
OD002414,O01199,Valid,P033,Valid,2,Valid,0.15,Valid
OD002415,O01199,Valid,P030,Valid,2,Valid,0.25,Valid
OD002416,O01199,Valid,P083,Valid,2,Valid,0,Valid
OD002417,O01199,Valid,P089,Valid,1,Valid,0.1,Valid
OD002418,O01200,Valid,P046,Valid,2,Valid,0,Valid
OD002419,O01200,Valid,P048,Valid,1,Valid,0,Valid
OD002420,O01200,Valid,P047,Valid,1,Valid,0.2,Valid
OD002421,O01200,Valid,P032,Valid,3,Valid,0.2,Valid
OD002422,O01201,Valid,P113,Valid,4,Valid,0,Valid
OD002423,O01202,Valid,P128,Valid,1,Valid,0.1,Valid
OD002424,O01203,Valid,,Missing,1,Valid,0.2,Valid
OD002425,O01203,Valid,P139,Valid,4,Valid,0.05,Valid
OD002426,O01204,Valid,P058,Valid,2,Valid,0.1,Valid
OD002427,O01205,Valid,P044,Valid,1,Valid,0.25,Valid
OD002428,O01206,Valid,P060,Valid,1,Valid,0.1,Valid
OD002429,O01206,Valid,P137,Valid,4,Valid,0,Valid
OD002430,O01206,Valid,P058,Valid,1,Valid,0.05,Valid
OD002431,O01206,Valid,P081,Valid,1,Valid,0.2,Valid
OD002432,O01207,Valid,P056,Valid,1,Valid,0,Valid
OD002433,O01208,Valid,P015,Valid,2,Valid,0,Valid
OD002434,O01208,Valid,P001,Valid,3,Valid,0,Valid
OD002435,O01208,Valid,P064,Valid,1,Valid,0.25,Valid
OD002436,O01209,Valid,P121,Valid,1,Valid,0.25,Valid
OD002437,O01210,Valid,P037,Valid,1,Valid,0.1,Valid
OD002438,O01210,Valid,P119,Valid,4,Valid,0.05,Valid
OD002439,O01210,Valid,P127,Valid,2,Valid,0.2,Valid
OD002440,O01211,Valid,P064,Valid,2,Valid,0.05,Valid
OD002441,O01211,Valid,P089,Valid,3,Valid,0.2,Valid
OD002442,O01212,Valid,P142,Valid,1,Valid,0,Valid
OD002443,O01213,Valid,P150,Valid,3,Valid,0.05,Valid
OD002444,O01214,Valid,P089,Valid,1,Valid,0.2,Valid
OD002445,O01215,Valid,P081,Valid,2,Valid,0.05,Valid
OD002446,O01215,Valid,P026,Valid,2,Valid,0.05,Valid
OD002447,O01215,Valid,P104,Valid,2,Valid,0,Valid
OD002448,O01215,Valid,P030,Valid,2,Valid,0,Valid
OD002449,O01216,Valid,P087,Valid,1,Valid,0.15,Valid
OD002450,O01217,Valid,P013,Valid,1,Valid,0.1,Valid
OD002451,O01217,Valid,P093,Valid,2,Valid,0.05,Valid
OD002452,O01217,Valid,P079,Valid,1,Valid,0.1,Valid
OD002453,O01217,Valid,P024,Valid,1,Valid,0.25,Valid
OD002454,O01218,Valid,P055,Valid,1,Valid,0.25,Valid
OD002455,O01219,Valid,P077,Valid,2,Valid,0.25,Valid
OD002456,O01220,Valid,P076,Valid,4,Valid,0.25,Valid
OD002457,O01220,Valid,P029,Valid,4,Valid,0.1,Valid
OD002458,O01221,Valid,P092,Valid,2,Valid,0.05,Valid
OD002459,O01222,Valid,P147,Valid,1,Valid,0.05,Valid
OD002460,O01222,Valid,P118,Valid,4,Valid,0.15,Valid
OD002461,O01222,Valid,P052,Valid,1,Valid,0,Valid
OD002462,O01223,Valid,P060,Valid,2,Valid,0.15,Valid
OD002463,O01224,Valid,P008,Valid,1,Valid,0,Valid
OD002464,O01224,Valid,P057,Valid,2,Valid,0,Valid
OD002465,O01225,Valid,P022,Valid,3,Valid,0,Valid
OD002466,O01225,Valid,P018,Valid,1,Valid,0.25,Valid
OD002467,O01226,Valid,P134,Valid,1,Valid,0.15,Valid
OD002468,O01226,Valid,P047,Valid,2,Valid,0.15,Valid
OD002469,O01226,Valid,P110,Valid,2,Valid,0,Valid
OD002470,O01227,Valid,P143,Valid,2,Valid,0.15,Valid
OD002471,O01227,Valid,P018,Valid,2,Valid,0,Valid
OD002472,O01227,Valid,P091,Valid,1,Valid,0.05,Valid
OD002473,O01227,Valid,P045,Valid,4,Valid,0.15,Valid
OD002474,O01228,Valid,P048,Valid,3,Valid,0,Valid
OD002475,O01228,Valid,P081,Valid,1,Valid,0,Valid
OD002476,O01229,Valid,P114,Valid,3,Valid,0.05,Valid
OD002477,O01230,Valid,P084,Valid,1,Valid,0.2,Valid
OD002478,O01230,Valid,P055,Valid,1,Valid,0.1,Valid
OD002479,O01231,Valid,P132,Valid,4,Valid,0,Valid
OD002480,O01231,Valid,P013,Valid,1,Valid,0.1,Valid
OD002481,O01231,Valid,P026,Valid,3,Valid,0.1,Valid
OD002482,O01231,Valid,P145,Valid,1,Valid,0.05,Valid
OD002483,O01232,Valid,P098,Valid,2,Valid,0,Valid
OD002484,O01233,Valid,P123,Valid,1,Valid,0.15,Valid
OD002485,O01233,Valid,P114,Valid,4,Valid,0.1,Valid
OD002486,O01233,Valid,P097,Valid,2,Valid,0,Valid
OD002487,O01234,Valid,P058,Valid,1,Valid,0.25,Valid
OD002488,O01235,Valid,P035,Valid,1,Valid,0.1,Valid
OD002489,O01235,Valid,P148,Valid,3,Valid,0.25,Valid
OD002490,O01236,Valid,P068,Valid,1,Valid,0.15,Valid
OD002491,O01236,Valid,P088,Valid,2,Valid,0.15,Valid
OD002492,O01237,Valid,P008,Valid,1,Valid,0,Valid
OD002493,O01237,Valid,P010,Valid,2,Valid,0.15,Valid
OD002494,O01238,Valid,P088,Valid,1,Valid,0.15,Valid
OD002495,O01238,Valid,P123,Valid,1,Valid,0.15,Valid
OD002496,O01239,Valid,P088,Valid,1,Valid,0,Valid
OD002497,O01240,Valid,P022,Valid,3,Valid,0.15,Valid
OD002498,O01240,Valid,P139,Valid,1,Valid,0.05,Valid
OD002499,O01240,Valid,P105,Valid,1,Valid,0.2,Valid
OD002500,O01241,Valid,P100,Valid,1,Valid,0.2,Valid
OD002501,O01242,Valid,P133,Valid,2,Valid,0.25,Valid
OD002502,O01242,Valid,P077,Valid,4,Valid,0.2,Valid
OD002503,O01243,Valid,P118,Valid,1,Valid,0.1,Valid
OD002504,O01243,Valid,P150,Valid,1,Valid,0.15,Valid
OD002505,O01244,Valid,P126,Valid,1,Valid,0.2,Valid
OD002506,O01245,Valid,P147,Valid,1,Valid,0.15,Valid
OD002507,O01245,Valid,P090,Valid,3,Valid,0,Valid
OD002508,O01245,Valid,P134,Valid,4,Valid,0.15,Valid
OD002509,O01246,Valid,P046,Valid,1,Valid,0,Valid
OD002510,O01247,Valid,P150,Valid,3,Valid,0.15,Valid
OD002511,O01247,Valid,P119,Valid,2,Valid,0.2,Valid
OD002512,O01248,Valid,P019,Valid,2,Valid,0.15,Valid
OD002513,O01248,Valid,P036,Valid,1,Valid,0.2,Valid
OD002514,O01248,Valid,P077,Valid,2,Valid,0.25,Valid
OD002515,O01249,Valid,P021,Valid,1,Valid,0.05,Valid
OD002516,O01249,Valid,P119,Valid,4,Valid,0.15,Valid
OD002517,O01250,Valid,P077,Valid,1,Valid,0.25,Valid
OD002518,O01250,Valid,P068,Valid,1,Valid,0.25,Valid
OD002519,O01251,Valid,P053,Valid,2,Valid,0.1,Valid
OD002520,O01252,Valid,P041,Valid,1,Valid,0,Valid
OD002521,O01252,Valid,P134,Valid,3,Valid,0,Valid
OD002522,O01252,Valid,P101,Valid,3,Valid,0,Valid
OD002523,O01252,Valid,P027,Valid,1,Valid,0.15,Valid
OD002524,O01253,Valid,P088,Valid,4,Valid,0.15,Valid
OD002525,O01253,Valid,P112,Valid,1,Valid,0.25,Valid
OD002526,O01254,Valid,P148,Valid,1,Valid,0.15,Valid
OD002527,O01255,Valid,P138,Valid,1,Valid,0.05,Valid
OD002528,O01255,Valid,P021,Valid,2,Valid,0,Valid
OD002529,O01256,Valid,P006,Valid,2,Valid,0.1,Valid
OD002530,O01256,Valid,P147,Valid,2,Valid,0,Valid
OD002531,O01256,Valid,P043,Valid,1,Valid,0.05,Valid
OD002532,O01256,Valid,P027,Valid,1,Valid,0.15,Valid
OD002533,O01257,Valid,P109,Valid,4,Valid,0.25,Valid
OD002534,O01257,Valid,P150,Valid,1,Valid,0,Valid
OD002535,O01257,Valid,P054,Valid,3,Valid,0.25,Valid
OD002536,O01257,Valid,P057,Valid,3,Valid,0.05,Valid
OD002537,O01258,Valid,P130,Valid,4,Valid,0.2,Valid
OD002538,O01258,Valid,P138,Valid,2,Valid,0.2,Valid
OD002539,,Missing,P006,Valid,1,Valid,0.25,Valid
OD002540,O01259,Valid,P082,Valid,1,Valid,0.2,Valid
OD002541,O01259,Valid,P050,Valid,3,Valid,0,Valid
OD002542,O01259,Valid,P033,Valid,1,Valid,0.15,Valid
OD002543,O01259,Valid,P102,Valid,1,Valid,0.25,Valid
OD002544,O01260,Valid,P021,Valid,1,Valid,0.25,Valid
OD002545,O01260,Valid,P003,Valid,2,Valid,0,Valid
OD002546,O01261,Valid,P147,Valid,3,Valid,0.25,Valid
OD002547,O01261,Valid,P122,Valid,1,Valid,0.05,Valid
OD002548,O01261,Valid,P079,Valid,1,Valid,0,Valid
OD002549,O01261,Valid,P035,Valid,3,Valid,0.1,Valid
OD002550,O01262,Valid,P147,Valid,1,Valid,0.2,Valid
OD002551,O01263,Valid,P084,Valid,4,Valid,0,Valid
OD002552,O01263,Valid,P137,Valid,4,Valid,0.15,Valid
OD002553,O01264,Valid,P032,Valid,1,Valid,0,Valid
OD002554,O01264,Valid,P011,Valid,1,Valid,0.05,Valid
OD002555,O01264,Valid,P073,Valid,1,Valid,0.2,Valid
OD002556,O01265,Valid,P053,Valid,1,Valid,0.05,Valid
OD002557,O01265,Valid,P103,Valid,3,Valid,0.25,Valid
OD002558,O01266,Valid,P136,Valid,4,Valid,0.1,Valid
OD002559,O01266,Valid,P128,Valid,1,Valid,0.1,Valid
OD002560,O01266,Valid,P053,Valid,1,Valid,0,Valid
OD002561,O01266,Valid,P098,Valid,3,Valid,0.05,Valid
OD002562,O01267,Valid,P103,Valid,1,Valid,0,Valid
OD002563,O01267,Valid,P146,Valid,1,Valid,0,Valid
OD002564,O01268,Valid,P016,Valid,1,Valid,0.25,Valid
OD002565,O01268,Valid,P002,Valid,4,Valid,0.25,Valid
OD002566,O01268,Valid,P086,Valid,2,Valid,0,Valid
OD002567,O01268,Valid,P140,Valid,1,Valid,0.2,Valid
OD002568,O01269,Valid,P116,Valid,3,Valid,0,Valid
OD002569,O01270,Valid,P086,Valid,4,Valid,0.1,Valid
OD002570,O01271,Valid,P097,Valid,2,Valid,0,Valid
OD002571,O01271,Valid,P062,Valid,1,Valid,0.05,Valid
OD002572,O01271,Valid,P150,Valid,4,Valid,0,Valid
OD002573,O01271,Valid,P125,Valid,1,Valid,0.1,Valid
OD002574,O01272,Valid,P064,Valid,2,Valid,0.2,Valid
OD002575,O01273,Valid,P011,Valid,4,Valid,0.15,Valid
OD002576,O01273,Valid,P035,Valid,1,Valid,0.1,Valid
OD002577,O01274,Valid,P047,Valid,1,Valid,0.25,Valid
OD002578,O01274,Valid,P117,Valid,1,Valid,0.15,Valid
OD002579,O01275,Valid,P108,Valid,2,Valid,0,Valid
OD002580,O01275,Valid,P097,Valid,1,Valid,0,Valid
OD002581,O01276,Valid,P046,Valid,2,Valid,0,Valid
OD002582,O01277,Valid,P066,Valid,4,Valid,0.2,Valid
OD002583,O01277,Valid,P018,Valid,3,Valid,0.1,Valid
OD002584,O01278,Valid,P009,Valid,1,Valid,0.15,Valid
OD002585,O01279,Valid,P119,Valid,1,Valid,0.15,Valid
OD002586,O01279,Valid,P083,Valid,4,Valid,0.25,Valid
OD002587,O01279,Valid,P053,Valid,3,Valid,0.05,Valid
OD002588,O01280,Valid,P068,Valid,1,Valid,0,Valid
OD002589,O01280,Valid,P011,Valid,1,Valid,0,Valid
OD002590,O01281,Valid,P144,Valid,1,Valid,0.1,Valid
OD002591,O01281,Valid,P140,Valid,1,Valid,0,Valid
OD002592,O01281,Valid,P001,Valid,1,Valid,0,Valid
OD002593,O01282,Valid,P108,Valid,2,Valid,0,Valid
OD002594,O01282,Valid,P054,Valid,4,Valid,0.15,Valid
OD002595,O01283,Valid,P027,Valid,2,Valid,0,Valid
OD002596,O01283,Valid,P068,Valid,2,Valid,0.25,Valid
OD002597,O01283,Valid,P067,Valid,2,Valid,0,Valid
OD002598,O01283,Valid,P070,Valid,2,Valid,0.05,Valid
OD002599,O01284,Valid,P055,Valid,2,Valid,0.25,Valid
OD002600,O01284,Valid,P006,Valid,1,Valid,0.1,Valid
OD002601,O01284,Valid,P148,Valid,2,Valid,0.1,Valid
OD002602,O01284,Valid,P106,Valid,1,Valid,0.2,Valid
OD002603,O01285,Valid,P001,Valid,2,Valid,0.25,Valid
OD002604,O01285,Valid,P146,Valid,4,Valid,0.05,Valid
OD002605,O01285,Valid,P045,Valid,2,Valid,0.15,Valid
OD002606,O01285,Valid,P130,Valid,2,Valid,0.25,Valid
OD002607,O01286,Valid,P082,Valid,4,Valid,0.05,Valid
OD002608,O01287,Valid,P061,Valid,4,Valid,0.25,Valid
OD002609,O01288,Valid,P085,Valid,4,Valid,0.1,Valid
OD002610,O01288,Valid,P138,Valid,1,Valid,0.1,Valid
OD002611,O01288,Valid,P117,Valid,1,Valid,0,Valid
OD002612,O01288,Valid,P035,Valid,1,Valid,0.2,Valid
OD002613,O01289,Valid,P142,Valid,1,Valid,0.25,Valid
OD002614,O01289,Valid,P144,Valid,1,Valid,0.25,Valid
OD002615,O01290,Valid,P070,Valid,1,Valid,0.05,Valid
OD002616,O01290,Valid,P009,Valid,1,Valid,0.15,Valid
OD002617,O01291,Valid,P134,Valid,2,Valid,0.1,Valid
OD002618,O01291,Valid,P017,Valid,1,Valid,0.15,Valid
OD002619,O01292,Valid,P114,Valid,2,Valid,0,Valid
OD002620,O01292,Valid,P092,Valid,3,Valid,0,Valid
OD002621,O01293,Valid,P104,Valid,1,Valid,0.25,Valid
OD002622,O01294,Valid,P116,Valid,4,Valid,0.05,Valid
OD002623,O01294,Valid,P004,Valid,1,Valid,0,Valid
OD002624,O01295,Valid,P003,Valid,1,Valid,0,Valid
OD002625,O01295,Valid,P004,Valid,2,Valid,0.25,Valid
OD002626,O01295,Valid,P029,Valid,3,Valid,0.25,Valid
OD002627,O01296,Valid,P006,Valid,2,Valid,0,Valid
OD002628,O01296,Valid,P048,Valid,2,Valid,0,Valid
OD002629,O01297,Valid,P068,Valid,4,Valid,0,Valid
OD002630,O01298,Valid,P068,Valid,1,Valid,0.2,Valid
OD002631,O01299,Valid,P044,Valid,3,Valid,0.2,Valid
OD002632,O01299,Valid,P060,Valid,1,Valid,1.2,Invalid
OD002633,O01299,Valid,P022,Valid,2,Valid,0,Valid
OD002634,O01299,Valid,P009,Valid,1,Valid,0.05,Valid
OD002635,O01300,Valid,P072,Valid,3,Valid,0.2,Valid
OD002636,O01300,Valid,P017,Valid,2,Valid,0.2,Valid
OD002637,O01300,Valid,P006,Valid,2,Valid,0.25,Valid
OD002638,O01300,Valid,P015,Valid,3,Valid,0.05,Valid
OD002639,O01301,Valid,P145,Valid,1,Valid,0,Valid
OD002640,O01302,Valid,P096,Valid,4,Valid,0,Valid
OD002641,O01303,Valid,P142,Valid,3,Valid,0.15,Valid
OD002642,O01303,Valid,P020,Valid,1,Valid,0,Valid
OD002643,O01303,Valid,P016,Valid,3,Valid,0,Valid
OD002644,O01303,Valid,P124,Valid,1,Valid,0.25,Valid
OD002645,O01304,Valid,P140,Valid,2,Valid,0,Valid
OD002646,O01305,Valid,P143,Valid,1,Valid,0.2,Valid
OD002647,O01305,Valid,P122,Valid,2,Valid,0.05,Valid
OD002648,O01306,Valid,P148,Valid,1,Valid,0.05,Valid
OD002649,O01306,Valid,P105,Valid,1,Valid,0.1,Valid
OD002650,O01306,Valid,P053,Valid,4,Valid,0.05,Valid
OD002651,O01306,Valid,P047,Valid,4,Valid,0,Valid
OD002652,O01307,Valid,P075,Valid,1,Valid,0.05,Valid
OD002653,O01308,Valid,P055,Valid,1,Valid,0.15,Valid
OD002654,O01308,Valid,P045,Valid,4,Valid,0.15,Valid
OD002655,O01308,Valid,P108,Valid,1,Valid,0,Valid
OD002656,O01308,Valid,P026,Valid,1,Valid,0.05,Valid
OD002657,O01309,Valid,P135,Valid,1,Valid,0.2,Valid
OD002658,O01309,Valid,P111,Valid,2,Valid,0,Valid
OD002659,O01310,Valid,P122,Valid,1,Valid,0,Valid
OD002660,O01311,Valid,P103,Valid,3,Valid,0.2,Valid
OD002661,O01311,Valid,P115,Valid,1,Valid,0,Valid
OD002662,O01312,Valid,P009,Valid,1,Valid,0.15,Valid
OD002663,O01313,Valid,P061,Valid,2,Valid,0.25,Valid
OD002664,O01314,Valid,P035,Valid,2,Valid,0.05,Valid
OD002665,O01314,Valid,P018,Valid,1,Valid,0.1,Valid
OD002666,O01315,Valid,P150,Valid,1,Valid,0.05,Valid
OD002667,O01315,Valid,P008,Valid,2,Valid,0.1,Valid
OD002668,O01316,Valid,P081,Valid,1,Valid,0,Valid
OD002669,O01316,Valid,P008,Valid,2,Valid,0,Valid
OD002670,O01317,Valid,P086,Valid,4,Valid,0.15,Valid
OD002671,O01318,Valid,P007,Valid,4,Valid,0.1,Valid
OD002672,O01319,Valid,P119,Valid,1,Valid,0,Valid
OD002673,O01320,Valid,P009,Valid,1,Valid,0,Valid
OD002674,O01320,Valid,P116,Valid,1,Valid,0.15,Valid
OD002675,O01320,Valid,P044,Valid,4,Valid,0.1,Valid
OD002676,O01320,Valid,P042,Valid,2,Valid,0,Valid
OD002677,O01321,Valid,P131,Valid,3,Valid,0.1,Valid
OD002678,O01321,Valid,P121,Valid,2,Valid,0,Valid
OD002679,O01321,Valid,P020,Valid,1,Valid,0,Valid
OD002680,O01322,Valid,P065,Valid,1,Valid,0.25,Valid
OD002681,O01323,Valid,P072,Valid,2,Valid,0,Valid
OD002682,O01323,Valid,P105,Valid,2,Valid,0,Valid
OD002683,O01323,Valid,P029,Valid,2,Valid,0.25,Valid
OD002684,O01324,Valid,P122,Valid,4,Valid,0,Valid
OD002685,O01325,Valid,P066,Valid,1,Valid,0.1,Valid
OD002686,O01325,Valid,P079,Valid,1,Valid,0,Valid
OD002687,O01326,Valid,P058,Valid,1,Valid,0.05,Valid
OD002688,O01326,Valid,P078,Valid,1,Valid,0,Valid
OD002689,O01326,Valid,P076,Valid,3,Valid,0.1,Valid
OD002690,O01326,Valid,P034,Valid,1,Valid,0,Valid
OD002691,O01327,Valid,P047,Valid,1,Valid,0.15,Valid
OD002692,O01328,Valid,P022,Valid,1,Valid,0.2,Valid
OD002693,O01329,Valid,P005,Valid,1,Valid,0.2,Valid
OD002694,O01329,Valid,P150,Valid,4,Valid,0.1,Valid
OD002695,O01329,Valid,P070,Valid,4,Valid,0.25,Valid
OD002696,O01330,Valid,P047,Valid,2,Valid,0,Valid
OD002697,O01330,Valid,P097,Valid,1,Valid,0.2,Valid
OD002698,O01331,Valid,P108,Valid,3,Valid,0.2,Valid
OD002699,O01332,Valid,P081,Valid,1,Valid,0,Valid
OD002700,O01333,Valid,P121,Valid,2,Valid,0,Valid
OD002701,O01334,Valid,P120,Valid,1,Valid,0.2,Valid
OD002702,O01334,Valid,P077,Valid,1,Valid,0.05,Valid
OD002703,O01334,Valid,P143,Valid,1,Valid,0.25,Valid
OD002704,O01335,Valid,P092,Valid,1,Valid,0,Valid
OD002705,O01335,Valid,P150,Valid,2,Valid,0,Valid
OD002706,O01335,Valid,P139,Valid,1,Valid,0,Valid
OD002707,O01336,Valid,P148,Valid,3,Valid,0,Valid
OD002708,O01337,Valid,P138,Valid,2,Valid,0.25,Valid
OD002709,O01338,Valid,P044,Valid,4,Valid,0.1,Valid
OD002710,O01339,Valid,P104,Valid,3,Valid,0.15,Valid
OD002711,O01339,Valid,P074,Valid,4,Valid,0.15,Valid
OD002712,O01340,Valid,P066,Valid,2,Valid,0.1,Valid
OD002713,O01340,Valid,P123,Valid,4,Valid,0.15,Valid
OD002714,O01341,Valid,P108,Valid,,Missing,0.1,Valid
OD002715,O01341,Valid,P033,Valid,1,Valid,0,Valid
OD002716,O01341,Valid,P055,Valid,2,Valid,0.15,Valid
OD002717,O01342,Valid,P080,Valid,2,Valid,0.05,Valid
OD002718,O01343,Valid,P131,Valid,3,Valid,0,Valid
OD002719,O01344,Valid,P143,Valid,2,Valid,0,Valid
OD002720,O01344,Valid,P023,Valid,2,Valid,0,Valid
OD002721,O01345,Valid,P075,Valid,1,Valid,0,Valid
OD002722,O01345,Valid,P146,Valid,2,Valid,0.05,Valid
OD002723,O01346,Valid,P013,Valid,2,Valid,0.15,Valid
OD002724,O01347,Valid,P136,Valid,2,Valid,0.2,Valid
OD002725,O01347,Valid,P052,Valid,3,Valid,0,Valid
OD002726,O01347,Valid,P101,Valid,4,Valid,0,Valid
OD002727,O01348,Valid,P084,Valid,1,Valid,0.15,Valid
OD002728,O01348,Valid,P059,Valid,2,Valid,0.05,Valid
OD002729,O01348,Valid,P072,Valid,2,Valid,0,Valid
OD002730,O01348,Valid,P139,Valid,2,Valid,0,Valid
OD002731,O01349,Valid,P058,Valid,2,Valid,0.15,Valid
OD002732,O01350,Valid,P082,Valid,2,Valid,0,Valid
OD002733,O01350,Valid,P071,Valid,1,Valid,0.2,Valid
OD002734,O01351,Valid,P003,Valid,1,Valid,0.2,Valid
OD002735,O01351,Valid,P044,Valid,3,Valid,0.1,Valid
OD002736,O01351,Valid,P017,Valid,3,Valid,0.2,Valid
OD002737,O01351,Valid,P043,Valid,1,Valid,0.25,Valid
OD002738,O01352,Valid,P092,Valid,1,Valid,0,Valid
OD002739,O01353,Valid,P056,Valid,1,Valid,0,Valid
OD002740,O01354,Valid,P005,Valid,2,Valid,0.15,Valid
OD002741,O01355,Valid,P064,Valid,3,Valid,0.2,Valid
OD002742,O01355,Valid,P075,Valid,2,Valid,0.1,Valid
OD002743,O01356,Valid,P029,Valid,2,Valid,0,Valid
OD002744,O01357,Valid,P133,Valid,2,Valid,0.15,Valid
OD002745,O01358,Valid,P146,Valid,1,Valid,0.1,Valid
OD002746,O01358,Valid,P024,Valid,4,Valid,0,Valid
OD002747,O01358,Valid,P032,Valid,1,Valid,0.15,Valid
OD002748,O01358,Valid,P065,Valid,4,Valid,0.25,Valid
OD002749,O01359,Valid,P099,Valid,2,Valid,0.25,Valid
OD002750,O01360,Valid,P039,Valid,3,Valid,0.1,Valid
OD002751,O01360,Valid,P061,Valid,1,Valid,0.1,Valid
OD002752,O01360,Valid,P036,Valid,3,Valid,0.25,Valid
OD002753,O01361,Valid,P137,Valid,3,Valid,0.1,Valid
OD002754,O01361,Valid,P148,Valid,3,Valid,0.2,Valid
OD002755,O01362,Valid,P012,Valid,1,Valid,0.15,Valid
OD002756,O01362,Valid,P100,Valid,4,Valid,0.2,Valid
OD002757,O01363,Valid,P077,Valid,2,Valid,0.25,Valid
OD002758,O01364,Valid,P141,Valid,2,Valid,0.1,Valid
OD002759,O01365,Valid,P100,Valid,1,Valid,0,Valid
OD002760,O01366,Valid,P006,Valid,2,Valid,0.25,Valid
OD002761,O01367,Valid,P132,Valid,2,Valid,1.2,Invalid
OD002762,O01367,Valid,P071,Valid,1,Valid,0.2,Valid
OD002763,O01367,Valid,P057,Valid,4,Valid,0,Valid
OD002764,O01367,Valid,P064,Valid,2,Valid,0,Valid
OD002765,O01368,Valid,P134,Valid,1,Valid,0.05,Valid
OD002766,O01369,Valid,P143,Valid,3,Valid,0.05,Valid
OD002767,O01370,Valid,P067,Valid,1,Valid,0.25,Valid
OD002768,O01370,Valid,P085,Valid,2,Valid,0.25,Valid
OD002769,O01370,Valid,P129,Valid,1,Valid,0,Valid
OD002770,O01371,Valid,P049,Valid,3,Valid,0.05,Valid
OD002771,O01372,Valid,P004,Valid,1,Valid,0.25,Valid
OD002772,O01372,Valid,P018,Valid,1,Valid,0.05,Valid
OD002773,O01372,Valid,P093,Valid,2,Valid,0.1,Valid
OD002774,O01372,Valid,P053,Valid,1,Valid,0.1,Valid
OD002775,O01373,Valid,P097,Valid,2,Valid,0.15,Valid
OD002776,O01374,Valid,P065,Valid,2,Valid,0.2,Valid
OD002777,O01374,Valid,P073,Valid,1,Valid,0.25,Valid
OD002778,O01375,Valid,P111,Valid,1,Valid,0.2,Valid
OD002779,O01375,Valid,P114,Valid,1,Valid,0,Valid
OD002780,O01376,Valid,P141,Valid,1,Valid,0.05,Valid
OD002781,O01377,Valid,P005,Valid,1,Valid,0.2,Valid
OD002782,O01377,Valid,P036,Valid,2,Valid,0,Valid
OD002783,O01377,Valid,P139,Valid,1,Valid,0.2,Valid
OD002784,O01378,Valid,P132,Valid,2,Valid,0.15,Valid
OD002785,O01379,Valid,P074,Valid,1,Valid,0,Valid
OD002786,O01379,Valid,P001,Valid,2,Valid,0.05,Valid
OD002787,O01379,Valid,P039,Valid,2,Valid,0,Valid
OD002788,O01379,Valid,P101,Valid,2,Valid,0.05,Valid
OD002789,O01380,Valid,P084,Valid,1,Valid,0.25,Valid
OD002790,O01380,Valid,P035,Valid,1,Valid,0.2,Valid
OD002791,O01380,Valid,P120,Valid,1,Valid,0.1,Valid
OD002792,O01381,Valid,P041,Valid,1,Valid,0.05,Valid
OD002793,O01382,Valid,P005,Valid,1,Valid,0,Valid
OD002794,O01382,Valid,P003,Valid,1,Valid,0.15,Valid
OD002795,O01383,Valid,P144,Valid,1,Valid,0.15,Valid
OD002796,O01384,Valid,P085,Valid,1,Valid,0.2,Valid
OD002797,O01384,Valid,P028,Valid,2,Valid,0,Valid
OD002798,O01384,Valid,P141,Valid,3,Valid,0,Valid
OD002799,O01385,Valid,P084,Valid,1,Valid,0.2,Valid
OD002800,O01385,Valid,P089,Valid,4,Valid,0.1,Valid
OD002801,O01385,Valid,P145,Valid,1,Valid,0,Valid
OD002802,O01385,Valid,P005,Valid,1,Valid,0.1,Valid
OD002803,O01386,Valid,,Missing,1,Valid,0.05,Valid
OD002804,O01386,Valid,P057,Valid,2,Valid,0.1,Valid
OD002805,O01387,Valid,P014,Valid,1,Valid,0,Valid
OD002806,O01388,Valid,P063,Valid,1,Valid,0.1,Valid
OD002807,O01388,Valid,P134,Valid,1,Valid,0,Valid
OD002808,O01389,Valid,P045,Valid,1,Valid,0,Valid
OD002809,O01390,Valid,P110,Valid,1,Valid,0,Valid
OD002810,O01390,Valid,P018,Valid,1,Valid,0,Valid
OD002811,O01391,Valid,P068,Valid,1,Valid,0.1,Valid
OD002812,O01391,Valid,P137,Valid,3,Valid,0.1,Valid
OD002813,O01391,Valid,P096,Valid,2,Valid,0.25,Valid
OD002814,O01392,Valid,P058,Valid,4,Valid,0.25,Valid
OD002815,O01393,Valid,P067,Valid,3,Valid,0,Valid
OD002816,O01393,Valid,P080,Valid,1,Valid,0.2,Valid
OD002817,O01393,Valid,P098,Valid,1,Valid,0,Valid
OD002818,O01394,Valid,P108,Valid,4,Valid,0.2,Valid
OD002819,O01394,Valid,P057,Valid,1,Valid,0.1,Valid
OD002820,O01395,Valid,P007,Valid,1,Valid,0,Valid
OD002821,O01395,Valid,P028,Valid,1,Valid,0.1,Valid
OD002822,O01395,Valid,P023,Valid,3,Valid,0.2,Valid
OD002823,O01395,Valid,P086,Valid,4,Valid,0.2,Valid
OD002824,O01396,Valid,P080,Valid,2,Valid,0.25,Valid
OD002825,O01397,Valid,P067,Valid,1,Valid,0.05,Valid
OD002826,O01398,Valid,P108,Valid,2,Valid,0.1,Valid
OD002827,O01398,Valid,P022,Valid,2,Valid,0,Valid
OD002828,O01399,Valid,P082,Valid,4,Valid,0,Valid
OD002829,O01400,Valid,P033,Valid,2,Valid,0.1,Valid
OD002830,O01400,Valid,P118,Valid,1,Valid,0.15,Valid
OD002831,O01400,Valid,P047,Valid,2,Valid,0.25,Valid
OD002832,O01401,Valid,P100,Valid,3,Valid,0.25,Valid
OD002833,O01401,Valid,P090,Valid,2,Valid,0,Valid
OD002834,O01402,Valid,P034,Valid,2,Valid,0.25,Valid
OD002835,O01402,Valid,P071,Valid,2,Valid,0.1,Valid
OD002836,O01402,Valid,P020,Valid,,Missing,0.25,Valid
OD002837,O01402,Valid,P114,Valid,4,Valid,0.05,Valid
OD002838,O01403,Valid,P076,Valid,3,Valid,0,Valid
OD002839,O01403,Valid,P122,Valid,2,Valid,0,Valid
OD002840,O01403,Valid,P120,Valid,3,Valid,0,Valid
OD002841,O01403,Valid,P021,Valid,1,Valid,0,Valid
OD002842,O01404,Valid,P106,Valid,1,Valid,0.25,Valid
OD002843,O01405,Valid,P078,Valid,2,Valid,0.1,Valid
OD002844,O01405,Valid,P129,Valid,1,Valid,0,Valid
OD002845,O01406,Valid,P061,Valid,1,Valid,0.25,Valid
OD002846,O01407,Valid,P054,Valid,1,Valid,0,Valid
OD002847,O01408,Valid,P108,Valid,3,Valid,0.25,Valid
OD002848,O01409,Valid,P141,Valid,1,Valid,0,Valid
OD002849,O01409,Valid,P040,Valid,1,Valid,0.05,Valid
OD002850,O01410,Valid,P111,Valid,1,Valid,0.05,Valid
OD002851,O01410,Valid,P065,Valid,2,Valid,0.25,Valid
OD002852,O01410,Valid,P092,Valid,1,Valid,0,Valid
OD002853,O01410,Valid,P042,Valid,2,Valid,0.2,Valid
OD002854,O01411,Valid,P071,Valid,4,Valid,0,Valid
OD002855,O01411,Valid,P073,Valid,1,Valid,0.2,Valid
OD002856,O01411,Valid,P023,Valid,3,Valid,0.15,Valid
OD002857,O01412,Valid,P051,Valid,2,Valid,0,Valid
OD002858,O01412,Valid,P140,Valid,2,Valid,0,Valid
OD002859,O01413,Valid,P064,Valid,4,Valid,0.2,Valid
OD002860,O01413,Valid,P001,Valid,2,Valid,0,Valid
OD002861,O01414,Valid,P058,Valid,1,Valid,0.2,Valid
OD002862,O01415,Valid,P074,Valid,4,Valid,0.25,Valid
OD002863,O01415,Valid,P129,Valid,2,Valid,0.25,Valid
OD002864,O01416,Valid,P017,Valid,,Missing,0.15,Valid
OD002865,O01417,Valid,P108,Valid,2,Valid,0,Valid
OD002866,O01418,Valid,P104,Valid,4,Valid,0.25,Valid
OD002867,O01418,Valid,P067,Valid,1,Valid,0.05,Valid
OD002868,O01419,Valid,P026,Valid,1,Valid,0.25,Valid
OD002869,O01419,Valid,P012,Valid,1,Valid,0.05,Valid
OD002870,O01419,Valid,P047,Valid,1,Valid,0.2,Valid
OD002871,O01419,Valid,P024,Valid,3,Valid,0.05,Valid
OD002872,O01420,Valid,P048,Valid,1,Valid,0.25,Valid
OD002873,O01421,Valid,P031,Valid,3,Valid,0.1,Valid
OD002874,O01422,Valid,P080,Valid,2,Valid,0.2,Valid
OD002875,O01423,Valid,P109,Valid,4,Valid,0,Valid
OD002876,O01423,Valid,P002,Valid,2,Valid,0,Valid
OD002877,O01424,Valid,P130,Valid,2,Valid,0,Valid
OD002878,O01425,Valid,P052,Valid,1,Valid,0,Valid
OD002879,O01426,Valid,P052,Valid,2,Valid,0.25,Valid
OD002880,O01426,Valid,P027,Valid,2,Valid,0.15,Valid
OD002881,O01426,Valid,P115,Valid,2,Valid,0,Valid
OD002882,O01427,Valid,P023,Valid,4,Valid,0.05,Valid
OD002883,O01428,Valid,P004,Valid,1,Valid,0.05,Valid
OD002884,O01429,Valid,P030,Valid,1,Valid,0.25,Valid
OD002885,O01429,Valid,P062,Valid,3,Valid,0.1,Valid
OD002886,O01430,Valid,P026,Valid,2,Valid,0,Valid
OD002887,O01430,Valid,P120,Valid,4,Valid,0.2,Valid
OD002888,O01430,Valid,P143,Valid,1,Valid,0.2,Valid
OD002889,O01431,Valid,P100,Valid,3,Valid,0.15,Valid
OD002890,O01431,Valid,P040,Valid,1,Valid,0,Valid
OD002891,O01431,Valid,P091,Valid,2,Valid,0.2,Valid
OD002892,O01431,Valid,P014,Valid,1,Valid,0.25,Valid
OD002893,O01432,Valid,P120,Valid,4,Valid,0.05,Valid
OD002894,O01432,Valid,P135,Valid,1,Valid,0.2,Valid
OD002895,O01432,Valid,P085,Valid,1,Valid,0,Valid
OD002896,O01433,Valid,P113,Valid,1,Valid,0,Valid
OD002897,O01434,Valid,P136,Valid,1,Valid,0.2,Valid
OD002898,O01435,Valid,P006,Valid,2,Valid,0,Valid
OD002899,O01436,Valid,P136,Valid,2,Valid,0.2,Valid
OD002900,O01436,Valid,P114,Valid,1,Valid,0.1,Valid
OD002901,O01437,Valid,P120,Valid,2,Valid,0.25,Valid
OD002902,O01438,Valid,P059,Valid,2,Valid,0,Valid
OD002903,O01439,Valid,P028,Valid,1,Valid,0.15,Valid
OD002904,O01439,Valid,P110,Valid,3,Valid,0.15,Valid
OD002905,O01440,Valid,P121,Valid,4,Valid,0,Valid
OD002906,O01441,Valid,P052,Valid,3,Valid,0.15,Valid
OD002907,O01442,Valid,P099,Valid,4,Valid,0,Valid
OD002908,O01442,Valid,P065,Valid,2,Valid,0,Valid
OD002909,O01442,Valid,P124,Valid,2,Valid,0.05,Valid
OD002910,O01442,Valid,P126,Valid,4,Valid,0,Valid
OD002911,O01443,Valid,P115,Valid,2,Valid,0.15,Valid
OD002912,O01444,Valid,P028,Valid,2,Valid,0,Valid
OD002913,O01444,Valid,P002,Valid,3,Valid,0.2,Valid
OD002914,O01444,Valid,P047,Valid,3,Valid,0.15,Valid
OD002915,O01444,Valid,P074,Valid,1,Valid,0.25,Valid
OD002916,O01445,Valid,P120,Valid,4,Valid,0.15,Valid
OD002917,O01446,Valid,P004,Valid,1,Valid,0.2,Valid
OD002918,O01447,Valid,P076,Valid,1,Valid,0.25,Valid
OD002919,O01448,Valid,P035,Valid,1,Valid,0.25,Valid
OD002920,O01448,Valid,P055,Valid,1,Valid,0.1,Valid
OD002921,O01448,Valid,P102,Valid,2,Valid,0,Valid
OD002922,O01448,Valid,P048,Valid,4,Valid,0.1,Valid
OD002923,O01449,Valid,P098,Valid,1,Valid,0.25,Valid
OD002924,O01449,Valid,P142,Valid,2,Valid,0.05,Valid
OD002925,O01450,Valid,P121,Valid,2,Valid,0.25,Valid
OD002926,O01450,Valid,P006,Valid,2,Valid,0.2,Valid
OD002927,O01451,Valid,P092,Valid,2,Valid,0.2,Valid
OD002928,O01451,Valid,P017,Valid,1,Valid,0,Valid
OD002929,O01451,Valid,P112,Valid,2,Valid,0.25,Valid
OD002930,O01452,Valid,P037,Valid,1,Valid,0.05,Valid
OD002931,O01453,Valid,P030,Valid,4,Valid,0.1,Valid
OD002932,O01454,Valid,P038,Valid,2,Valid,0,Valid
OD002933,O01455,Valid,P123,Valid,1,Valid,0,Valid
OD002934,O01456,Valid,P094,Valid,1,Valid,0.25,Valid
OD002935,O01457,Valid,P134,Valid,1,Valid,0.25,Valid
OD002936,O01457,Valid,P067,Valid,1,Valid,0.2,Valid
OD002937,O01457,Valid,P041,Valid,3,Valid,0.2,Valid
OD002938,O01458,Valid,P138,Valid,4,Valid,0,Valid
OD002939,O01459,Valid,P036,Valid,2,Valid,0.25,Valid
OD002940,O01459,Valid,P074,Valid,1,Valid,0.15,Valid
OD002941,O01460,Valid,P057,Valid,1,Valid,0,Valid
OD002942,O01461,Valid,P028,Valid,3,Valid,0.1,Valid
OD002943,O01462,Valid,P020,Valid,1,Valid,0.25,Valid
OD002944,O01462,Valid,P004,Valid,1,Valid,0,Valid
OD002945,O01463,Valid,P026,Valid,1,Valid,0,Valid
OD002946,O01464,Valid,P122,Valid,4,Valid,0.25,Valid
OD002947,O01464,Valid,P094,Valid,3,Valid,0.15,Valid
OD002948,O01465,Valid,P075,Valid,3,Valid,0.25,Valid
OD002949,O01465,Valid,P104,Valid,1,Valid,0,Valid
OD002950,O01466,Valid,P085,Valid,2,Valid,0,Valid
OD002951,O01466,Valid,P060,Valid,1,Valid,0,Valid
OD002952,O01466,Valid,P080,Valid,1,Valid,0,Valid
OD002953,O01467,Valid,P031,Valid,1,Valid,0.25,Valid
OD002954,O01467,Valid,P071,Valid,1,Valid,0.1,Valid
OD002955,O01467,Valid,P128,Valid,2,Valid,0.25,Valid
OD002956,O01467,Valid,P108,Valid,4,Valid,0.15,Valid
OD002957,O01468,Valid,P109,Valid,1,Valid,0.15,Valid
OD002958,O01468,Valid,P032,Valid,1,Valid,0.05,Valid
OD002959,O01468,Valid,P082,Valid,3,Valid,0.25,Valid
OD002960,O01468,Valid,P121,Valid,4,Valid,0,Valid
OD002961,O01469,Valid,P140,Valid,4,Valid,0,Valid
OD002962,O01470,Valid,P127,Valid,4,Valid,0,Valid
OD002963,O01470,Valid,P085,Valid,1,Valid,0,Valid
OD002964,O01471,Valid,P096,Valid,2,Valid,0.15,Valid
OD002965,O01471,Valid,P145,Valid,1,Valid,0.05,Valid
OD002966,O01472,Valid,P067,Valid,1,Valid,0.1,Valid
OD002967,O01473,Valid,P012,Valid,3,Valid,0.1,Valid
OD002968,O01473,Valid,P119,Valid,1,Valid,0,Valid
OD002969,O01473,Valid,P042,Valid,1,Valid,0.25,Valid
OD002970,O01473,Valid,P059,Valid,1,Valid,0.1,Valid
OD002971,O01474,Valid,P095,Valid,2,Valid,0,Valid
OD002972,O01474,Valid,P072,Valid,1,Valid,0.05,Valid
OD002973,O01474,Valid,P109,Valid,1,Valid,0.1,Valid
OD002974,O01474,Valid,P119,Valid,1,Valid,0,Valid
OD002975,O01475,Valid,P053,Valid,4,Valid,0.15,Valid
OD002976,O01475,Valid,P016,Valid,2,Valid,0,Valid
OD002977,O01476,Valid,P099,Valid,4,Valid,0.05,Valid
OD002978,O01477,Valid,P124,Valid,1,Valid,0,Valid
OD002979,O01477,Valid,P137,Valid,2,Valid,0.05,Valid
OD002980,O01477,Valid,P059,Valid,1,Valid,0,Valid
OD002981,O01477,Valid,P016,Valid,2,Valid,0,Valid
OD002982,O01478,Valid,P048,Valid,4,Valid,0.05,Valid
OD002983,O01478,Valid,P114,Valid,2,Valid,0.25,Valid
OD002984,O01478,Valid,P076,Valid,1,Valid,0.2,Valid
OD002985,O01478,Valid,P019,Valid,2,Valid,0.2,Valid
OD002986,O01479,Valid,P099,Valid,1,Valid,0,Valid
OD002987,O01480,Valid,P045,Valid,1,Valid,0.25,Valid
OD002988,O01480,Valid,P086,Valid,4,Valid,0.1,Valid
OD002989,O01481,Valid,P136,Valid,2,Valid,0,Valid
OD002990,O01481,Valid,P104,Valid,2,Valid,0.15,Valid
OD002991,O01481,Valid,P038,Valid,4,Valid,0.05,Valid
OD002992,O01482,Valid,P115,Valid,2,Valid,0.1,Valid
OD002993,O01483,Valid,P035,Valid,1,Valid,0.1,Valid
OD002994,O01484,Valid,P097,Valid,2,Valid,0,Valid
OD002995,O01484,Valid,P053,Valid,4,Valid,0.25,Valid
OD002996,O01484,Valid,P037,Valid,3,Valid,0,Valid
OD002997,O01485,Valid,P054,Valid,3,Valid,0.15,Valid
OD002998,O01486,Valid,P122,Valid,3,Valid,0,Valid
OD002999,O01486,Valid,P107,Valid,1,Valid,0.15,Valid
OD003000,O01487,Valid,P056,Valid,2,Valid,0.1,Valid
OD003001,O01488,Valid,P130,Valid,2,Valid,0.2,Valid
OD003002,O01488,Valid,P122,Valid,3,Valid,0,Valid
OD003003,O01488,Valid,P014,Valid,4,Valid,0.05,Valid
OD003004,O01489,Valid,P134,Valid,2,Valid,0.2,Valid
OD003005,O01489,Valid,P101,Valid,1,Valid,0,Valid
OD003006,O01490,Valid,P086,Valid,4,Valid,0.05,Valid
OD003007,O01491,Valid,P061,Valid,4,Valid,0,Valid
OD003008,O01491,Valid,P067,Valid,3,Valid,0.15,Valid
OD003009,O01491,Valid,P002,Valid,4,Valid,0.15,Valid
OD003010,O01491,Valid,P089,Valid,4,Valid,0,Valid
OD003011,O01492,Valid,P052,Valid,2,Valid,0.2,Valid
OD003012,O01492,Valid,P148,Valid,1,Valid,0.05,Valid
OD003013,O01493,Valid,P116,Valid,1,Valid,0.25,Valid
OD003014,O01493,Valid,P110,Valid,1,Valid,0.05,Valid
OD003015,O01494,Valid,P083,Valid,2,Valid,0.1,Valid
OD003016,O01495,Valid,P122,Valid,2,Valid,0.15,Valid
OD003017,O01496,Valid,P128,Valid,1,Valid,0.05,Valid
OD003018,O01496,Valid,P087,Valid,1,Valid,0.1,Valid
OD003019,O01497,Valid,P020,Valid,1,Valid,0,Valid
OD003020,O01497,Valid,P008,Valid,4,Valid,0,Valid
OD003021,O01497,Valid,P062,Valid,2,Valid,0,Valid
OD003022,O01497,Valid,P135,Valid,4,Valid,0.1,Valid
OD003023,O01498,Valid,P034,Valid,1,Valid,0,Valid
OD003024,O01498,Valid,P117,Valid,3,Valid,0,Valid
OD003025,O01498,Valid,P053,Valid,1,Valid,0.2,Valid
OD003026,O01499,Valid,P124,Valid,1,Valid,0,Valid
OD003027,O01500,Valid,P020,Valid,2,Valid,0.15,Valid
OD003028,O01500,Valid,P119,Valid,1,Valid,0.1,Valid
OD003029,O01500,Valid,P095,Valid,1,Valid,0.1,Valid
OD003030,O01500,Valid,P126,Valid,1,Valid,0,Valid
OD003031,O01501,Valid,P076,Valid,1,Valid,0.05,Valid
OD003032,O01501,Valid,P041,Valid,1,Valid,0.25,Valid
OD003033,O01501,Valid,P140,Valid,2,Valid,0.1,Valid
OD003034,O01501,Valid,P096,Valid,2,Valid,0.15,Valid
OD003035,O01502,Valid,P009,Valid,1,Valid,0,Valid
OD003036,O01503,Valid,P109,Valid,2,Valid,0,Valid
OD003037,O01504,Valid,P150,Valid,4,Valid,0.25,Valid
OD003038,O01505,Valid,P048,Valid,1,Valid,0,Valid
OD003039,O01506,Valid,P106,Valid,1,Valid,0,Valid
OD003040,O01506,Valid,P146,Valid,1,Valid,0,Valid
OD003041,O01506,Valid,P141,Valid,3,Valid,,Missing
OD003042,O01507,Valid,P127,Valid,4,Valid,0,Valid
OD003043,O01508,Valid,P109,Valid,2,Valid,0,Valid
OD003044,O01509,Valid,P019,Valid,1,Valid,0.25,Valid
OD003045,O01509,Valid,P116,Valid,1,Valid,0.1,Valid
OD003046,O01509,Valid,P119,Valid,1,Valid,0.1,Valid
OD003047,O01509,Valid,P005,Valid,4,Valid,0,Valid
OD003048,O01510,Valid,P003,Valid,1,Valid,0.05,Valid
OD003049,O01511,Valid,P051,Valid,1,Valid,0.1,Valid
OD003050,O01511,Valid,P054,Valid,4,Valid,0.1,Valid
OD003051,O01512,Valid,P065,Valid,1,Valid,0.1,Valid
OD003052,O01513,Valid,P058,Valid,4,Valid,0.25,Valid
OD003053,O01513,Valid,P029,Valid,2,Valid,0,Valid
OD003054,O01514,Valid,P072,Valid,2,Valid,0,Valid
OD003055,O01514,Valid,P114,Valid,2,Valid,0,Valid
OD003056,O01515,Valid,P057,Valid,1,Valid,0.2,Valid
OD003057,O01515,Valid,P145,Valid,2,Valid,0.25,Valid
OD003058,O01516,Valid,P067,Valid,1,Valid,0,Valid
OD003059,O01517,Valid,P141,Valid,1,Valid,0,Valid
OD003060,O01518,Valid,P057,Valid,2,Valid,0.2,Valid
OD003061,O01518,Valid,P058,Valid,1,Valid,0.25,Valid
OD003062,O01518,Valid,P033,Valid,2,Valid,0,Valid
OD003063,O01519,Valid,P023,Valid,2,Valid,0,Valid
OD003064,O01519,Valid,P041,Valid,4,Valid,0.1,Valid
OD003065,O01520,Valid,P090,Valid,3,Valid,0,Valid
OD003066,O01521,Valid,P145,Valid,4,Valid,0.1,Valid
OD003067,O01522,Valid,P033,Valid,4,Valid,0.1,Valid
OD003068,O01523,Valid,P108,Valid,3,Valid,0.05,Valid
OD003069,O01523,Valid,P116,Valid,4,Valid,0,Valid
OD003070,O01523,Valid,P102,Valid,2,Valid,0.25,Valid
OD003071,O01524,Valid,P142,Valid,3,Valid,0.05,Valid
OD003072,O01525,Valid,P053,Valid,2,Valid,-0.1,Invalid
OD003073,O01526,Valid,P096,Valid,1,Valid,0.1,Valid
OD003074,O01527,Valid,P001,Valid,2,Valid,0.05,Valid
OD003075,O01527,Valid,P130,Valid,4,Valid,0,Valid
OD003076,O01527,Valid,P140,Valid,2,Valid,0.2,Valid
OD003077,O01528,Valid,P094,Valid,4,Valid,0.25,Valid
OD003078,O01528,Valid,P106,Valid,1,Valid,0,Valid
OD003079,O01529,Valid,P140,Valid,1,Valid,0.2,Valid
OD003080,O01530,Valid,P027,Valid,2,Valid,0,Valid
OD003081,O01530,Valid,P145,Valid,1,Valid,0,Valid
OD003082,O01530,Valid,P044,Valid,4,Valid,0,Valid
OD003083,O01531,Valid,P077,Valid,4,Valid,0,Valid
OD003084,O01532,Valid,P009,Valid,1,Valid,0.15,Valid
OD003085,O01532,Valid,P072,Valid,2,Valid,0,Valid
OD003086,O01533,Valid,P058,Valid,1,Valid,0.05,Valid
OD003087,O01533,Valid,P045,Valid,1,Valid,0,Valid
OD003088,O01534,Valid,P045,Valid,1,Valid,0,Valid
OD003089,O01535,Valid,P092,Valid,1,Valid,0,Valid
OD003090,O01536,Valid,P096,Valid,3,Valid,0.25,Valid
OD003091,O01537,Valid,P089,Valid,4,Valid,0,Valid
OD003092,O01538,Valid,P058,Valid,1,Valid,0.05,Valid
OD003093,,Missing,P009,Valid,1,Valid,0.25,Valid
OD003094,O01540,Valid,P149,Valid,4,Valid,0.15,Valid
OD003095,O01540,Valid,P130,Valid,4,Valid,0.15,Valid
OD003096,O01541,Valid,P054,Valid,2,Valid,0,Valid
OD003097,O01542,Valid,P063,Valid,4,Valid,0,Valid
OD003098,O01542,Valid,P050,Valid,2,Valid,0,Valid
OD003099,O01542,Valid,P042,Valid,2,Valid,0.1,Valid
OD003100,O01542,Valid,P076,Valid,1,Valid,0,Valid
OD003101,O01543,Valid,P138,Valid,3,Valid,,Missing
OD003102,O01543,Valid,P007,Valid,2,Valid,0.2,Valid
OD003103,O01543,Valid,P089,Valid,1,Valid,0,Valid
OD003104,O01543,Valid,P145,Valid,1,Valid,0.25,Valid
OD003105,O01544,Valid,P069,Valid,2,Valid,0,Valid
OD003106,O01544,Valid,P070,Valid,2,Valid,0.25,Valid
OD003107,O01544,Valid,P024,Valid,1,Valid,0.25,Valid
OD003108,O01544,Valid,P042,Valid,2,Valid,0.1,Valid
OD003109,O01545,Valid,P035,Valid,1,Valid,0,Valid
OD003110,O01546,Valid,P063,Valid,2,Valid,0.1,Valid
OD003111,O01547,Valid,P020,Valid,2,Valid,0.1,Valid
OD003112,O01548,Valid,P096,Valid,1,Valid,0,Valid
OD003113,O01549,Valid,P004,Valid,2,Valid,0,Valid
OD003114,O01550,Valid,P069,Valid,2,Valid,0,Valid
OD003115,O01550,Valid,P024,Valid,2,Valid,0.05,Valid
OD003116,O01551,Valid,P026,Valid,1,Valid,0.1,Valid
OD003117,O01551,Valid,P034,Valid,2,Valid,0,Valid
OD003118,O01552,Valid,P059,Valid,1,Valid,0,Valid
OD003119,O01552,Valid,P026,Valid,3,Valid,0.1,Valid
OD003120,O01552,Valid,P124,Valid,1,Valid,0.1,Valid
OD003121,O01553,Valid,P071,Valid,3,Valid,0.25,Valid
OD003122,O01553,Valid,P122,Valid,2,Valid,0.2,Valid
OD003123,O01553,Valid,P082,Valid,2,Valid,0.05,Valid
OD003124,O01553,Valid,P039,Valid,2,Valid,0,Valid
OD003125,O01554,Valid,P007,Valid,2,Valid,0.1,Valid
OD003126,O01555,Valid,P115,Valid,4,Valid,0.25,Valid
OD003127,O01556,Valid,P007,Valid,1,Valid,0.15,Valid
OD003128,O01557,Valid,P041,Valid,1,Valid,0.05,Valid
OD003129,O01557,Valid,P137,Valid,4,Valid,0,Valid
OD003130,O01558,Valid,P016,Valid,1,Valid,0,Valid
OD003131,O01559,Valid,P028,Valid,3,Valid,0,Valid
OD003132,O01559,Valid,P017,Valid,4,Valid,0.05,Valid
OD003133,O01559,Valid,P091,Valid,1,Valid,0,Valid
OD003134,O01560,Valid,P025,Valid,1,Valid,0,Valid
OD003135,O01561,Valid,P036,Valid,3,Valid,0,Valid
OD003136,O01561,Valid,P026,Valid,1,Valid,0,Valid
OD003137,O01561,Valid,P149,Valid,3,Valid,0.25,Valid
OD003138,O01562,Valid,P133,Valid,4,Valid,0.1,Valid
OD003139,O01563,Valid,P119,Valid,1,Valid,0.1,Valid
OD003140,O01563,Valid,P036,Valid,2,Valid,0,Valid
OD003141,O01564,Valid,P065,Valid,4,Valid,0,Valid
OD003142,O01565,Valid,P024,Valid,2,Valid,0.15,Valid
OD003143,O01566,Valid,P066,Valid,3,Valid,0.25,Valid
OD003144,O01567,Valid,P083,Valid,2,Valid,0,Valid
OD003145,O01567,Valid,P139,Valid,3,Valid,0,Valid
OD003146,O01567,Valid,P029,Valid,1,Valid,0.25,Valid
OD003147,O01568,Valid,P124,Valid,1,Valid,0.1,Valid
OD003148,O01568,Valid,P127,Valid,2,Valid,0.2,Valid
OD003149,O01569,Valid,P148,Valid,1,Valid,0,Valid
OD003150,O01569,Valid,P051,Valid,4,Valid,0,Valid
OD003151,O01570,Valid,P143,Valid,1,Valid,0,Valid
OD003152,O01570,Valid,P111,Valid,1,Valid,0.25,Valid
OD003153,O01571,Valid,P015,Valid,1,Valid,0.1,Valid
OD003154,O01571,Valid,P043,Valid,3,Valid,0.15,Valid
OD003155,O01572,Valid,P075,Valid,1,Valid,0.15,Valid
OD003156,O01572,Valid,P111,Valid,1,Valid,0.2,Valid
OD003157,O01572,Valid,P071,Valid,2,Valid,0.25,Valid
OD003158,O01573,Valid,P092,Valid,4,Valid,0.2,Valid
OD003159,O01573,Valid,P135,Valid,2,Valid,0,Valid
OD003160,O01573,Valid,P136,Valid,4,Valid,0.05,Valid
OD003161,O01573,Valid,P050,Valid,3,Valid,0.1,Valid
OD003162,O01574,Valid,P123,Valid,4,Valid,0,Valid
OD003163,O01574,Valid,P035,Valid,1,Valid,0.2,Valid
OD003164,O01574,Valid,P104,Valid,2,Valid,0.05,Valid
OD003165,O01575,Valid,P124,Valid,3,Valid,0.15,Valid
OD003166,O01575,Valid,P033,Valid,4,Valid,0,Valid
OD003167,O01576,Valid,P079,Valid,1,Valid,0.25,Valid
OD003168,O01577,Valid,P082,Valid,2,Valid,0,Valid
OD003169,O01577,Valid,P096,Valid,2,Valid,0,Valid
OD003170,O01577,Valid,P021,Valid,1,Valid,0,Valid
OD003171,O01577,Valid,P150,Valid,4,Valid,0.05,Valid
OD003172,O01578,Valid,P028,Valid,2,Valid,0,Valid
OD003173,O01579,Valid,P104,Valid,1,Valid,0.25,Valid
OD003174,O01580,Valid,P115,Valid,1,Valid,0.15,Valid
OD003175,O01581,Valid,P049,Valid,1,Valid,0.2,Valid
OD003176,O01581,Valid,P065,Valid,1,Valid,0,Valid
OD003177,O01582,Valid,P044,Valid,1,Valid,0.05,Valid
OD003178,O01582,Valid,P042,Valid,2,Valid,0.15,Valid
OD003179,O01582,Valid,P063,Valid,1,Valid,0.15,Valid
OD003180,O01582,Valid,P071,Valid,1,Valid,0.25,Valid
OD003181,O01583,Valid,P107,Valid,2,Valid,0,Valid
OD003182,O01584,Valid,P114,Valid,2,Valid,0,Valid
OD003183,O01584,Valid,P011,Valid,1,Valid,0.25,Valid
OD003184,O01584,Valid,P035,Valid,1,Valid,0.25,Valid
OD003185,O01584,Valid,P105,Valid,4,Valid,0,Valid
OD003186,O01585,Valid,P093,Valid,1,Valid,0,Valid
OD003187,O01585,Valid,P111,Valid,1,Valid,0.1,Valid
OD003188,O01586,Valid,P073,Valid,2,Valid,0,Valid
OD003189,O01586,Valid,P011,Valid,1,Valid,0.2,Valid
OD003190,O01586,Valid,P005,Valid,4,Valid,0,Valid
OD003191,O01586,Valid,P060,Valid,2,Valid,0,Valid
OD003192,O01587,Valid,P095,Valid,4,Valid,0,Valid
OD003193,O01588,Valid,P046,Valid,1,Valid,0.05,Valid
OD003194,O01588,Valid,P035,Valid,4,Valid,0.1,Valid
OD003195,O01589,Valid,P023,Valid,2,Valid,0,Valid
OD003196,O01590,Valid,P002,Valid,2,Valid,0,Valid
OD003197,O01590,Valid,P012,Valid,2,Valid,0,Valid
OD003198,O01591,Valid,P125,Valid,1,Valid,0.1,Valid
OD003199,O01591,Valid,P010,Valid,1,Valid,0.1,Valid
OD003200,O01592,Valid,P108,Valid,4,Valid,0.25,Valid
OD003201,O01593,Valid,P122,Valid,2,Valid,0.25,Valid
OD003202,O01594,Valid,P101,Valid,1,Valid,0,Valid
OD003203,O01595,Valid,P135,Valid,1,Valid,0.15,Valid
OD003204,O01595,Valid,P091,Valid,1,Valid,0,Valid
OD003205,O01595,Valid,P003,Valid,2,Valid,0,Valid
OD003206,O01596,Valid,P070,Valid,2,Valid,0,Valid
OD003207,O01597,Valid,P109,Valid,4,Valid,0,Valid
OD003208,O01597,Valid,P038,Valid,3,Valid,0,Valid
OD003209,O01598,Valid,P051,Valid,4,Valid,0.1,Valid
OD003210,O01599,Valid,P004,Valid,3,Valid,0.25,Valid
OD003211,O01600,Valid,P067,Valid,3,Valid,0,Valid
OD003212,O01600,Valid,P073,Valid,2,Valid,0.05,Valid
OD003213,O01601,Valid,P052,Valid,3,Valid,0,Valid
OD003214,O01602,Valid,P090,Valid,4,Valid,0.05,Valid
OD003215,O01602,Valid,P071,Valid,1,Valid,0.2,Valid
OD003216,O01603,Valid,P118,Valid,1,Valid,0.1,Valid
OD003217,O01604,Valid,P100,Valid,1,Valid,0.1,Valid
OD003218,O01604,Valid,P134,Valid,2,Valid,0.25,Valid
OD003219,O01605,Valid,P109,Valid,4,Valid,0.2,Valid
OD003220,O01606,Valid,P065,Valid,2,Valid,0.05,Valid
OD003221,O01607,Valid,P012,Valid,4,Valid,0.05,Valid
OD003222,O01608,Valid,P018,Valid,1,Valid,0.25,Valid
OD003223,O01608,Valid,P122,Valid,1,Valid,0,Valid
OD003224,O01609,Valid,P141,Valid,1,Valid,0,Valid
OD003225,O01609,Valid,P113,Valid,4,Valid,0.25,Valid
OD003226,O01610,Valid,P145,Valid,1,Valid,0.05,Valid
OD003227,O01610,Valid,P049,Valid,3,Valid,0,Valid
OD003228,O01611,Valid,P044,Valid,1,Valid,0.15,Valid
OD003229,O01612,Valid,P114,Valid,1,Valid,0.05,Valid
OD003230,O01613,Valid,P069,Valid,1,Valid,0.05,Valid
OD003231,O01613,Valid,P020,Valid,1,Valid,0.1,Valid
OD003232,O01613,Valid,P128,Valid,4,Valid,0.05,Valid
OD003233,O01613,Valid,P044,Valid,4,Valid,0,Valid
OD003234,O01614,Valid,P100,Valid,1,Valid,0.1,Valid
OD003235,O01614,Valid,P147,Valid,2,Valid,0.25,Valid
OD003236,O01615,Valid,P043,Valid,1,Valid,0.25,Valid
OD003237,O01616,Valid,P138,Valid,1,Valid,0.2,Valid
OD003238,O01617,Valid,P097,Valid,4,Valid,0.25,Valid
OD003239,O01618,Valid,P108,Valid,2,Valid,0.15,Valid
OD003240,O01619,Valid,P072,Valid,3,Valid,0.1,Valid
OD003241,O01620,Valid,P051,Valid,2,Valid,0.1,Valid
OD003242,O01621,Valid,P069,Valid,1,Valid,0.15,Valid
OD003243,O01621,Valid,P017,Valid,1,Valid,0,Valid
OD003244,O01621,Valid,P004,Valid,2,Valid,0.25,Valid
OD003245,O01622,Valid,P081,Valid,2,Valid,0.2,Valid
OD003246,O01623,Valid,P045,Valid,1,Valid,0.1,Valid
OD003247,O01624,Valid,P072,Valid,4,Valid,0.15,Valid
OD003248,O01624,Valid,P061,Valid,2,Valid,0,Valid
OD003249,O01624,Valid,P083,Valid,4,Valid,0.25,Valid
OD003250,O01625,Valid,P149,Valid,4,Valid,0,Valid
OD003251,O01626,Valid,P137,Valid,1,Valid,0.2,Valid
OD003252,O01626,Valid,P020,Valid,2,Valid,0,Valid
OD003253,O01627,Valid,P126,Valid,4,Valid,0.2,Valid
OD003254,O01628,Valid,P106,Valid,1,Valid,0.1,Valid
OD003255,O01628,Valid,P025,Valid,2,Valid,0.15,Valid
OD003256,O01628,Valid,P076,Valid,1,Valid,0.05,Valid
OD003257,O01629,Valid,P118,Valid,1,Valid,0.1,Valid
OD003258,O01630,Valid,P097,Valid,4,Valid,0.1,Valid
OD003259,O01630,Valid,P022,Valid,4,Valid,0.2,Valid
OD003260,O01630,Valid,P139,Valid,4,Valid,0.05,Valid
OD003261,O01631,Valid,P066,Valid,4,Valid,0.1,Valid
OD003262,O01631,Valid,P107,Valid,1,Valid,0.2,Valid
OD003263,O01632,Valid,P060,Valid,2,Valid,0.25,Valid
OD003264,O01632,Valid,P104,Valid,4,Valid,0,Valid
OD003265,O01633,Valid,P077,Valid,3,Valid,0,Valid
OD003266,O01634,Valid,P096,Valid,3,Valid,0.15,Valid
OD003267,O01634,Valid,P133,Valid,2,Valid,0,Valid
OD003268,O01635,Valid,P039,Valid,2,Valid,0.1,Valid
OD003269,O01636,Valid,P043,Valid,1,Valid,0.25,Valid
OD003270,O01636,Valid,P148,Valid,2,Valid,0.05,Valid
OD003271,O01636,Valid,P029,Valid,1,Valid,0,Valid
OD003272,O01637,Valid,P117,Valid,1,Valid,0.05,Valid
OD003273,O01637,Valid,P144,Valid,1,Valid,0.05,Valid
OD003274,O01637,Valid,P099,Valid,2,Valid,0.25,Valid
OD003275,O01638,Valid,P009,Valid,1,Valid,0,Valid
OD003276,O01638,Valid,P087,Valid,3,Valid,0,Valid
OD003277,O01639,Valid,P069,Valid,2,Valid,0.15,Valid
OD003278,O01639,Valid,P109,Valid,1,Valid,0,Valid
OD003279,O01640,Valid,P102,Valid,2,Valid,0.2,Valid
OD003280,O01641,Valid,P055,Valid,4,Valid,0.1,Valid
OD003281,O01641,Valid,P006,Valid,2,Valid,0.2,Valid
OD003282,O01642,Valid,P031,Valid,3,Valid,0,Valid
OD003283,O01642,Valid,P141,Valid,2,Valid,0.1,Valid
OD003284,O01642,Valid,P035,Valid,4,Valid,0.1,Valid
OD003285,O01642,Valid,P047,Valid,2,Valid,0.2,Valid
OD003286,O01643,Valid,P021,Valid,2,Valid,0,Valid
OD003287,O01644,Valid,P132,Valid,2,Valid,0.05,Valid
OD003288,O01644,Valid,P116,Valid,1,Valid,0.15,Valid
OD003289,,Missing,P131,Valid,4,Valid,0.05,Valid
OD003290,O01644,Valid,P130,Valid,3,Valid,0.15,Valid
OD003291,O01645,Valid,P012,Valid,2,Valid,0.1,Valid
OD003292,O01645,Valid,P100,Valid,1,Valid,0.05,Valid
OD003293,O01645,Valid,P121,Valid,3,Valid,0.25,Valid
OD003294,O01645,Valid,P053,Valid,1,Valid,0.2,Valid
OD003295,O01646,Valid,P129,Valid,2,Valid,0,Valid
OD003296,O01646,Valid,P124,Valid,3,Valid,0.25,Valid
OD003297,O01647,Valid,P083,Valid,4,Valid,0,Valid
OD003298,O01648,Valid,P078,Valid,3,Valid,0.1,Valid
OD003299,O01648,Valid,P147,Valid,1,Valid,0.05,Valid
OD003300,O01648,Valid,P036,Valid,3,Valid,0.25,Valid
OD003301,O01648,Valid,P031,Valid,2,Valid,0.1,Valid
OD003302,O01649,Valid,P020,Valid,1,Valid,0.1,Valid
OD003303,O01649,Valid,P140,Valid,2,Valid,0,Valid
OD003304,O01649,Valid,P103,Valid,1,Valid,0.25,Valid
OD003305,O01649,Valid,P114,Valid,1,Valid,0.25,Valid
OD003306,O01650,Valid,P103,Valid,4,Valid,0,Valid
OD003307,O01651,Valid,P004,Valid,1,Valid,0.25,Valid
OD003308,O01651,Valid,P122,Valid,2,Valid,0.15,Valid
OD003309,O01652,Valid,P131,Valid,4,Valid,0.15,Valid
OD003310,O01653,Valid,P146,Valid,4,Valid,0.15,Valid
OD003311,O01654,Valid,P126,Valid,1,Valid,0.15,Valid
OD003312,O01655,Valid,P108,Valid,3,Valid,0.05,Valid
OD003313,O01656,Valid,P053,Valid,2,Valid,0.2,Valid
OD003314,O01656,Valid,P060,Valid,1,Valid,0.15,Valid
OD003315,O01656,Valid,P119,Valid,2,Valid,0.25,Valid
OD003316,O01656,Valid,P024,Valid,4,Valid,0.05,Valid
OD003317,O01657,Valid,P068,Valid,2,Valid,0.15,Valid
OD003318,O01657,Valid,P044,Valid,1,Valid,0,Valid
OD003319,O01658,Valid,P053,Valid,3,Valid,0.2,Valid
OD003320,O01659,Valid,P138,Valid,1,Valid,0.2,Valid
OD003321,O01659,Valid,P061,Valid,4,Valid,0,Valid
OD003322,O01660,Valid,P078,Valid,3,Valid,0.2,Valid
OD003323,O01661,Valid,P005,Valid,1,Valid,0.05,Valid
OD003324,O01661,Valid,P029,Valid,4,Valid,0.15,Valid
OD003325,O01662,Valid,P108,Valid,1,Valid,0.1,Valid
OD003326,O01662,Valid,P116,Valid,2,Valid,0,Valid
OD003327,O01663,Valid,P088,Valid,4,Valid,0.15,Valid
OD003328,O01664,Valid,P049,Valid,1,Valid,0.05,Valid
OD003329,O01664,Valid,P001,Valid,2,Valid,0.15,Valid
OD003330,O01665,Valid,P070,Valid,1,Valid,0.15,Valid
OD003331,O01666,Valid,P072,Valid,4,Valid,0,Valid
OD003332,O01666,Valid,P063,Valid,3,Valid,0,Valid
OD003333,O01667,Valid,P020,Valid,2,Valid,0.1,Valid
OD003334,O01667,Valid,P120,Valid,2,Valid,0.25,Valid
OD003335,O01667,Valid,P138,Valid,1,Valid,0.1,Valid
OD003336,O01667,Valid,P029,Valid,3,Valid,0.1,Valid
OD003337,O01668,Valid,P070,Valid,1,Valid,0.2,Valid
OD003338,O01668,Valid,P057,Valid,2,Valid,0.15,Valid
OD003339,O01668,Valid,P030,Valid,4,Valid,0.25,Valid
OD003340,O01669,Valid,P014,Valid,4,Valid,0.15,Valid
OD003341,O01669,Valid,P027,Valid,3,Valid,0.2,Valid
OD003342,O01669,Valid,P098,Valid,1,Valid,0.25,Valid
OD003343,O01669,Valid,P065,Valid,3,Valid,0.15,Valid
OD003344,O01670,Valid,P085,Valid,1,Valid,0,Valid
OD003345,O01671,Valid,P012,Valid,2,Valid,0,Valid
OD003346,O01671,Valid,P030,Valid,2,Valid,0,Valid
OD003347,O01672,Valid,P077,Valid,2,Valid,0,Valid
OD003348,O01672,Valid,P011,Valid,1,Valid,0,Valid
OD003349,O01673,Valid,P139,Valid,2,Valid,0.2,Valid
OD003350,O01673,Valid,P009,Valid,4,Valid,0.25,Valid
OD003351,O01674,Valid,P117,Valid,1,Valid,0.1,Valid
OD003352,O01675,Valid,P136,Valid,1,Valid,0.15,Valid
OD003353,O01676,Valid,P141,Valid,3,Valid,0.25,Valid
OD003354,O01676,Valid,P045,Valid,4,Valid,0.05,Valid
OD003355,O01677,Valid,P077,Valid,3,Valid,0.25,Valid
OD003356,O01677,Valid,P135,Valid,1,Valid,0.1,Valid
OD003357,O01677,Valid,P084,Valid,1,Valid,0.15,Valid
OD003358,O01677,Valid,P008,Valid,2,Valid,0.2,Valid
OD003359,O01678,Valid,P087,Valid,1,Valid,0.2,Valid
OD003360,O01678,Valid,P145,Valid,3,Valid,0.1,Valid
OD003361,O01679,Valid,P071,Valid,2,Valid,0.15,Valid
OD003362,O01679,Valid,P023,Valid,1,Valid,0.1,Valid
OD003363,O01679,Valid,P020,Valid,2,Valid,0.2,Valid
OD003364,O01680,Valid,P099,Valid,4,Valid,0,Valid
OD003365,O01681,Valid,P121,Valid,2,Valid,0.1,Valid
OD003366,O01682,Valid,P004,Valid,2,Valid,0,Valid
OD003367,O01683,Valid,P035,Valid,1,Valid,0.15,Valid
OD003368,O01683,Valid,P005,Valid,1,Valid,0.1,Valid
OD003369,O01684,Valid,P045,Valid,2,Valid,0,Valid
OD003370,O01685,Valid,P068,Valid,1,Valid,0.05,Valid
OD003371,O01685,Valid,P072,Valid,4,Valid,0.15,Valid
OD003372,O01685,Valid,P069,Valid,2,Valid,0.2,Valid
OD003373,O01686,Valid,P048,Valid,2,Valid,0.2,Valid
OD003374,O01686,Valid,P065,Valid,4,Valid,0.1,Valid
OD003375,O01686,Valid,P086,Valid,1,Valid,0,Valid
OD003376,O01687,Valid,P003,Valid,3,Valid,0.2,Valid
OD003377,O01688,Valid,P037,Valid,1,Valid,0,Valid
OD003378,O01689,Valid,P096,Valid,2,Valid,0,Valid
OD003379,O01689,Valid,P056,Valid,2,Valid,0,Valid
OD003380,O01689,Valid,P105,Valid,1,Valid,0,Valid
OD003381,O01690,Valid,P094,Valid,1,Valid,0,Valid
OD003382,O01690,Valid,P064,Valid,2,Valid,0.05,Valid
OD003383,O01691,Valid,P116,Valid,4,Valid,0.25,Valid
OD003384,O01691,Valid,P104,Valid,3,Valid,0,Valid
OD003385,O01692,Valid,P097,Valid,3,Valid,0.25,Valid
OD003386,O01693,Valid,P001,Valid,4,Valid,0.05,Valid
OD003387,O01693,Valid,P034,Valid,1,Valid,0.1,Valid
OD003388,O01694,Valid,P035,Valid,4,Valid,0.25,Valid
OD003389,O01695,Valid,P079,Valid,1,Valid,0,Valid
OD003390,O01695,Valid,P011,Valid,3,Valid,0.25,Valid
OD003391,O01695,Valid,P091,Valid,2,Valid,0.05,Valid
OD003392,O01696,Valid,P021,Valid,4,Valid,0.1,Valid
OD003393,O01696,Valid,P137,Valid,4,Valid,0.05,Valid
OD003394,O01697,Valid,P072,Valid,4,Valid,0.2,Valid
OD003395,O01697,Valid,P005,Valid,1,Valid,0.25,Valid
OD003396,O01697,Valid,P063,Valid,2,Valid,0.15,Valid
OD003397,O01697,Valid,P103,Valid,1,Valid,0,Valid
OD003398,O01698,Valid,P146,Valid,2,Valid,0.1,Valid
OD003399,O01699,Valid,P133,Valid,1,Valid,0.05,Valid
OD003400,O01700,Valid,P103,Valid,1,Valid,0,Valid
OD003401,O01700,Valid,P106,Valid,1,Valid,0.1,Valid
OD003402,O01700,Valid,P039,Valid,1,Valid,0.1,Valid
OD003403,O01701,Valid,P119,Valid,2,Valid,0.05,Valid
OD003404,O01701,Valid,P136,Valid,2,Valid,0,Valid
OD003405,O01702,Valid,P096,Valid,2,Valid,0.05,Valid
OD003406,O01703,Valid,P125,Valid,1,Valid,,Missing
OD003407,O01703,Valid,P045,Valid,1,Valid,0.05,Valid
OD003408,O01704,Valid,P135,Valid,2,Valid,0,Valid
OD003409,O01705,Valid,P106,Valid,2,Valid,0.15,Valid
OD003410,O01706,Valid,P003,Valid,2,Valid,0.1,Valid
OD003411,O01707,Valid,P019,Valid,2,Valid,0.15,Valid
OD003412,O01707,Valid,P117,Valid,2,Valid,0,Valid
OD003413,O01708,Valid,P089,Valid,2,Valid,0.15,Valid
OD003414,O01709,Valid,P040,Valid,1,Valid,0,Valid
OD003415,O01709,Valid,P141,Valid,1,Valid,0.25,Valid
OD003416,O01710,Valid,P123,Valid,2,Valid,0.15,Valid
OD003417,O01710,Valid,P103,Valid,2,Valid,0.2,Valid
OD003418,O01711,Valid,P116,Valid,1,Valid,0.25,Valid
OD003419,O01711,Valid,P048,Valid,2,Valid,0,Valid
OD003420,O01712,Valid,P032,Valid,1,Valid,0.05,Valid
OD003421,O01713,Valid,P045,Valid,2,Valid,0.25,Valid
OD003422,O01713,Valid,P013,Valid,4,Valid,0.05,Valid
OD003423,O01714,Valid,P064,Valid,1,Valid,0,Valid
OD003424,O01714,Valid,P025,Valid,2,Valid,0.15,Valid
OD003425,O01715,Valid,P049,Valid,1,Valid,0.1,Valid
OD003426,O01715,Valid,P022,Valid,1,Valid,0,Valid
OD003427,O01715,Valid,P040,Valid,1,Valid,0,Valid
OD003428,O01716,Valid,P077,Valid,1,Valid,0.2,Valid
OD003429,O01717,Valid,P120,Valid,4,Valid,0.15,Valid
OD003430,O01717,Valid,P103,Valid,3,Valid,0.2,Valid
OD003431,O01717,Valid,P038,Valid,1,Valid,0.25,Valid
OD003432,O01718,Valid,P059,Valid,4,Valid,0,Valid
OD003433,O01719,Valid,P073,Valid,1,Valid,0,Valid
OD003434,O01719,Valid,P145,Valid,1,Valid,0,Valid
OD003435,O01719,Valid,P019,Valid,2,Valid,0.25,Valid
OD003436,O01719,Valid,P056,Valid,2,Valid,0.1,Valid
OD003437,O01720,Valid,P039,Valid,3,Valid,0.25,Valid
OD003438,O01721,Valid,P121,Valid,1,Valid,0.15,Valid
OD003439,O01721,Valid,P034,Valid,2,Valid,0.15,Valid
OD003440,O01722,Valid,P084,Valid,1,Valid,0,Valid
OD003441,O01722,Valid,P099,Valid,3,Valid,0.25,Valid
OD003442,O01723,Valid,P035,Valid,1,Valid,0.15,Valid
OD003443,O01723,Valid,P076,Valid,3,Valid,0.2,Valid
OD003444,O01723,Valid,P003,Valid,1,Valid,0,Valid
OD003445,O01724,Valid,P047,Valid,1,Valid,0.25,Valid
OD003446,O01724,Valid,P060,Valid,1,Valid,0,Valid
OD003447,O01725,Valid,P125,Valid,2,Valid,0.15,Valid
OD003448,O01725,Valid,P110,Valid,4,Valid,0,Valid
OD003449,O01726,Valid,P067,Valid,2,Valid,0.1,Valid
OD003450,O01726,Valid,P144,Valid,1,Valid,0.15,Valid
OD003451,O01727,Valid,P140,Valid,2,Valid,0,Valid
OD003452,O01727,Valid,P009,Valid,1,Valid,0,Valid
OD003453,O01727,Valid,P095,Valid,2,Valid,0.2,Valid
OD003454,O01727,Valid,P103,Valid,1,Valid,0,Valid
OD003455,O01728,Valid,P001,Valid,2,Valid,0,Valid
OD003456,O01728,Valid,P115,Valid,2,Valid,0.1,Valid
OD003457,O01728,Valid,P105,Valid,2,Valid,0.05,Valid
OD003458,O01729,Valid,P040,Valid,4,Valid,0.25,Valid
OD003459,O01729,Valid,P075,Valid,1,Valid,0.05,Valid
OD003460,O01730,Valid,P079,Valid,2,Valid,0.05,Valid
OD003461,O01731,Valid,P042,Valid,1,Valid,0,Valid
OD003462,O01732,Valid,P050,Valid,2,Valid,0.2,Valid
OD003463,O01733,Valid,P081,Valid,1,Valid,0,Valid
OD003464,O01733,Valid,P104,Valid,1,Valid,0.1,Valid
OD003465,O01734,Valid,P127,Valid,3,Valid,0,Valid
OD003466,O01734,Valid,P051,Valid,1,Valid,0.1,Valid
OD003467,O01735,Valid,P016,Valid,1,Valid,0.1,Valid
OD003468,O01736,Valid,P148,Valid,4,Valid,0.2,Valid
OD003469,O01737,Valid,P012,Valid,1,Valid,0.2,Valid
OD003470,O01738,Valid,P150,Valid,2,Valid,0.2,Valid
OD003471,O01739,Valid,P051,Valid,2,Valid,0.1,Valid
OD003472,O01740,Valid,P054,Valid,2,Valid,0,Valid
OD003473,O01741,Valid,P077,Valid,3,Valid,0,Valid
OD003474,O01742,Valid,P076,Valid,1,Valid,0.15,Valid
OD003475,O01742,Valid,P080,Valid,2,Valid,0,Valid
OD003476,O01742,Valid,P071,Valid,4,Valid,0.05,Valid
OD003477,O01742,Valid,P115,Valid,2,Valid,0.1,Valid
OD003478,O01743,Valid,P114,Valid,3,Valid,0.15,Valid
OD003479,O01744,Valid,P033,Valid,1,Valid,0,Valid
OD003480,O01744,Valid,P058,Valid,1,Valid,0.2,Valid
OD003481,O01745,Valid,P121,Valid,4,Valid,0.25,Valid
OD003482,O01745,Valid,P106,Valid,2,Valid,0,Valid
OD003483,O01745,Valid,P083,Valid,4,Valid,0.1,Valid
OD003484,O01745,Valid,P020,Valid,3,Valid,0,Valid
OD003485,O01746,Valid,P143,Valid,2,Valid,0.2,Valid
OD003486,O01746,Valid,P092,Valid,1,Valid,0.2,Valid
OD003487,O01746,Valid,P023,Valid,1,Valid,0.25,Valid
OD003488,O01747,Valid,P089,Valid,1,Valid,0.05,Valid
OD003489,O01747,Valid,P021,Valid,2,Valid,0,Valid
OD003490,O01748,Valid,P010,Valid,2,Valid,0.25,Valid
OD003491,O01749,Valid,P143,Valid,4,Valid,0.05,Valid
OD003492,O01750,Valid,P001,Valid,1,Valid,0.15,Valid
OD003493,O01750,Valid,P089,Valid,3,Valid,0,Valid
OD003494,O01751,Valid,P025,Valid,1,Valid,0.05,Valid
OD003495,O01751,Valid,P083,Valid,3,Valid,0.25,Valid
OD003496,O01751,Valid,P116,Valid,2,Valid,0.1,Valid
OD003497,O01752,Valid,P094,Valid,2,Valid,0,Valid
OD003498,O01752,Valid,P064,Valid,3,Valid,0.1,Valid
OD003499,O01752,Valid,P030,Valid,4,Valid,0.1,Valid
OD003500,O01753,Valid,P013,Valid,1,Valid,0,Valid
OD003501,O01754,Valid,P063,Valid,3,Valid,0.05,Valid
OD003502,O01754,Valid,P004,Valid,1,Valid,0.05,Valid
OD003503,O01755,Valid,P139,Valid,1,Valid,0,Valid
OD003504,O01756,Valid,P064,Valid,1,Valid,0.25,Valid
OD003505,O01756,Valid,P140,Valid,2,Valid,0,Valid
OD003506,O01756,Valid,P039,Valid,3,Valid,0,Valid
OD003507,O01756,Valid,P046,Valid,2,Valid,0.1,Valid
OD003508,O01757,Valid,P042,Valid,1,Valid,0.15,Valid
OD003509,O01757,Valid,P011,Valid,1,Valid,0.25,Valid
OD003510,O01758,Valid,P142,Valid,3,Valid,0.05,Valid
OD003511,O01758,Valid,P103,Valid,,Missing,0.2,Valid
OD003512,O01759,Valid,P006,Valid,2,Valid,0,Valid
OD003513,O01759,Valid,P114,Valid,1,Valid,0.1,Valid
OD003514,O01759,Valid,P137,Valid,1,Valid,0,Valid
OD003515,O01760,Valid,P087,Valid,2,Valid,0.05,Valid
OD003516,O01760,Valid,P024,Valid,3,Valid,0.1,Valid
OD003517,O01761,Valid,P053,Valid,3,Valid,0.1,Valid
OD003518,O01761,Valid,P061,Valid,1,Valid,0,Valid
OD003519,O01761,Valid,P088,Valid,1,Valid,0,Valid
OD003520,O01762,Valid,P120,Valid,1,Valid,0.25,Valid
OD003521,O01762,Valid,P077,Valid,1,Valid,0.15,Valid
OD003522,O01763,Valid,P014,Valid,2,Valid,0,Valid
OD003523,O01763,Valid,P111,Valid,2,Valid,0.2,Valid
OD003524,O01764,Valid,P143,Valid,1,Valid,0.15,Valid
OD003525,O01764,Valid,P124,Valid,1,Valid,0,Valid
OD003526,O01765,Valid,P031,Valid,4,Valid,0.2,Valid
OD003527,O01765,Valid,P024,Valid,4,Valid,0.2,Valid
OD003528,O01765,Valid,P139,Valid,3,Valid,0.05,Valid
OD003529,O01766,Valid,P057,Valid,3,Valid,0.25,Valid
OD003530,O01766,Valid,P021,Valid,1,Valid,0.25,Valid
OD003531,O01766,Valid,P024,Valid,2,Valid,0.1,Valid
OD003532,O01766,Valid,P052,Valid,1,Valid,0,Valid
OD003533,O01767,Valid,P138,Valid,1,Valid,0.15,Valid
OD003534,O01768,Valid,P144,Valid,1,Valid,0.05,Valid
OD003535,O01769,Valid,P103,Valid,1,Valid,0,Valid
OD003536,O01770,Valid,P031,Valid,1,Valid,0.05,Valid
OD003537,O01770,Valid,P029,Valid,2,Valid,0.25,Valid
OD003538,O01770,Valid,P104,Valid,3,Valid,0.2,Valid
OD003539,O01771,Valid,P038,Valid,1,Valid,0.05,Valid
OD003540,O01772,Valid,P121,Valid,3,Valid,0,Valid
OD003541,O01773,Valid,P123,Valid,1,Valid,0.2,Valid
OD003542,O01773,Valid,P070,Valid,1,Valid,0.05,Valid
OD003543,O01774,Valid,P015,Valid,3,Valid,0.2,Valid
OD003544,O01774,Valid,P137,Valid,4,Valid,0,Valid
OD003545,O01775,Valid,P051,Valid,4,Valid,0,Valid
OD003546,O01775,Valid,P021,Valid,1,Valid,0.1,Valid
OD003547,O01775,Valid,P114,Valid,3,Valid,0,Valid
OD003548,O01776,Valid,P147,Valid,1,Valid,0.1,Valid
OD003549,O01776,Valid,P087,Valid,4,Valid,0.1,Valid
OD003550,O01776,Valid,P063,Valid,4,Valid,0.1,Valid
OD003551,O01776,Valid,P148,Valid,2,Valid,0,Valid
OD003552,O01777,Valid,P105,Valid,3,Valid,0.25,Valid
OD003553,O01777,Valid,P047,Valid,2,Valid,0.1,Valid
OD003554,O01777,Valid,P064,Valid,1,Valid,0.05,Valid
OD003555,O01777,Valid,P084,Valid,1,Valid,0,Valid
OD003556,O01778,Valid,P099,Valid,1,Valid,0.2,Valid
OD003557,O01779,Valid,P078,Valid,1,Valid,0.05,Valid
OD003558,O01779,Valid,P005,Valid,2,Valid,0.25,Valid
OD003559,O01780,Valid,P115,Valid,1,Valid,0.1,Valid
OD003560,O01780,Valid,P002,Valid,2,Valid,0.1,Valid
OD003561,O01781,Valid,P085,Valid,4,Valid,0,Valid
OD003562,O01782,Valid,P061,Valid,2,Valid,0.1,Valid
OD003563,O01782,Valid,P011,Valid,1,Valid,0.1,Valid
OD003564,O01783,Valid,P003,Valid,3,Valid,0.15,Valid
OD003565,O01783,Valid,P095,Valid,3,Valid,0,Valid
OD003566,O01783,Valid,P012,Valid,3,Valid,0.2,Valid
OD003567,O01783,Valid,P034,Valid,2,Valid,0.05,Valid
OD003568,O01784,Valid,P003,Valid,2,Valid,0,Valid
OD003569,O01784,Valid,P140,Valid,2,Valid,0,Valid
OD003570,O01784,Valid,P031,Valid,1,Valid,0,Valid
OD003571,O01784,Valid,P056,Valid,4,Valid,0.2,Valid
OD003572,O01785,Valid,P008,Valid,1,Valid,0.05,Valid
OD003573,O01786,Valid,P006,Valid,2,Valid,0.05,Valid
OD003574,O01787,Valid,P041,Valid,3,Valid,0,Valid
OD003575,O01788,Valid,P118,Valid,3,Valid,0.15,Valid
OD003576,O01788,Valid,P095,Valid,1,Valid,0,Valid
OD003577,O01788,Valid,P146,Valid,4,Valid,0,Valid
OD003578,O01788,Valid,P120,Valid,2,Valid,0.2,Valid
OD003579,O01789,Valid,P048,Valid,2,Valid,0.2,Valid
OD003580,O01789,Valid,P101,Valid,2,Valid,0.1,Valid
OD003581,O01789,Valid,P011,Valid,1,Valid,0,Valid
OD003582,O01789,Valid,P013,Valid,4,Valid,0.1,Valid
OD003583,O01790,Valid,P127,Valid,1,Valid,0.2,Valid
OD003584,O01791,Valid,P066,Valid,4,Valid,0.05,Valid
OD003585,O01792,Valid,P036,Valid,1,Valid,0.2,Valid
OD003586,O01792,Valid,P012,Valid,2,Valid,0.15,Valid
OD003587,O01792,Valid,P082,Valid,1,Valid,0.2,Valid
OD003588,O01793,Valid,P085,Valid,1,Valid,0.15,Valid
OD003589,O01794,Valid,P032,Valid,2,Valid,0,Valid
OD003590,O01795,Valid,P144,Valid,2,Valid,0.1,Valid
OD003591,O01795,Valid,P031,Valid,1,Valid,0.2,Valid
OD003592,O01795,Valid,P141,Valid,1,Valid,0.15,Valid
OD003593,O01796,Valid,P073,Valid,4,Valid,0.25,Valid
OD003594,O01797,Valid,P085,Valid,2,Valid,0.1,Valid
OD003595,O01798,Valid,P043,Valid,2,Valid,0.25,Valid
OD003596,O01799,Valid,P095,Valid,,Missing,0.15,Valid
OD003597,O01799,Valid,P039,Valid,2,Valid,0,Valid
OD003598,O01799,Valid,P032,Valid,1,Valid,0.2,Valid
OD003599,O01800,Valid,P098,Valid,1,Valid,0.25,Valid
OD003600,O01800,Valid,P004,Valid,2,Valid,0,Valid
OD003601,O01801,Valid,P108,Valid,2,Valid,0,Valid
OD003602,O01801,Valid,P036,Valid,2,Valid,0,Valid
OD003603,O01801,Valid,P080,Valid,1,Valid,0.1,Valid
OD003604,O01801,Valid,P139,Valid,4,Valid,0.2,Valid
OD003605,O01802,Valid,P108,Valid,2,Valid,0,Valid
OD003606,O01803,Valid,P051,Valid,1,Valid,0.25,Valid
OD003607,O01804,Valid,P094,Valid,2,Valid,0.05,Valid
OD003608,O01805,Valid,P019,Valid,1,Valid,0,Valid
OD003609,O01806,Valid,P002,Valid,1,Valid,0.2,Valid
OD003610,O01806,Valid,P018,Valid,3,Valid,0.2,Valid
OD003611,O01806,Valid,P113,Valid,1,Valid,0.1,Valid
OD003612,O01807,Valid,P025,Valid,2,Valid,0,Valid
OD003613,O01807,Valid,P081,Valid,1,Valid,0.15,Valid
OD003614,O01808,Valid,P147,Valid,1,Valid,0,Valid
OD003615,O01808,Valid,P016,Valid,1,Valid,0.05,Valid
OD003616,O01809,Valid,P020,Valid,1,Valid,0,Valid
OD003617,O01810,Valid,P084,Valid,2,Valid,0.15,Valid
OD003618,O01810,Valid,P079,Valid,1,Valid,0,Valid
OD003619,O01811,Valid,P097,Valid,1,Valid,0,Valid
OD003620,O01811,Valid,P068,Valid,3,Valid,0.25,Valid
OD003621,O01811,Valid,P094,Valid,1,Valid,0.2,Valid
OD003622,O01812,Valid,P150,Valid,1,Valid,0.2,Valid
OD003623,O01812,Valid,P014,Valid,2,Valid,0,Valid
OD003624,O01813,Valid,P021,Valid,3,Valid,0.15,Valid
OD003625,O01813,Valid,P135,Valid,2,Valid,0.1,Valid
OD003626,O01814,Valid,P077,Valid,2,Valid,0,Valid
OD003627,O01814,Valid,P104,Valid,2,Valid,0.05,Valid
OD003628,O01815,Valid,P032,Valid,1,Valid,0,Valid
OD003629,O01815,Valid,P142,Valid,1,Valid,0.2,Valid
OD003630,O01816,Valid,P127,Valid,3,Valid,0.2,Valid
OD003631,O01816,Valid,P068,Valid,2,Valid,0.1,Valid
OD003632,O01817,Valid,P141,Valid,1,Valid,0.2,Valid
OD003633,O01817,Valid,P002,Valid,2,Valid,0,Valid
OD003634,O01818,Valid,P048,Valid,4,Valid,0.2,Valid
OD003635,O01818,Valid,P063,Valid,1,Valid,0.15,Valid
OD003636,O01818,Valid,P123,Valid,1,Valid,0,Valid
OD003637,O01818,Valid,P122,Valid,4,Valid,0,Valid
OD003638,O01819,Valid,P026,Valid,1,Valid,0.15,Valid
OD003639,O01819,Valid,P145,Valid,1,Valid,0.1,Valid
OD003640,O01819,Valid,P048,Valid,2,Valid,0,Valid
OD003641,O01819,Valid,P042,Valid,1,Valid,0,Valid
OD003642,O01820,Valid,P037,Valid,1,Valid,0.15,Valid
OD003643,O01820,Valid,P123,Valid,4,Valid,0.1,Valid
OD003644,O01820,Valid,P055,Valid,1,Valid,0.05,Valid
OD003645,O01820,Valid,P035,Valid,1,Valid,0,Valid
OD003646,O01821,Valid,P144,Valid,4,Valid,0,Valid
OD003647,O01821,Valid,P035,Valid,4,Valid,0.1,Valid
OD003648,O01821,Valid,P083,Valid,4,Valid,0.1,Valid
OD003649,O01821,Valid,P062,Valid,2,Valid,0.15,Valid
OD003650,O01822,Valid,P048,Valid,2,Valid,0,Valid
OD003651,O01822,Valid,P067,Valid,2,Valid,0.2,Valid
OD003652,O01822,Valid,P043,Valid,1,Valid,0,Valid
OD003653,O01822,Valid,P113,Valid,3,Valid,0.15,Valid
OD003654,O01823,Valid,P087,Valid,1,Valid,0.2,Valid
OD003655,O01823,Valid,P037,Valid,1,Valid,0,Valid
OD003656,O01823,Valid,P012,Valid,2,Valid,0,Valid
OD003657,O01823,Valid,P035,Valid,1,Valid,0.2,Valid
OD003658,O01824,Valid,P017,Valid,2,Valid,0.15,Valid
OD003659,O01825,Valid,P059,Valid,4,Valid,0.25,Valid
OD003660,O01826,Valid,P133,Valid,1,Valid,0.05,Valid
OD003661,O01827,Valid,P055,Valid,1,Valid,0.1,Valid
OD003662,O01828,Valid,P019,Valid,2,Valid,0,Valid
OD003663,O01828,Valid,P135,Valid,4,Valid,0.2,Valid
OD003664,O01828,Valid,P039,Valid,2,Valid,0.05,Valid
OD003665,O01829,Valid,P083,Valid,3,Valid,0.05,Valid
OD003666,O01829,Valid,P022,Valid,1,Valid,0.1,Valid
OD003667,O01829,Valid,P085,Valid,1,Valid,0.1,Valid
OD003668,O01829,Valid,P069,Valid,1,Valid,0.1,Valid
OD003669,O01830,Valid,P018,Valid,2,Valid,0,Valid
OD003670,O01830,Valid,P052,Valid,1,Valid,0,Valid
OD003671,O01831,Valid,P101,Valid,4,Valid,0.05,Valid
OD003672,O01832,Valid,P055,Valid,3,Valid,0,Valid
OD003673,O01833,Valid,P111,Valid,3,Valid,0.2,Valid
OD003674,O01834,Valid,P039,Valid,2,Valid,0.1,Valid
OD003675,O01834,Valid,P033,Valid,1,Valid,0,Valid
OD003676,O01834,Valid,P127,Valid,1,Valid,0.1,Valid
OD003677,O01834,Valid,P116,Valid,3,Valid,0.15,Valid
OD003678,O01835,Valid,P009,Valid,1,Valid,0.2,Valid
OD003679,O01835,Valid,P102,Valid,2,Valid,0,Valid
OD003680,O01835,Valid,P103,Valid,4,Valid,0.1,Valid
OD003681,O01836,Valid,P054,Valid,2,Valid,0.05,Valid
OD003682,O01837,Valid,P061,Valid,2,Valid,0.25,Valid
OD003683,O01838,Valid,P086,Valid,2,Valid,0.05,Valid
OD003684,O01839,Valid,P129,Valid,4,Valid,0.05,Valid
OD003685,O01840,Valid,P074,Valid,1,Valid,0.2,Valid
OD003686,O01841,Valid,P010,Valid,1,Valid,0.1,Valid
OD003687,O01841,Valid,P122,Valid,1,Valid,0,Valid
OD003688,O01841,Valid,P077,Valid,3,Valid,0.2,Valid
OD003689,O01841,Valid,P014,Valid,4,Valid,0.1,Valid
OD003690,O01842,Valid,P094,Valid,1,Valid,0.1,Valid
OD003691,O01842,Valid,P130,Valid,2,Valid,0.1,Valid
OD003692,O01843,Valid,P096,Valid,2,Valid,0,Valid
OD003693,O01844,Valid,P111,Valid,1,Valid,0.2,Valid
OD003694,O01844,Valid,P041,Valid,2,Valid,0,Valid
OD003695,O01844,Valid,P004,Valid,4,Valid,0.15,Valid
OD003696,O01844,Valid,P011,Valid,3,Valid,0.05,Valid
OD003697,O01845,Valid,P104,Valid,3,Valid,0,Valid
OD003698,O01845,Valid,P068,Valid,1,Valid,0.15,Valid
OD003699,O01845,Valid,P106,Valid,2,Valid,0.05,Valid
OD003700,O01846,Valid,P125,Valid,3,Valid,0.15,Valid
OD003701,O01847,Valid,P027,Valid,2,Valid,0,Valid
OD003702,O01848,Valid,P147,Valid,3,Valid,0.15,Valid
OD003703,O01848,Valid,P125,Valid,4,Valid,0.15,Valid
OD003704,O01849,Valid,P072,Valid,2,Valid,0.2,Valid
OD003705,O01849,Valid,P020,Valid,2,Valid,0.1,Valid
OD003706,O01849,Valid,P066,Valid,1,Valid,0.15,Valid
OD003707,O01850,Valid,P081,Valid,2,Valid,0.2,Valid
OD003708,O01850,Valid,P004,Valid,4,Valid,0.2,Valid
OD003709,O01850,Valid,P073,Valid,1,Valid,0,Valid
OD003710,O01851,Valid,P107,Valid,1,Valid,0,Valid
OD003711,O01851,Valid,P112,Valid,3,Valid,0,Valid
OD003712,O01851,Valid,P076,Valid,2,Valid,0.05,Valid
OD003713,O01851,Valid,P056,Valid,2,Valid,0,Valid
OD003714,O01852,Valid,P026,Valid,1,Valid,0.2,Valid
OD003715,O01853,Valid,P150,Valid,4,Valid,0.2,Valid
OD003716,O01853,Valid,P137,Valid,1,Valid,0.2,Valid
OD003717,O01854,Valid,P027,Valid,1,Valid,0,Valid
OD003718,O01854,Valid,P085,Valid,1,Valid,0,Valid
OD003719,O01854,Valid,P074,Valid,1,Valid,0.2,Valid
OD003720,O01854,Valid,P144,Valid,1,Valid,0,Valid
OD003721,O01855,Valid,P116,Valid,1,Valid,0,Valid
OD003722,O01855,Valid,P112,Valid,4,Valid,0.15,Valid
OD003723,O01855,Valid,P042,Valid,2,Valid,0.2,Valid
OD003724,O01856,Valid,P128,Valid,1,Valid,0,Valid
OD003725,O01857,Valid,P042,Valid,3,Valid,0.15,Valid
OD003726,O01857,Valid,P088,Valid,3,Valid,0.1,Valid
OD003727,O01857,Valid,P102,Valid,1,Valid,0.25,Valid
OD003728,O01857,Valid,P119,Valid,2,Valid,0.25,Valid
OD003729,O01858,Valid,P135,Valid,1,Valid,0,Valid
OD003730,O01858,Valid,P037,Valid,2,Valid,0.15,Valid
OD003731,O01859,Valid,P140,Valid,1,Valid,0.2,Valid
OD003732,O01859,Valid,P124,Valid,2,Valid,0.25,Valid
OD003733,O01859,Valid,P015,Valid,1,Valid,0,Valid
OD003734,O01860,Valid,P134,Valid,2,Valid,0.2,Valid
OD003735,O01860,Valid,P013,Valid,1,Valid,0.2,Valid
OD003736,O01861,Valid,P066,Valid,2,Valid,0.2,Valid
OD003737,O01862,Valid,P103,Valid,1,Valid,0.1,Valid
OD003738,O01863,Valid,P148,Valid,2,Valid,0,Valid
OD003739,O01863,Valid,P138,Valid,4,Valid,0.2,Valid
OD003740,O01863,Valid,P070,Valid,1,Valid,0.15,Valid
OD003741,O01864,Valid,P114,Valid,2,Valid,0.25,Valid
OD003742,O01864,Valid,P069,Valid,4,Valid,0.1,Valid
OD003743,O01865,Valid,P139,Valid,1,Valid,0,Valid
OD003744,O01866,Valid,P114,Valid,4,Valid,0,Valid
OD003745,O01866,Valid,P040,Valid,1,Valid,0.25,Valid
OD003746,O01866,Valid,P052,Valid,2,Valid,0,Valid
OD003747,O01866,Valid,P102,Valid,2,Valid,0,Valid
OD003748,O01867,Valid,P022,Valid,2,Valid,0,Valid
OD003749,O01867,Valid,P099,Valid,1,Valid,0,Valid
OD003750,O01868,Valid,P083,Valid,1,Valid,0.2,Valid
OD003751,O01868,Valid,P092,Valid,2,Valid,0.2,Valid
OD003752,O01869,Valid,P105,Valid,1,Valid,0.1,Valid
OD003753,O01869,Valid,P072,Valid,3,Valid,0.15,Valid
OD003754,,Missing,P083,Valid,4,Valid,0.25,Valid
OD003755,O01870,Valid,P084,Valid,1,Valid,0.1,Valid
OD003756,O01871,Valid,P026,Valid,1,Valid,0.05,Valid
OD003757,O01872,Valid,P111,Valid,1,Valid,0,Valid
OD003758,O01872,Valid,P071,Valid,1,Valid,0.1,Valid
OD003759,O01873,Valid,P115,Valid,2,Valid,0.25,Valid
OD003760,O01873,Valid,P087,Valid,4,Valid,0.1,Valid
OD003761,O01874,Valid,P136,Valid,1,Valid,0,Valid
OD003762,O01874,Valid,P034,Valid,2,Valid,0.1,Valid
OD003763,O01874,Valid,P075,Valid,1,Valid,0.05,Valid
OD003764,O01874,Valid,P015,Valid,1,Valid,0,Valid
OD003765,O01875,Valid,P045,Valid,1,Valid,0.25,Valid
OD003766,O01876,Valid,P067,Valid,1,Valid,0.25,Valid
OD003767,O01877,Valid,P121,Valid,1,Valid,0,Valid
OD003768,O01877,Valid,P076,Valid,4,Valid,0.25,Valid
OD003769,O01878,Valid,P052,Valid,2,Valid,0,Valid
OD003770,O01878,Valid,P136,Valid,2,Valid,0.25,Valid
OD003771,O01878,Valid,P105,Valid,1,Valid,0.25,Valid
OD003772,O01878,Valid,P137,Valid,1,Valid,0.25,Valid
OD003773,O01879,Valid,P011,Valid,2,Valid,0,Valid
OD003774,O01879,Valid,P017,Valid,1,Valid,0.1,Valid
OD003775,O01880,Valid,P012,Valid,2,Valid,0.05,Valid
OD003776,O01881,Valid,P069,Valid,3,Valid,0.1,Valid
OD003777,O01881,Valid,P040,Valid,1,Valid,0,Valid
OD003778,O01881,Valid,P055,Valid,1,Valid,0.25,Valid
OD003779,O01881,Valid,P132,Valid,3,Valid,0.05,Valid
OD003780,O01882,Valid,P013,Valid,1,Valid,0,Valid
OD003781,O01882,Valid,P139,Valid,2,Valid,0.25,Valid
OD003782,O01882,Valid,P137,Valid,4,Valid,0.05,Valid
OD003783,O01883,Valid,P018,Valid,3,Valid,0.15,Valid
OD003784,O01883,Valid,P055,Valid,1,Valid,0.15,Valid
OD003785,O01883,Valid,P069,Valid,4,Valid,0.1,Valid
OD003786,O01884,Valid,P017,Valid,4,Valid,0.25,Valid
OD003787,O01884,Valid,P122,Valid,4,Valid,0.15,Valid
OD003788,O01884,Valid,P125,Valid,2,Valid,0,Valid
OD003789,O01885,Valid,P070,Valid,1,Valid,0,Valid
OD003790,O01885,Valid,P087,Valid,1,Valid,0.05,Valid
OD003791,O01885,Valid,P040,Valid,2,Valid,0.15,Valid
OD003792,O01885,Valid,P143,Valid,1,Valid,0.15,Valid
OD003793,O01886,Valid,P077,Valid,1,Valid,0,Valid
OD003794,O01887,Valid,P053,Valid,4,Valid,0.25,Valid
OD003795,O01887,Valid,P091,Valid,2,Valid,0.25,Valid
OD003796,O01888,Valid,P126,Valid,1,Valid,0.15,Valid
OD003797,O01888,Valid,P077,Valid,1,Valid,0.1,Valid
OD003798,O01888,Valid,P131,Valid,3,Valid,0.2,Valid
OD003799,O01889,Valid,P147,Valid,1,Valid,0.2,Valid
OD003800,O01890,Valid,P087,Valid,2,Valid,0.25,Valid
OD003801,O01891,Valid,P141,Valid,3,Valid,0.1,Valid
OD003802,O01891,Valid,P012,Valid,1,Valid,0,Valid
OD003803,O01891,Valid,P036,Valid,3,Valid,0.15,Valid
OD003804,O01892,Valid,P070,Valid,1,Valid,0.2,Valid
OD003805,O01893,Valid,P012,Valid,2,Valid,0.15,Valid
OD003806,O01893,Valid,P060,Valid,4,Valid,0,Valid
OD003807,O01893,Valid,P024,Valid,1,Valid,0.15,Valid
OD003808,O01893,Valid,P091,Valid,1,Valid,0.15,Valid
OD003809,O01894,Valid,P005,Valid,1,Valid,0,Valid
OD003810,O01894,Valid,P120,Valid,1,Valid,0,Valid
OD003811,O01894,Valid,P049,Valid,2,Valid,0.2,Valid
OD003812,O01894,Valid,P080,Valid,2,Valid,0.2,Valid
OD003813,O01895,Valid,P121,Valid,2,Valid,0.1,Valid
OD003814,O01895,Valid,P074,Valid,2,Valid,0.05,Valid
OD003815,O01896,Valid,P094,Valid,3,Valid,0.05,Valid
OD003816,O01896,Valid,P030,Valid,1,Valid,0.15,Valid
OD003817,O01897,Valid,P069,Valid,3,Valid,0,Valid
OD003818,O01897,Valid,P134,Valid,1,Valid,0,Valid
OD003819,O01898,Valid,P134,Valid,4,Valid,0.15,Valid
OD003820,O01898,Valid,P034,Valid,1,Valid,0.25,Valid
OD003821,O01899,Valid,P134,Valid,4,Valid,0.05,Valid
OD003822,O01899,Valid,P102,Valid,1,Valid,0.15,Valid
OD003823,O01899,Valid,P132,Valid,2,Valid,0,Valid
OD003824,O01900,Valid,P057,Valid,1,Valid,0.1,Valid
OD003825,O01901,Valid,P093,Valid,3,Valid,0.15,Valid
OD003826,O01902,Valid,P072,Valid,2,Valid,0.1,Valid
OD003827,O01902,Valid,P043,Valid,4,Valid,0.1,Valid
OD003828,O01903,Valid,P133,Valid,1,Valid,0,Valid
OD003829,O01904,Valid,P114,Valid,2,Valid,0,Valid
OD003830,O01904,Valid,P050,Valid,4,Valid,0.15,Valid
OD003831,O01904,Valid,P001,Valid,1,Valid,0.2,Valid
OD003832,O01904,Valid,P099,Valid,3,Valid,0.2,Valid
OD003833,O01905,Valid,P096,Valid,1,Valid,0.25,Valid
OD003834,O01906,Valid,P024,Valid,2,Valid,0.15,Valid
OD003835,O01906,Valid,P120,Valid,1,Valid,0.05,Valid
OD003836,O01907,Valid,P038,Valid,2,Valid,0.05,Valid
OD003837,O01907,Valid,P098,Valid,2,Valid,0.15,Valid
OD003838,O01907,Valid,P093,Valid,2,Valid,0.15,Valid
OD003839,O01907,Valid,P088,Valid,4,Valid,0,Valid
OD003840,O01908,Valid,P040,Valid,1,Valid,0.1,Valid
OD003841,O01908,Valid,P061,Valid,3,Valid,0,Valid
OD003842,O01909,Valid,P122,Valid,1,Valid,0.1,Valid
OD003843,O01910,Valid,P129,Valid,1,Valid,0,Valid
OD003844,O01910,Valid,P149,Valid,1,Valid,0,Valid
OD003845,O01911,Valid,P147,Valid,1,Valid,0.2,Valid
OD003846,O01911,Valid,P015,Valid,4,Valid,0.25,Valid
OD003847,O01912,Valid,P110,Valid,3,Valid,0.2,Valid
OD003848,O01912,Valid,P081,Valid,0,Invalid,0,Valid
OD003849,O01912,Valid,P070,Valid,3,Valid,0.15,Valid
OD003850,O01912,Valid,P139,Valid,1,Valid,0.25,Valid
OD003851,O01913,Valid,P115,Valid,1,Valid,0.2,Valid
OD003852,O01913,Valid,P149,Valid,1,Valid,0,Valid
OD003853,O01914,Valid,P114,Valid,1,Valid,0.05,Valid
OD003854,O01914,Valid,P108,Valid,1,Valid,0.15,Valid
OD003855,O01914,Valid,P128,Valid,2,Valid,0,Valid
OD003856,O01915,Valid,P140,Valid,3,Valid,0,Valid
OD003857,O01915,Valid,P139,Valid,2,Valid,0.15,Valid
OD003858,O01915,Valid,P011,Valid,1,Valid,0.05,Valid
OD003859,O01915,Valid,P116,Valid,2,Valid,0,Valid
OD003860,O01916,Valid,P127,Valid,2,Valid,0,Valid
OD003861,O01917,Valid,P149,Valid,1,Valid,0.15,Valid
OD003862,O01917,Valid,P078,Valid,2,Valid,0.25,Valid
OD003863,O01918,Valid,P100,Valid,4,Valid,0.15,Valid
OD003864,O01918,Valid,P043,Valid,1,Valid,0.15,Valid
OD003865,O01918,Valid,P104,Valid,1,Valid,0.15,Valid
OD003866,O01919,Valid,P114,Valid,1,Valid,0.15,Valid
OD003867,O01919,Valid,P106,Valid,1,Valid,0.25,Valid
OD003868,O01920,Valid,P005,Valid,3,Valid,0.1,Valid
OD003869,O01921,Valid,P021,Valid,1,Valid,0.15,Valid
OD003870,O01921,Valid,P039,Valid,2,Valid,0.2,Valid
OD003871,O01922,Valid,P047,Valid,1,Valid,0.2,Valid
OD003872,O01923,Valid,P008,Valid,4,Valid,0.15,Valid
OD003873,O01923,Valid,P086,Valid,1,Valid,0,Valid
OD003874,O01923,Valid,P023,Valid,2,Valid,0.2,Valid
OD003875,O01923,Valid,P141,Valid,4,Valid,0.15,Valid
OD003876,O01924,Valid,P100,Valid,2,Valid,0.25,Valid
OD003877,O01924,Valid,P026,Valid,1,Valid,0.25,Valid
OD003878,O01925,Valid,P007,Valid,2,Valid,0.2,Valid
OD003879,O01925,Valid,P126,Valid,4,Valid,0.25,Valid
OD003880,O01925,Valid,P002,Valid,2,Valid,0,Valid
OD003881,O01925,Valid,P103,Valid,4,Valid,0,Valid
OD003882,O01926,Valid,P117,Valid,2,Valid,0,Valid
OD003883,O01927,Valid,P124,Valid,4,Valid,0,Valid
OD003884,O01928,Valid,P143,Valid,2,Valid,0.15,Valid
OD003885,O01928,Valid,P037,Valid,2,Valid,0,Valid
OD003886,O01929,Valid,P071,Valid,3,Valid,0.15,Valid
OD003887,O01930,Valid,P112,Valid,1,Valid,0,Valid
OD003888,O01930,Valid,P078,Valid,3,Valid,0.05,Valid
OD003889,O01930,Valid,P117,Valid,1,Valid,0.1,Valid
OD003890,O01931,Valid,P084,Valid,2,Valid,0.15,Valid
OD003891,O01931,Valid,P118,Valid,2,Valid,0.25,Valid
OD003892,O01932,Valid,P058,Valid,1,Valid,0.05,Valid
OD003893,O01932,Valid,P049,Valid,3,Valid,0.1,Valid
OD003894,O01933,Valid,P125,Valid,2,Valid,0,Valid
OD003895,O01934,Valid,P026,Valid,1,Valid,0.05,Valid
OD003896,O01934,Valid,P044,Valid,1,Valid,0.05,Valid
OD003897,O01934,Valid,P056,Valid,3,Valid,0,Valid
OD003898,O01935,Valid,P082,Valid,1,Valid,0,Valid
OD003899,O01935,Valid,P113,Valid,3,Valid,0,Valid
OD003900,O01935,Valid,P009,Valid,2,Valid,0.1,Valid
OD003901,O01936,Valid,P057,Valid,1,Valid,0.2,Valid
OD003902,O01936,Valid,P133,Valid,4,Valid,0.05,Valid
OD003903,O01937,Valid,P012,Valid,1,Valid,0.05,Valid
OD003904,O01938,Valid,P138,Valid,1,Valid,0,Valid
OD003905,O01938,Valid,P054,Valid,1,Valid,0,Valid
OD003906,O01939,Valid,P124,Valid,1,Valid,0.2,Valid
OD003907,O01940,Valid,P027,Valid,-2,Invalid,0.25,Valid
OD003908,O01940,Valid,P040,Valid,1,Valid,0.25,Valid
OD003909,O01940,Valid,P059,Valid,1,Valid,0,Valid
OD003910,O01941,Valid,P138,Valid,1,Valid,0.05,Valid
OD003911,O01941,Valid,P114,Valid,3,Valid,0.25,Valid
OD003912,O01942,Valid,P137,Valid,3,Valid,0,Valid
OD003913,O01942,Valid,P020,Valid,2,Valid,0.2,Valid
OD003914,O01943,Valid,P116,Valid,2,Valid,0,Valid
OD003915,O01943,Valid,P115,Valid,4,Valid,0,Valid
OD003916,O01944,Valid,P078,Valid,4,Valid,0.25,Valid
OD003917,O01945,Valid,P069,Valid,2,Valid,0.05,Valid
OD003918,O01945,Valid,P092,Valid,1,Valid,0.1,Valid
OD003919,,Missing,P110,Valid,2,Valid,0.15,Valid
OD003920,O01946,Valid,P076,Valid,3,Valid,0.25,Valid
OD003921,O01946,Valid,P007,Valid,2,Valid,0.05,Valid
OD003922,O01946,Valid,P060,Valid,4,Valid,0,Valid
OD003923,O01946,Valid,P109,Valid,1,Valid,0.1,Valid
OD003924,O01947,Valid,P035,Valid,2,Valid,0.05,Valid
OD003925,O01948,Valid,P056,Valid,2,Valid,0.2,Valid
OD003926,O01948,Valid,P128,Valid,1,Valid,0.25,Valid
OD003927,O01949,Valid,P091,Valid,2,Valid,0.1,Valid
OD003928,O01950,Valid,P116,Valid,3,Valid,0,Valid
OD003929,O01951,Valid,P038,Valid,1,Valid,0,Valid
OD003930,O01951,Valid,P113,Valid,2,Valid,0.1,Valid
OD003931,O01952,Valid,P054,Valid,1,Valid,0.15,Valid
OD003932,O01952,Valid,P010,Valid,4,Valid,0,Valid
OD003933,O01953,Valid,P144,Valid,1,Valid,0.2,Valid
OD003934,O01954,Valid,P078,Valid,1,Valid,0,Valid
OD003935,O01954,Valid,P042,Valid,1,Valid,0,Valid
OD003936,O01954,Valid,P059,Valid,2,Valid,0.25,Valid
OD003937,O01955,Valid,P096,Valid,1,Valid,,Missing
OD003938,O01955,Valid,P018,Valid,3,Valid,0.05,Valid
OD003939,O01955,Valid,P141,Valid,2,Valid,0,Valid
OD003940,O01956,Valid,P111,Valid,1,Valid,0.1,Valid
OD003941,O01956,Valid,P100,Valid,1,Valid,,Missing
OD003942,O01957,Valid,P099,Valid,4,Valid,0.1,Valid
OD003943,O01958,Valid,P066,Valid,3,Valid,0,Valid
OD003944,O01958,Valid,P100,Valid,1,Valid,0.2,Valid
OD003945,O01958,Valid,P046,Valid,3,Valid,0.15,Valid
OD003946,O01959,Valid,P140,Valid,1,Valid,0.2,Valid
OD003947,O01960,Valid,P125,Valid,1,Valid,0.2,Valid
OD003948,O01961,Valid,P030,Valid,1,Valid,0.1,Valid
OD003949,O01961,Valid,P109,Valid,1,Valid,0.05,Valid
OD003950,O01962,Valid,P042,Valid,-1,Invalid,0,Valid
OD003951,O01963,Valid,P025,Valid,2,Valid,0.15,Valid
OD003952,O01963,Valid,P104,Valid,1,Valid,0.2,Valid
OD003953,O01964,Valid,P074,Valid,4,Valid,0.05,Valid
OD003954,O01964,Valid,P026,Valid,3,Valid,0.1,Valid
OD003955,O01964,Valid,P059,Valid,2,Valid,0.2,Valid
OD003956,O01964,Valid,P077,Valid,1,Valid,0.2,Valid
OD003957,O01965,Valid,P066,Valid,1,Valid,0.2,Valid
OD003958,O01965,Valid,P144,Valid,2,Valid,0.25,Valid
OD003959,O01966,Valid,P074,Valid,3,Valid,0,Valid
OD003960,O01966,Valid,P007,Valid,2,Valid,0.25,Valid
OD003961,O01967,Valid,P033,Valid,1,Valid,0.2,Valid
OD003962,O01967,Valid,P138,Valid,3,Valid,0,Valid
OD003963,O01967,Valid,P104,Valid,1,Valid,0.25,Valid
OD003964,O01968,Valid,P039,Valid,2,Valid,0.25,Valid
OD003965,O01969,Valid,P090,Valid,3,Valid,0.2,Valid
OD003966,O01969,Valid,P008,Valid,2,Valid,0.1,Valid
OD003967,O01969,Valid,P148,Valid,3,Valid,0.25,Valid
OD003968,O01970,Valid,P030,Valid,2,Valid,0,Valid
OD003969,O01971,Valid,P097,Valid,2,Valid,0,Valid
OD003970,O01971,Valid,P116,Valid,2,Valid,0.2,Valid
OD003971,O01972,Valid,P107,Valid,2,Valid,0,Valid
OD003972,O01972,Valid,P106,Valid,1,Valid,0,Valid
OD003973,O01973,Valid,P101,Valid,1,Valid,0.05,Valid
OD003974,O01974,Valid,P009,Valid,1,Valid,0.25,Valid
OD003975,O01975,Valid,P033,Valid,2,Valid,0.15,Valid
OD003976,O01975,Valid,P035,Valid,2,Valid,0,Valid
OD003977,O01975,Valid,P057,Valid,1,Valid,0,Valid
OD003978,O01975,Valid,P069,Valid,3,Valid,0.1,Valid
OD003979,O01976,Valid,P142,Valid,2,Valid,0.1,Valid
OD003980,O01976,Valid,P057,Valid,1,Valid,0.15,Valid
OD003981,O01977,Valid,P005,Valid,4,Valid,0.1,Valid
OD003982,O01977,Valid,P025,Valid,2,Valid,0,Valid
OD003983,O01977,Valid,P122,Valid,1,Valid,0,Valid
OD003984,O01978,Valid,P078,Valid,1,Valid,0.05,Valid
OD003985,O01978,Valid,P071,Valid,1,Valid,0,Valid
OD003986,O01978,Valid,P104,Valid,2,Valid,0,Valid
OD003987,O01979,Valid,P063,Valid,4,Valid,0.25,Valid
OD003988,O01980,Valid,P017,Valid,2,Valid,0.05,Valid
OD003989,O01981,Valid,P102,Valid,1,Valid,0.25,Valid
OD003990,O01981,Valid,P093,Valid,4,Valid,0.1,Valid
OD003991,O01981,Valid,P112,Valid,4,Valid,0,Valid
OD003992,O01981,Valid,P079,Valid,1,Valid,0.15,Valid
OD003993,O01982,Valid,P064,Valid,4,Valid,0,Valid
OD003994,O01982,Valid,P126,Valid,2,Valid,0,Valid
OD003995,O01983,Valid,P146,Valid,2,Valid,0.25,Valid
OD003996,O01984,Valid,P092,Valid,4,Valid,0,Valid
OD003997,O01984,Valid,P098,Valid,3,Valid,0,Valid
OD003998,O01984,Valid,P086,Valid,2,Valid,0.2,Valid
OD003999,O01984,Valid,P150,Valid,2,Valid,0.1,Valid
OD004000,O01985,Valid,P068,Valid,1,Valid,0,Valid
OD004001,O01985,Valid,P024,Valid,4,Valid,0.25,Valid
OD004002,O01985,Valid,P077,Valid,4,Valid,0.15,Valid
OD004003,O01985,Valid,P012,Valid,1,Valid,0,Valid
OD004004,O01986,Valid,P086,Valid,1,Valid,0,Valid
OD004005,O01987,Valid,P054,Valid,3,Valid,0.05,Valid
OD004006,O01987,Valid,P070,Valid,2,Valid,0.1,Valid
OD004007,O01987,Valid,P074,Valid,2,Valid,0,Valid
OD004008,O01988,Valid,P137,Valid,2,Valid,0,Valid
OD004009,O01989,Valid,P001,Valid,2,Valid,0.25,Valid
OD004010,O01989,Valid,P077,Valid,1,Valid,0,Valid
OD004011,O01990,Valid,P065,Valid,1,Valid,0.05,Valid
OD004012,O01991,Valid,P022,Valid,3,Valid,0.1,Valid
OD004013,O01991,Valid,P096,Valid,1,Valid,0.15,Valid
OD004014,O01992,Valid,P051,Valid,1,Valid,0.05,Valid
OD004015,O01992,Valid,P039,Valid,3,Valid,0.25,Valid
OD004016,O01992,Valid,P092,Valid,2,Valid,0.1,Valid
OD004017,O01992,Valid,P024,Valid,2,Valid,0.15,Valid
OD004018,O01993,Valid,P082,Valid,1,Valid,0,Valid
OD004019,O01993,Valid,P055,Valid,4,Valid,0.2,Valid
OD004020,O01994,Valid,P075,Valid,1,Valid,0.15,Valid
OD004021,O01995,Valid,P074,Valid,1,Valid,0.1,Valid
OD004022,O01996,Valid,P112,Valid,1,Valid,0.15,Valid
OD004023,O01996,Valid,P109,Valid,1,Valid,0,Valid
OD004024,O01997,Valid,P136,Valid,1,Valid,0,Valid
OD004025,O01997,Valid,P096,Valid,1,Valid,0.2,Valid
OD004026,O01997,Valid,P129,Valid,3,Valid,0.15,Valid
OD004027,O01998,Valid,P063,Valid,1,Valid,0,Valid
OD004028,O01998,Valid,P022,Valid,2,Valid,0,Valid
OD004029,O01999,Valid,P024,Valid,1,Valid,0.05,Valid
OD004030,O02000,Valid,P111,Valid,2,Valid,0.15,Valid
OD004031,O02001,Valid,P044,Valid,4,Valid,0,Valid
OD004032,O02001,Valid,P027,Valid,2,Valid,0.25,Valid
OD004033,O02002,Valid,P020,Valid,2,Valid,0,Valid
OD004034,O02002,Valid,P141,Valid,1,Valid,0.15,Valid
OD004035,O02003,Valid,P104,Valid,2,Valid,0.05,Valid
OD004036,O02003,Valid,P135,Valid,1,Valid,0.05,Valid
OD004037,O02003,Valid,P082,Valid,4,Valid,0.1,Valid
OD004038,O02004,Valid,P014,Valid,1,Valid,0.25,Valid
OD004039,O02004,Valid,P105,Valid,2,Valid,0.25,Valid
OD004040,O02004,Valid,P141,Valid,2,Valid,0.2,Valid
OD004041,O02004,Valid,P001,Valid,1,Valid,0,Valid
OD004042,O02005,Valid,P019,Valid,3,Valid,0.2,Valid
OD004043,O02005,Valid,P096,Valid,1,Valid,0,Valid
OD004044,O02005,Valid,P068,Valid,2,Valid,0,Valid
OD004045,O02005,Valid,P046,Valid,1,Valid,0,Valid
OD004046,O02006,Valid,P014,Valid,1,Valid,0.15,Valid
OD004047,O02007,Valid,P086,Valid,3,Valid,0.05,Valid
OD004048,O02007,Valid,P005,Valid,4,Valid,0,Valid
OD004049,O02008,Valid,P074,Valid,3,Valid,0,Valid
OD004050,O02009,Valid,P075,Valid,4,Valid,0,Valid
OD004051,O02010,Valid,P104,Valid,2,Valid,0.1,Valid
OD004052,O02011,Valid,P027,Valid,1,Valid,0,Valid
OD004053,O02012,Valid,P082,Valid,3,Valid,0.15,Valid
OD004054,O02013,Valid,P037,Valid,1,Valid,0.25,Valid
OD004055,O02013,Valid,P005,Valid,2,Valid,0.1,Valid
OD004056,O02014,Valid,P053,Valid,4,Valid,0.2,Valid
OD004057,O02015,Valid,P037,Valid,1,Valid,,Missing
OD004058,O02015,Valid,P033,Valid,1,Valid,0.05,Valid
OD004059,O02016,Valid,P009,Valid,1,Valid,0,Valid
OD004060,O02017,Valid,P034,Valid,1,Valid,0.1,Valid
OD004061,O02017,Valid,P048,Valid,1,Valid,0.2,Valid
OD004062,O02017,Valid,P046,Valid,1,Valid,0,Valid
OD004063,O02017,Valid,P013,Valid,3,Valid,0.2,Valid
OD004064,O02018,Valid,,Missing,1,Valid,0.25,Valid
OD004065,O02018,Valid,P020,Valid,1,Valid,0.05,Valid
OD004066,O02019,Valid,P079,Valid,1,Valid,0.15,Valid
OD004067,O02019,Valid,P054,Valid,1,Valid,0,Valid
OD004068,O02020,Valid,P045,Valid,1,Valid,0,Valid
OD004069,O02021,Valid,P097,Valid,4,Valid,0,Valid
OD004070,O02021,Valid,P030,Valid,1,Valid,0,Valid
OD004071,O02022,Valid,P066,Valid,3,Valid,0.05,Valid
OD004072,O02022,Valid,P086,Valid,1,Valid,0,Valid
OD004073,O02022,Valid,P106,Valid,1,Valid,0.05,Valid
OD004074,O02023,Valid,P129,Valid,2,Valid,0.05,Valid
OD004075,O02024,Valid,P077,Valid,1,Valid,0.05,Valid
OD004076,O02024,Valid,P114,Valid,2,Valid,0.15,Valid
OD004077,O02024,Valid,P110,Valid,2,Valid,0.1,Valid
OD004078,O02024,Valid,P002,Valid,1,Valid,0.05,Valid
OD004079,O02025,Valid,P014,Valid,3,Valid,0.25,Valid
OD004080,O02026,Valid,P092,Valid,2,Valid,0.25,Valid
OD004081,O02026,Valid,P064,Valid,2,Valid,0.2,Valid
OD004082,O02027,Valid,P122,Valid,3,Valid,0.15,Valid
OD004083,O02027,Valid,P063,Valid,2,Valid,0.2,Valid
OD004084,O02027,Valid,P071,Valid,3,Valid,0.05,Valid
OD004085,O02028,Valid,P121,Valid,4,Valid,0,Valid
OD004086,O02029,Valid,P104,Valid,4,Valid,0.25,Valid
OD004087,O02030,Valid,P086,Valid,3,Valid,0,Valid
OD004088,O02031,Valid,P104,Valid,4,Valid,0.05,Valid
OD004089,O02031,Valid,P095,Valid,2,Valid,0.25,Valid
OD004090,O02032,Valid,P069,Valid,2,Valid,0.25,Valid
OD004091,O02033,Valid,P041,Valid,4,Valid,0,Valid
OD004092,O02033,Valid,P095,Valid,4,Valid,0.2,Valid
OD004093,O02034,Valid,P016,Valid,2,Valid,0.05,Valid
OD004094,O02034,Valid,P107,Valid,1,Valid,0.05,Valid
OD004095,O02035,Valid,P095,Valid,1,Valid,0.1,Valid
OD004096,O02035,Valid,P057,Valid,4,Valid,0.15,Valid
OD004097,O02036,Valid,P095,Valid,2,Valid,0.25,Valid
OD004098,O02036,Valid,P041,Valid,1,Valid,0.25,Valid
OD004099,O02036,Valid,P074,Valid,2,Valid,0.1,Valid
OD004100,O02037,Valid,P082,Valid,1,Valid,0.15,Valid
OD004101,O02037,Valid,P060,Valid,2,Valid,0.2,Valid
OD004102,O02037,Valid,P087,Valid,3,Valid,0.2,Valid
OD004103,O02038,Valid,P033,Valid,2,Valid,0.05,Valid
OD004104,O02038,Valid,P148,Valid,3,Valid,0,Valid
OD004105,O02039,Valid,P075,Valid,1,Valid,0.2,Valid
OD004106,O02040,Valid,P100,Valid,1,Valid,0.05,Valid
OD004107,O02040,Valid,P127,Valid,2,Valid,0,Valid
OD004108,O02040,Valid,P039,Valid,1,Valid,0.2,Valid
OD004109,O02040,Valid,P077,Valid,2,Valid,0.25,Valid
OD004110,O02041,Valid,P108,Valid,1,Valid,0.05,Valid
OD004111,O02041,Valid,P051,Valid,1,Valid,0,Valid
OD004112,O02041,Valid,P141,Valid,3,Valid,0.05,Valid
OD004113,O02042,Valid,P141,Valid,2,Valid,0.2,Valid
OD004114,O02042,Valid,P085,Valid,2,Valid,0,Valid
OD004115,O02043,Valid,P148,Valid,4,Valid,0,Valid
OD004116,O02043,Valid,P007,Valid,2,Valid,0.2,Valid
OD004117,O02043,Valid,P106,Valid,2,Valid,0,Valid
OD004118,O02044,Valid,P145,Valid,2,Valid,0.15,Valid
OD004119,O02045,Valid,P061,Valid,2,Valid,0,Valid
OD004120,O02045,Valid,P140,Valid,1,Valid,0.25,Valid
OD004121,O02045,Valid,P020,Valid,1,Valid,0.2,Valid
OD004122,O02046,Valid,P022,Valid,2,Valid,0.25,Valid
OD004123,O02046,Valid,P026,Valid,2,Valid,0.2,Valid
OD004124,O02047,Valid,P119,Valid,1,Valid,0,Valid
OD004125,O02048,Valid,P006,Valid,2,Valid,0.25,Valid
OD004126,O02049,Valid,P122,Valid,1,Valid,0.1,Valid
OD004127,O02050,Valid,P121,Valid,3,Valid,0,Valid
OD004128,O02051,Valid,P002,Valid,2,Valid,0.1,Valid
OD004129,O02051,Valid,P025,Valid,4,Valid,0.1,Valid
OD004130,O02051,Valid,P071,Valid,2,Valid,0.2,Valid
OD004131,O02051,Valid,P138,Valid,1,Valid,0.15,Valid
OD004132,O02052,Valid,P099,Valid,3,Valid,0.05,Valid
OD004133,O02053,Valid,P054,Valid,1,Valid,0,Valid
OD004134,O02053,Valid,P031,Valid,1,Valid,0.1,Valid
OD004135,O02054,Valid,P051,Valid,1,Valid,0.05,Valid
OD004136,O02054,Valid,P077,Valid,3,Valid,0.05,Valid
OD004137,O02054,Valid,P114,Valid,4,Valid,0,Valid
OD004138,O02054,Valid,P102,Valid,3,Valid,0.15,Valid
OD004139,O02055,Valid,P043,Valid,4,Valid,0.1,Valid
OD004140,O02055,Valid,P100,Valid,1,Valid,0.25,Valid
OD004141,O02055,Valid,P076,Valid,1,Valid,0.15,Valid
OD004142,O02055,Valid,P089,Valid,1,Valid,0.1,Valid
OD004143,O02056,Valid,P150,Valid,4,Valid,0.25,Valid
OD004144,O02057,Valid,P077,Valid,1,Valid,0.1,Valid
OD004145,O02057,Valid,P003,Valid,4,Valid,0.15,Valid
OD004146,O02058,Valid,P130,Valid,4,Valid,0.2,Valid
OD004147,O02059,Valid,P029,Valid,1,Valid,0.2,Valid
OD004148,O02060,Valid,P099,Valid,2,Valid,0.1,Valid
OD004149,O02060,Valid,P075,Valid,1,Valid,0.15,Valid
OD004150,O02061,Valid,P116,Valid,2,Valid,0.2,Valid
OD004151,O02061,Valid,P007,Valid,2,Valid,0,Valid
OD004152,O02062,Valid,P085,Valid,1,Valid,0.15,Valid
OD004153,O02063,Valid,P009,Valid,1,Valid,0.1,Valid
OD004154,O02064,Valid,P044,Valid,1,Valid,0.25,Valid
OD004155,O02065,Valid,P147,Valid,4,Valid,0.2,Valid
OD004156,O02065,Valid,,Missing,1,Valid,0.15,Valid
OD004157,O02065,Valid,P030,Valid,2,Valid,0.05,Valid
OD004158,O02065,Valid,P103,Valid,3,Valid,0.15,Valid
OD004159,O02066,Valid,P021,Valid,1,Valid,0,Valid
OD004160,O02067,Valid,P070,Valid,1,Valid,0,Valid
OD004161,O02068,Valid,P108,Valid,3,Valid,0.25,Valid
OD004162,O02068,Valid,P124,Valid,1,Valid,0.2,Valid
OD004163,O02069,Valid,P137,Valid,4,Valid,0,Valid
OD004164,O02070,Valid,P012,Valid,4,Valid,0.15,Valid
OD004165,O02071,Valid,P068,Valid,3,Valid,0,Valid
OD004166,O02071,Valid,P023,Valid,1,Valid,0.25,Valid
OD004167,O02072,Valid,P127,Valid,1,Valid,0,Valid
OD004168,O02072,Valid,P056,Valid,1,Valid,0.15,Valid
OD004169,O02073,Valid,P027,Valid,2,Valid,0,Valid
OD004170,O02074,Valid,P149,Valid,3,Valid,0.2,Valid
OD004171,O02075,Valid,P022,Valid,1,Valid,0.25,Valid
OD004172,O02075,Valid,P007,Valid,1,Valid,0.2,Valid
OD004173,O02076,Valid,P010,Valid,1,Valid,0.15,Valid
OD004174,O02077,Valid,P107,Valid,2,Valid,0.15,Valid
OD004175,O02077,Valid,P031,Valid,1,Valid,0.2,Valid
OD004176,O02078,Valid,P011,Valid,1,Valid,0.05,Valid
OD004177,O02079,Valid,P032,Valid,4,Valid,0.25,Valid
OD004178,,Missing,P067,Valid,2,Valid,0.2,Valid
OD004179,O02081,Valid,P078,Valid,2,Valid,0.05,Valid
OD004180,O02082,Valid,P016,Valid,1,Valid,0.05,Valid
OD004181,O02083,Valid,P020,Valid,2,Valid,0,Valid
OD004182,O02084,Valid,P123,Valid,2,Valid,0.25,Valid
OD004183,O02084,Valid,P145,Valid,2,Valid,0,Valid
OD004184,O02084,Valid,P025,Valid,1,Valid,0.15,Valid
OD004185,O02085,Valid,P016,Valid,1,Valid,0.25,Valid
OD004186,O02085,Valid,P021,Valid,2,Valid,0,Valid
OD004187,O02086,Valid,P023,Valid,1,Valid,0.25,Valid
OD004188,O02086,Valid,P127,Valid,3,Valid,0,Valid
OD004189,O02086,Valid,P030,Valid,2,Valid,0.2,Valid
OD004190,O02086,Valid,P053,Valid,1,Valid,0.25,Valid
OD004191,O02087,Valid,P005,Valid,3,Valid,0.25,Valid
OD004192,O02087,Valid,P035,Valid,1,Valid,0,Valid
OD004193,O02087,Valid,P078,Valid,2,Valid,0.15,Valid
OD004194,O02087,Valid,P119,Valid,4,Valid,0.2,Valid
OD004195,O02088,Valid,P075,Valid,1,Valid,0,Valid
OD004196,O02089,Valid,P137,Valid,2,Valid,0.25,Valid
OD004197,O02090,Valid,P077,Valid,2,Valid,0.2,Valid
OD004198,O02090,Valid,P082,Valid,1,Valid,0.25,Valid
OD004199,O02090,Valid,P035,Valid,2,Valid,0,Valid
OD004200,O02091,Valid,P122,Valid,1,Valid,0.1,Valid
OD004201,O02091,Valid,P131,Valid,2,Valid,0.05,Valid
OD004202,O02092,Valid,P110,Valid,2,Valid,0.25,Valid
OD004203,O02092,Valid,P049,Valid,1,Valid,0,Valid
OD004204,O02092,Valid,P019,Valid,3,Valid,0.1,Valid
OD004205,O02092,Valid,P062,Valid,1,Valid,0.15,Valid
OD004206,O02093,Valid,P098,Valid,1,Valid,0.25,Valid
OD004207,O02094,Valid,P074,Valid,1,Valid,0.2,Valid
OD004208,O02094,Valid,P044,Valid,1,Valid,0,Valid
OD004209,O02095,Valid,P073,Valid,1,Valid,0,Valid
OD004210,O02096,Valid,P061,Valid,1,Valid,0.05,Valid
OD004211,O02096,Valid,P022,Valid,1,Valid,0.1,Valid
OD004212,O02096,Valid,P086,Valid,2,Valid,0.2,Valid
OD004213,O02097,Valid,P048,Valid,1,Valid,0.1,Valid
OD004214,O02097,Valid,P100,Valid,2,Valid,0.05,Valid
OD004215,O02098,Valid,P089,Valid,1,Valid,0.25,Valid
OD004216,O02098,Valid,P087,Valid,3,Valid,0.1,Valid
OD004217,O02098,Valid,P043,Valid,3,Valid,0.05,Valid
OD004218,O02098,Valid,P083,Valid,1,Valid,0,Valid
OD004219,O02099,Valid,P094,Valid,1,Valid,0.1,Valid
OD004220,O02100,Valid,P017,Valid,2,Valid,0.15,Valid
OD004221,O02100,Valid,P120,Valid,3,Valid,0.15,Valid
OD004222,O02100,Valid,P150,Valid,1,Valid,0.15,Valid
OD004223,O02101,Valid,P092,Valid,2,Valid,0.15,Valid
OD004224,O02101,Valid,P110,Valid,1,Valid,0.15,Valid
OD004225,O02102,Valid,P057,Valid,1,Valid,0.05,Valid
OD004226,O02102,Valid,P015,Valid,1,Valid,0.15,Valid
OD004227,O02103,Valid,P088,Valid,1,Valid,0.2,Valid
OD004228,O02103,Valid,P111,Valid,2,Valid,0,Valid
OD004229,O02103,Valid,P116,Valid,1,Valid,0.05,Valid
OD004230,O02104,Valid,P130,Valid,2,Valid,0.2,Valid
OD004231,O02104,Valid,P076,Valid,3,Valid,0,Valid
OD004232,O02104,Valid,P038,Valid,2,Valid,0,Valid
OD004233,O02104,Valid,P048,Valid,2,Valid,0.1,Valid
OD004234,O02105,Valid,P093,Valid,2,Valid,0.05,Valid
OD004235,O02106,Valid,P067,Valid,2,Valid,0.25,Valid
OD004236,O02107,Valid,P122,Valid,1,Valid,0.2,Valid
OD004237,O02108,Valid,P022,Valid,1,Valid,0.25,Valid
OD004238,O02109,Valid,P071,Valid,1,Valid,0.25,Valid
OD004239,O02109,Valid,P029,Valid,2,Valid,0.15,Valid
OD004240,O02109,Valid,P057,Valid,3,Valid,0.1,Valid
OD004241,O02110,Valid,P047,Valid,2,Valid,0.25,Valid
OD004242,O02110,Valid,P067,Valid,4,Valid,0,Valid
OD004243,O02110,Valid,P011,Valid,1,Valid,0,Valid
OD004244,O02110,Valid,P132,Valid,3,Valid,0.25,Valid
OD004245,O02111,Valid,P105,Valid,2,Valid,0,Valid
OD004246,O02111,Valid,P139,Valid,3,Valid,0.05,Valid
OD004247,O02112,Valid,P026,Valid,1,Valid,0,Valid
OD004248,O02112,Valid,P125,Valid,2,Valid,0.1,Valid
OD004249,O02112,Valid,P035,Valid,1,Valid,0,Valid
OD004250,O02112,Valid,P138,Valid,2,Valid,0.2,Valid
OD004251,O02113,Valid,P032,Valid,1,Valid,0.25,Valid
OD004252,O02114,Valid,P042,Valid,2,Valid,0,Valid
OD004253,O02114,Valid,P036,Valid,1,Valid,0,Valid
OD004254,O02114,Valid,P059,Valid,2,Valid,0,Valid
OD004255,O02114,Valid,P037,Valid,1,Valid,0,Valid
OD004256,O02115,Valid,P072,Valid,1,Valid,0.25,Valid
OD004257,O02115,Valid,P121,Valid,1,Valid,0.15,Valid
OD004258,O02116,Valid,P092,Valid,2,Valid,0.15,Valid
OD004259,O02117,Valid,P077,Valid,1,Valid,0.05,Valid
OD004260,O02117,Valid,P009,Valid,1,Valid,0,Valid
OD004261,O02118,Valid,P142,Valid,2,Valid,0.25,Valid
OD004262,O02118,Valid,P069,Valid,1,Valid,0,Valid
OD004263,O02118,Valid,P116,Valid,1,Valid,0.25,Valid
OD004264,,Missing,P030,Valid,1,Valid,0.05,Valid
OD004265,O02120,Valid,P008,Valid,1,Valid,0.25,Valid
OD004266,O02120,Valid,P081,Valid,2,Valid,0,Valid
OD004267,O02120,Valid,P050,Valid,1,Valid,0.25,Valid
OD004268,O02121,Valid,P136,Valid,4,Valid,0.1,Valid
OD004269,O02121,Valid,P034,Valid,1,Valid,0,Valid
OD004270,O02121,Valid,P002,Valid,3,Valid,0.2,Valid
OD004271,O02122,Valid,P093,Valid,1,Valid,0.15,Valid
OD004272,O02122,Valid,P126,Valid,4,Valid,0.1,Valid
OD004273,O02122,Valid,P143,Valid,2,Valid,0,Valid
OD004274,O02123,Valid,P033,Valid,2,Valid,0,Valid
OD004275,O02124,Valid,P019,Valid,2,Valid,0.05,Valid
OD004276,O02124,Valid,P007,Valid,4,Valid,0.2,Valid
OD004277,O02124,Valid,P077,Valid,1,Valid,0,Valid
OD004278,O02124,Valid,P027,Valid,1,Valid,0,Valid
OD004279,O02125,Valid,P086,Valid,4,Valid,0.25,Valid
OD004280,O02125,Valid,P033,Valid,2,Valid,0.25,Valid
OD004281,O02126,Valid,P068,Valid,1,Valid,0.1,Valid
OD004282,O02127,Valid,P105,Valid,1,Valid,0.2,Valid
OD004283,O02127,Valid,P117,Valid,3,Valid,0,Valid
OD004284,O02128,Valid,P010,Valid,1,Valid,0.2,Valid
OD004285,O02128,Valid,P045,Valid,2,Valid,0.2,Valid
OD004286,O02129,Valid,P058,Valid,2,Valid,0,Valid
OD004287,O02129,Valid,P006,Valid,4,Valid,0.05,Valid
OD004288,O02130,Valid,P144,Valid,3,Valid,0,Valid
OD004289,O02130,Valid,P007,Valid,2,Valid,0.15,Valid
OD004290,O02131,Valid,P030,Valid,1,Valid,0,Valid
OD004291,O02131,Valid,P038,Valid,4,Valid,0.2,Valid
OD004292,O02132,Valid,P114,Valid,1,Valid,0.25,Valid
OD004293,O02132,Valid,P065,Valid,3,Valid,0.1,Valid
OD004294,O02133,Valid,P148,Valid,1,Valid,0.25,Valid
OD004295,O02133,Valid,P004,Valid,1,Valid,0.15,Valid
OD004296,O02134,Valid,P089,Valid,2,Valid,0.25,Valid
OD004297,O02135,Valid,P147,Valid,1,Valid,0.2,Valid
OD004298,O02136,Valid,P006,Valid,2,Valid,0.2,Valid
OD004299,O02136,Valid,P140,Valid,1,Valid,0.25,Valid
OD004300,O02136,Valid,P072,Valid,2,Valid,0.15,Valid
OD004301,O02136,Valid,P048,Valid,2,Valid,0.15,Valid
OD004302,O02137,Valid,P013,Valid,1,Valid,0.15,Valid
OD004303,O02137,Valid,P077,Valid,2,Valid,0.25,Valid
OD004304,O02137,Valid,P092,Valid,2,Valid,0.1,Valid
OD004305,O02138,Valid,P097,Valid,1,Valid,0.2,Valid
OD004306,O02139,Valid,P100,Valid,1,Valid,0.1,Valid
OD004307,O02140,Valid,P062,Valid,2,Valid,0.25,Valid
OD004308,O02140,Valid,P060,Valid,1,Valid,0.05,Valid
OD004309,O02141,Valid,P012,Valid,2,Valid,0.05,Valid
OD004310,O02141,Valid,P022,Valid,1,Valid,0.1,Valid
OD004311,O02142,Valid,P024,Valid,2,Valid,0.2,Valid
OD004312,O02142,Valid,P058,Valid,2,Valid,0,Valid
OD004313,O02143,Valid,P142,Valid,1,Valid,0,Valid
OD004314,O02144,Valid,P057,Valid,3,Valid,0,Valid
OD004315,O02145,Valid,P072,Valid,2,Valid,0.2,Valid
OD004316,O02145,Valid,P050,Valid,2,Valid,0.15,Valid
OD004317,O02146,Valid,P042,Valid,1,Valid,0.05,Valid
OD004318,O02146,Valid,P102,Valid,1,Valid,0.1,Valid
OD004319,O02147,Valid,P128,Valid,2,Valid,0.05,Valid
OD004320,O02147,Valid,P047,Valid,3,Valid,0,Valid
OD004321,O02147,Valid,P083,Valid,1,Valid,0.2,Valid
OD004322,O02147,Valid,P003,Valid,1,Valid,0.05,Valid
OD004323,O02148,Valid,P055,Valid,1,Valid,0.15,Valid
OD004324,O02149,Valid,P009,Valid,1,Valid,0,Valid
OD004325,O02150,Valid,P033,Valid,1,Valid,0.2,Valid
OD004326,O02150,Valid,P079,Valid,1,Valid,0.05,Valid
OD004327,O02151,Valid,P102,Valid,2,Valid,0,Valid
OD004328,O02152,Valid,P137,Valid,1,Valid,0.05,Valid
OD004329,O02153,Valid,P073,Valid,1,Valid,0.1,Valid
OD004330,O02153,Valid,P150,Valid,1,Valid,0.25,Valid
OD004331,O02154,Valid,P145,Valid,1,Valid,0,Valid
OD004332,O02154,Valid,P097,Valid,1,Valid,0,Valid
OD004333,O02155,Valid,P116,Valid,1,Valid,0,Valid
OD004334,O02156,Valid,P055,Valid,3,Valid,0.15,Valid
OD004335,O02156,Valid,P057,Valid,1,Valid,0.05,Valid
OD004336,O02156,Valid,P037,Valid,,Missing,0,Valid
OD004337,O02156,Valid,P087,Valid,4,Valid,0,Valid
OD004338,O02157,Valid,P138,Valid,4,Valid,0,Valid
OD004339,O02158,Valid,P100,Valid,1,Valid,0.05,Valid
OD004340,O02158,Valid,P058,Valid,1,Valid,0.25,Valid
OD004341,O02159,Valid,P112,Valid,2,Valid,0,Valid
OD004342,O02160,Valid,P024,Valid,1,Valid,0.1,Valid
OD004343,O02160,Valid,P114,Valid,1,Valid,0,Valid
OD004344,O02160,Valid,P041,Valid,2,Valid,0,Valid
OD004345,O02161,Valid,P034,Valid,2,Valid,0.1,Valid
OD004346,O02161,Valid,P007,Valid,2,Valid,0.25,Valid
OD004347,O02161,Valid,P078,Valid,1,Valid,0,Valid
OD004348,O02161,Valid,P023,Valid,1,Valid,0.2,Valid
OD004349,O02162,Valid,P046,Valid,2,Valid,0.1,Valid
OD004350,O02163,Valid,P054,Valid,4,Valid,0.25,Valid
OD004351,O02163,Valid,P122,Valid,1,Valid,0.1,Valid
OD004352,O02164,Valid,P033,Valid,4,Valid,0.05,Valid
OD004353,O02165,Valid,P009,Valid,2,Valid,0,Valid
OD004354,O02165,Valid,P056,Valid,2,Valid,0,Valid
OD004355,O02165,Valid,P032,Valid,1,Valid,0.15,Valid
OD004356,O02165,Valid,P060,Valid,4,Valid,0.25,Valid
OD004357,O02166,Valid,P002,Valid,1,Valid,0,Valid
OD004358,O02167,Valid,P108,Valid,1,Valid,0.2,Valid
OD004359,O02168,Valid,P013,Valid,2,Valid,0,Valid
OD004360,O02168,Valid,P028,Valid,3,Valid,0,Valid
OD004361,O02169,Valid,P096,Valid,2,Valid,0,Valid
OD004362,O02170,Valid,P125,Valid,2,Valid,0,Valid
OD004363,O02170,Valid,P022,Valid,1,Valid,0,Valid
OD004364,O02171,Valid,P006,Valid,3,Valid,0.05,Valid
OD004365,O02171,Valid,P048,Valid,2,Valid,0,Valid
OD004366,O02171,Valid,P149,Valid,2,Valid,0,Valid
OD004367,O02172,Valid,P088,Valid,2,Valid,0.2,Valid
OD004368,O02173,Valid,P072,Valid,2,Valid,0.2,Valid
OD004369,O02173,Valid,P127,Valid,1,Valid,0.05,Valid
OD004370,O02173,Valid,P017,Valid,2,Valid,0.05,Valid
OD004371,O02174,Valid,P116,Valid,2,Valid,0.15,Valid
OD004372,O02175,Valid,P037,Valid,4,Valid,0.25,Valid
OD004373,O02175,Valid,P059,Valid,1,Valid,0.2,Valid
OD004374,O02175,Valid,P001,Valid,4,Valid,0,Valid
OD004375,O02175,Valid,P074,Valid,1,Valid,0.2,Valid
OD004376,O02176,Valid,P022,Valid,2,Valid,0.2,Valid
OD004377,O02177,Valid,P120,Valid,1,Valid,0.05,Valid
OD004378,O02177,Valid,P137,Valid,2,Valid,0.05,Valid
OD004379,O02177,Valid,P020,Valid,2,Valid,0.2,Valid
OD004380,O02178,Valid,P063,Valid,2,Valid,0,Valid
OD004381,O02179,Valid,P031,Valid,3,Valid,0.15,Valid
OD004382,O02179,Valid,P076,Valid,3,Valid,0,Valid
OD004383,O02179,Valid,P091,Valid,1,Valid,0.2,Valid
OD004384,O02179,Valid,P051,Valid,2,Valid,0.1,Valid
OD004385,O02180,Valid,P108,Valid,1,Valid,0,Valid
OD004386,O02180,Valid,P110,Valid,1,Valid,0,Valid
OD004387,O02181,Valid,P121,Valid,1,Valid,0,Valid
OD004388,O02181,Valid,P108,Valid,4,Valid,0.15,Valid
OD004389,O02181,Valid,P018,Valid,1,Valid,0.15,Valid
OD004390,O02182,Valid,P083,Valid,2,Valid,0.15,Valid
OD004391,O02183,Valid,P105,Valid,3,Valid,0,Valid
OD004392,O02184,Valid,P016,Valid,1,Valid,0.2,Valid
OD004393,O02184,Valid,P040,Valid,1,Valid,0.1,Valid
OD004394,O02184,Valid,P034,Valid,2,Valid,0.2,Valid
OD004395,O02184,Valid,P063,Valid,2,Valid,0.2,Valid
OD004396,O02185,Valid,P007,Valid,3,Valid,0.25,Valid
OD004397,O02185,Valid,P099,Valid,2,Valid,0.2,Valid
OD004398,O02186,Valid,P053,Valid,1,Valid,0,Valid
OD004399,O02186,Valid,P086,Valid,1,Valid,0,Valid
OD004400,O02187,Valid,P125,Valid,1,Valid,0.15,Valid
OD004401,O02187,Valid,P032,Valid,1,Valid,0,Valid
OD004402,O02187,Valid,P139,Valid,4,Valid,0,Valid
OD004403,O02188,Valid,P133,Valid,3,Valid,0.15,Valid
OD004404,O02188,Valid,P073,Valid,1,Valid,0.1,Valid
OD004405,O02189,Valid,P128,Valid,1,Valid,0,Valid
OD004406,O02190,Valid,P039,Valid,2,Valid,0.05,Valid
OD004407,O02191,Valid,P006,Valid,1,Valid,0,Valid
OD004408,O02192,Valid,P063,Valid,4,Valid,0,Valid
OD004409,O02192,Valid,P117,Valid,2,Valid,0.25,Valid
OD004410,O02192,Valid,P087,Valid,2,Valid,0.15,Valid
OD004411,O02193,Valid,P039,Valid,1,Valid,0,Valid
OD004412,O02193,Valid,P063,Valid,1,Valid,0.1,Valid
OD004413,O02193,Valid,P019,Valid,1,Valid,0.15,Valid
OD004414,O02194,Valid,P129,Valid,1,Valid,0.1,Valid
OD004415,O02194,Valid,P098,Valid,4,Valid,0.15,Valid
OD004416,O02194,Valid,P054,Valid,3,Valid,0.05,Valid
OD004417,O02195,Valid,P126,Valid,3,Valid,0.15,Valid
OD004418,O02196,Valid,P128,Valid,2,Valid,0.05,Valid
OD004419,O02197,Valid,P019,Valid,1,Valid,0.15,Valid
OD004420,O02197,Valid,P088,Valid,1,Valid,0,Valid
OD004421,O02198,Valid,P026,Valid,4,Valid,0.05,Valid
OD004422,O02199,Valid,P008,Valid,1,Valid,0.2,Valid
OD004423,O02199,Valid,P100,Valid,2,Valid,0.1,Valid
OD004424,O02199,Valid,P091,Valid,1,Valid,0,Valid
OD004425,O02200,Valid,P114,Valid,4,Valid,0.05,Valid
OD004426,O02200,Valid,P057,Valid,1,Valid,0.25,Valid
OD004427,O02201,Valid,P125,Valid,1,Valid,0.05,Valid
OD004428,O02202,Valid,P089,Valid,1,Valid,0.25,Valid
OD004429,O02203,Valid,P126,Valid,4,Valid,0.05,Valid
OD004430,O02204,Valid,P101,Valid,2,Valid,0.1,Valid
OD004431,O02204,Valid,P081,Valid,2,Valid,0.05,Valid
OD004432,O02204,Valid,P099,Valid,2,Valid,0.1,Valid
OD004433,O02205,Valid,P076,Valid,1,Valid,0,Valid
OD004434,O02205,Valid,P110,Valid,1,Valid,0.25,Valid
OD004435,O02206,Valid,P148,Valid,1,Valid,0.05,Valid
OD004436,O02206,Valid,P074,Valid,2,Valid,0.2,Valid
OD004437,O02206,Valid,P095,Valid,1,Valid,0.05,Valid
OD004438,O02206,Valid,P031,Valid,1,Valid,0.1,Valid
OD004439,O02207,Valid,P034,Valid,2,Valid,0.05,Valid
OD004440,O02207,Valid,P146,Valid,2,Valid,0.15,Valid
OD004441,O02208,Valid,P029,Valid,1,Valid,0.25,Valid
OD004442,O02209,Valid,P014,Valid,4,Valid,0.1,Valid
OD004443,O02209,Valid,P108,Valid,2,Valid,0.2,Valid
OD004444,O02209,Valid,P033,Valid,2,Valid,0,Valid
OD004445,O02210,Valid,P060,Valid,3,Valid,0,Valid
OD004446,O02210,Valid,P082,Valid,2,Valid,0.1,Valid
OD004447,O02211,Valid,P056,Valid,3,Valid,0.05,Valid
OD004448,O02211,Valid,P066,Valid,4,Valid,0,Valid
OD004449,O02212,Valid,P034,Valid,2,Valid,0,Valid
OD004450,O02213,Valid,P112,Valid,4,Valid,0.25,Valid
OD004451,O02214,Valid,P096,Valid,1,Valid,0.25,Valid
OD004452,O02214,Valid,P002,Valid,1,Valid,0.05,Valid
OD004453,O02214,Valid,P048,Valid,2,Valid,0.1,Valid
OD004454,O02215,Valid,P002,Valid,1,Valid,0.1,Valid
OD004455,O02215,Valid,P074,Valid,3,Valid,0.15,Valid
OD004456,O02216,Valid,P036,Valid,1,Valid,0.25,Valid
OD004457,O02216,Valid,P096,Valid,2,Valid,0.05,Valid
OD004458,O02217,Valid,P014,Valid,1,Valid,0,Valid
OD004459,O02217,Valid,P118,Valid,3,Valid,0.15,Valid
OD004460,O02217,Valid,P007,Valid,2,Valid,0,Valid
OD004461,O02218,Valid,P075,Valid,2,Valid,0.15,Valid
OD004462,O02219,Valid,P037,Valid,2,Valid,0.2,Valid
OD004463,O02219,Valid,P063,Valid,3,Valid,0,Valid
OD004464,O02219,Valid,P050,Valid,3,Valid,0,Valid
OD004465,O02220,Valid,P070,Valid,1,Valid,0.2,Valid
OD004466,O02220,Valid,P082,Valid,2,Valid,0.1,Valid
OD004467,O02221,Valid,P114,Valid,2,Valid,0,Valid
OD004468,O02221,Valid,P004,Valid,2,Valid,0.2,Valid
OD004469,O02222,Valid,P036,Valid,4,Valid,0.25,Valid
OD004470,O02223,Valid,P134,Valid,1,Valid,0,Valid
OD004471,O02223,Valid,P110,Valid,1,Valid,0.25,Valid
OD004472,O02223,Valid,P052,Valid,4,Valid,0,Valid
OD004473,O02223,Valid,P002,Valid,1,Valid,0.25,Valid
OD004474,O02224,Valid,P013,Valid,1,Valid,0,Valid
OD004475,O02224,Valid,P133,Valid,2,Valid,0.25,Valid
OD004476,O02224,Valid,P075,Valid,1,Valid,0.25,Valid
OD004477,O02224,Valid,P129,Valid,4,Valid,0.15,Valid
OD004478,O02225,Valid,P053,Valid,4,Valid,0,Valid
OD004479,O02226,Valid,P116,Valid,2,Valid,0,Valid
OD004480,O02226,Valid,P148,Valid,4,Valid,0.15,Valid
OD004481,O02227,Valid,P139,Valid,2,Valid,0.1,Valid
OD004482,O02228,Valid,P022,Valid,2,Valid,0,Valid
OD004483,O02228,Valid,P053,Valid,4,Valid,0.05,Valid
OD004484,O02229,Valid,P065,Valid,2,Valid,0,Valid
OD004485,O02229,Valid,P074,Valid,1,Valid,0.15,Valid
OD004486,O02229,Valid,P112,Valid,1,Valid,,Missing
OD004487,O02230,Valid,P146,Valid,3,Valid,0.25,Valid
OD004488,O02231,Valid,P030,Valid,4,Valid,0,Valid
OD004489,O02232,Valid,P067,Valid,2,Valid,0.05,Valid
OD004490,O02233,Valid,P024,Valid,1,Valid,0.25,Valid
OD004491,O02233,Valid,P145,Valid,3,Valid,0.25,Valid
OD004492,O02233,Valid,P056,Valid,1,Valid,0,Valid
OD004493,O02233,Valid,P096,Valid,1,Valid,0.05,Valid
OD004494,O02234,Valid,P101,Valid,1,Valid,0.1,Valid
OD004495,O02235,Valid,P136,Valid,3,Valid,0.2,Valid
OD004496,O02236,Valid,P016,Valid,1,Valid,0.15,Valid
OD004497,O02236,Valid,P139,Valid,3,Valid,0.15,Valid
OD004498,O02236,Valid,P013,Valid,2,Valid,0.2,Valid
OD004499,O02237,Valid,P010,Valid,1,Valid,0.05,Valid
OD004500,O02237,Valid,P074,Valid,1,Valid,0.05,Valid
OD004501,O02237,Valid,P066,Valid,1,Valid,0,Valid
OD004502,O02237,Valid,P018,Valid,1,Valid,0.1,Valid
OD004503,O02238,Valid,P131,Valid,1,Valid,0.2,Valid
OD004504,O02238,Valid,P088,Valid,1,Valid,0.25,Valid
OD004505,O02239,Valid,P049,Valid,2,Valid,0.2,Valid
OD004506,O02240,Valid,P027,Valid,3,Valid,0,Valid
OD004507,O02240,Valid,P071,Valid,2,Valid,0.05,Valid
OD004508,O02240,Valid,P132,Valid,2,Valid,0.05,Valid
OD004509,O02241,Valid,P130,Valid,1,Valid,0,Valid
OD004510,O02242,Valid,P004,Valid,1,Valid,0.1,Valid
OD004511,O02243,Valid,,Missing,1,Valid,0.1,Valid
OD004512,O02243,Valid,P098,Valid,1,Valid,0.1,Valid
OD004513,O02244,Valid,P116,Valid,1,Valid,0.15,Valid
OD004514,O02244,Valid,P141,Valid,1,Valid,0,Valid
OD004515,O02244,Valid,P068,Valid,2,Valid,0.25,Valid
OD004516,O02244,Valid,P010,Valid,3,Valid,0,Valid
OD004517,O02245,Valid,P135,Valid,3,Valid,0.2,Valid
OD004518,O02245,Valid,P144,Valid,1,Valid,0.1,Valid
OD004519,O02246,Valid,P027,Valid,1,Valid,0.05,Valid
OD004520,O02246,Valid,P112,Valid,2,Valid,0.1,Valid
OD004521,O02246,Valid,P024,Valid,2,Valid,0.25,Valid
OD004522,O02247,Valid,P109,Valid,1,Valid,0.15,Valid
OD004523,O02247,Valid,P029,Valid,2,Valid,0.1,Valid
OD004524,O02248,Valid,P099,Valid,3,Valid,0.2,Valid
OD004525,O02248,Valid,P113,Valid,2,Valid,0,Valid
OD004526,O02248,Valid,P092,Valid,3,Valid,0,Valid
OD004527,O02248,Valid,P149,Valid,1,Valid,0.1,Valid
OD004528,O02249,Valid,P122,Valid,4,Valid,0,Valid
OD004529,O02250,Valid,P083,Valid,2,Valid,0,Valid
OD004530,O02250,Valid,P008,Valid,1,Valid,0,Valid
OD004531,O02250,Valid,P086,Valid,1,Valid,0.05,Valid
OD004532,O02251,Valid,P139,Valid,2,Valid,0.05,Valid
OD004533,O02251,Valid,P018,Valid,2,Valid,0.2,Valid
OD004534,O02251,Valid,P090,Valid,1,Valid,0.15,Valid
OD004535,O02252,Valid,P064,Valid,1,Valid,0,Valid
OD004536,O02253,Valid,P149,Valid,3,Valid,0.15,Valid
OD004537,O02254,Valid,P131,Valid,2,Valid,0.1,Valid
OD004538,O02254,Valid,P042,Valid,3,Valid,0,Valid
OD004539,O02254,Valid,P073,Valid,1,Valid,0.1,Valid
OD004540,O02254,Valid,P041,Valid,4,Valid,0.2,Valid
OD004541,O02255,Valid,P086,Valid,1,Valid,0,Valid
OD004542,O02255,Valid,P144,Valid,3,Valid,0.05,Valid
OD004543,O02256,Valid,P069,Valid,2,Valid,0.15,Valid
OD004544,O02256,Valid,P109,Valid,2,Valid,0.15,Valid
OD004545,O02257,Valid,P054,Valid,4,Valid,0.15,Valid
OD004546,O02257,Valid,P002,Valid,1,Valid,0,Valid
OD004547,O02257,Valid,P052,Valid,1,Valid,0.25,Valid
OD004548,O02257,Valid,P039,Valid,2,Valid,0,Valid
OD004549,O02258,Valid,P099,Valid,2,Valid,0.15,Valid
OD004550,O02258,Valid,P111,Valid,4,Valid,0.2,Valid
OD004551,O02259,Valid,P066,Valid,1,Valid,0,Valid
OD004552,O02260,Valid,P095,Valid,1,Valid,0,Valid
OD004553,O02260,Valid,P016,Valid,4,Valid,0.15,Valid
OD004554,O02260,Valid,P043,Valid,1,Valid,0.05,Valid
OD004555,O02261,Valid,P028,Valid,1,Valid,0.25,Valid
OD004556,O02261,Valid,P062,Valid,2,Valid,0.1,Valid
OD004557,O02262,Valid,P049,Valid,2,Valid,0,Valid
OD004558,O02262,Valid,P002,Valid,3,Valid,0.25,Valid
OD004559,O02262,Valid,P138,Valid,1,Valid,0.2,Valid
OD004560,O02262,Valid,P145,Valid,2,Valid,0.25,Valid
OD004561,O02263,Valid,P058,Valid,4,Valid,0.1,Valid
OD004562,O02263,Valid,P143,Valid,2,Valid,0.1,Valid
OD004563,O02263,Valid,P043,Valid,3,Valid,0.25,Valid
OD004564,O02263,Valid,P124,Valid,1,Valid,0,Valid
OD004565,O02264,Valid,P129,Valid,1,Valid,,Missing
OD004566,O02264,Valid,P075,Valid,3,Valid,0.1,Valid
OD004567,O02264,Valid,P036,Valid,3,Valid,0.15,Valid
OD004568,O02264,Valid,P082,Valid,2,Valid,0,Valid
OD004569,O02265,Valid,P016,Valid,1,Valid,0.1,Valid
OD004570,O02266,Valid,P038,Valid,1,Valid,0,Valid
OD004571,O02267,Valid,P037,Valid,3,Valid,0.05,Valid
OD004572,O02267,Valid,P072,Valid,2,Valid,0,Valid
OD004573,O02267,Valid,P050,Valid,3,Valid,0,Valid
OD004574,O02267,Valid,P076,Valid,1,Valid,0.2,Valid
OD004575,O02268,Valid,P124,Valid,1,Valid,0.25,Valid
OD004576,O02268,Valid,P115,Valid,2,Valid,0.25,Valid
OD004577,O02268,Valid,P121,Valid,4,Valid,0.2,Valid
OD004578,O02269,Valid,P031,Valid,2,Valid,0.2,Valid
OD004579,O02269,Valid,P149,Valid,2,Valid,0,Valid
OD004580,O02270,Valid,P094,Valid,1,Valid,0.25,Valid
OD004581,O02270,Valid,P112,Valid,2,Valid,0.1,Valid
OD004582,O02271,Valid,P117,Valid,2,Valid,0.15,Valid
OD004583,O02271,Valid,P105,Valid,3,Valid,0.2,Valid
OD004584,O02271,Valid,P076,Valid,2,Valid,0.15,Valid
OD004585,O02271,Valid,P011,Valid,4,Valid,0,Valid
OD004586,O02272,Valid,P074,Valid,4,Valid,0.05,Valid
OD004587,O02273,Valid,P005,Valid,2,Valid,0.2,Valid
OD004588,O02274,Valid,P039,Valid,1,Valid,0.25,Valid
OD004589,O02275,Valid,P073,Valid,1,Valid,0.25,Valid
OD004590,O02275,Valid,P036,Valid,2,Valid,0.15,Valid
OD004591,O02275,Valid,P098,Valid,1,Valid,0.2,Valid
OD004592,O02275,Valid,P094,Valid,1,Valid,0,Valid
OD004593,O02276,Valid,P023,Valid,1,Valid,0.15,Valid
OD004594,O02276,Valid,P149,Valid,3,Valid,0,Valid
OD004595,O02276,Valid,P020,Valid,2,Valid,0,Valid
OD004596,O02276,Valid,P067,Valid,1,Valid,0.2,Valid
OD004597,O02277,Valid,P123,Valid,3,Valid,0,Valid
OD004598,O02278,Valid,P013,Valid,1,Valid,0.1,Valid
OD004599,O02278,Valid,P030,Valid,4,Valid,0.2,Valid
OD004600,O02279,Valid,P030,Valid,1,Valid,0,Valid
OD004601,O02279,Valid,P022,Valid,3,Valid,0.2,Valid
OD004602,O02280,Valid,P012,Valid,1,Valid,0.1,Valid
OD004603,O02281,Valid,P039,Valid,1,Valid,0.15,Valid
OD004604,O02281,Valid,P108,Valid,1,Valid,0,Valid
OD004605,O02281,Valid,P003,Valid,2,Valid,0.05,Valid
OD004606,O02282,Valid,P147,Valid,3,Valid,0.05,Valid
OD004607,O02282,Valid,P054,Valid,4,Valid,0.1,Valid
OD004608,O02283,Valid,P117,Valid,4,Valid,0.15,Valid
OD004609,O02284,Valid,P053,Valid,2,Valid,0.15,Valid
OD004610,O02284,Valid,P057,Valid,3,Valid,0,Valid
OD004611,O02284,Valid,P082,Valid,1,Valid,0.1,Valid
OD004612,O02284,Valid,P074,Valid,1,Valid,0.15,Valid
OD004613,O02285,Valid,P028,Valid,1,Valid,0.15,Valid
OD004614,O02286,Valid,P121,Valid,1,Valid,0.25,Valid
OD004615,O02286,Valid,P146,Valid,1,Valid,0.1,Valid
OD004616,O02287,Valid,P130,Valid,2,Valid,0.2,Valid
OD004617,O02288,Valid,,Missing,4,Valid,0,Valid
OD004618,O02288,Valid,P062,Valid,1,Valid,0,Valid
OD004619,O02289,Valid,P127,Valid,3,Valid,0,Valid
OD004620,O02290,Valid,P105,Valid,4,Valid,0.15,Valid
OD004621,O02290,Valid,P109,Valid,1,Valid,0.05,Valid
OD004622,O02290,Valid,P094,Valid,2,Valid,0.15,Valid
OD004623,O02290,Valid,P038,Valid,1,Valid,0.05,Valid
OD004624,O02291,Valid,P043,Valid,1,Valid,0,Valid
OD004625,O02291,Valid,P128,Valid,4,Valid,0,Valid
OD004626,O02291,Valid,P033,Valid,3,Valid,0.2,Valid
OD004627,O02291,Valid,P075,Valid,3,Valid,0.2,Valid
OD004628,O02292,Valid,P006,Valid,2,Valid,0.1,Valid
OD004629,O02293,Valid,P013,Valid,3,Valid,0.2,Valid
OD004630,O02293,Valid,P023,Valid,2,Valid,0.25,Valid
OD004631,O02293,Valid,P078,Valid,1,Valid,0.05,Valid
OD004632,O02294,Valid,P007,Valid,2,Valid,0.25,Valid
OD004633,O02295,Valid,P072,Valid,1,Valid,0.25,Valid
OD004634,O02296,Valid,P127,Valid,1,Valid,0.1,Valid
OD004635,O02297,Valid,P052,Valid,1,Valid,0.05,Valid
OD004636,O02297,Valid,P015,Valid,2,Valid,0.25,Valid
OD004637,O02297,Valid,P051,Valid,3,Valid,0,Valid
OD004638,O02298,Valid,P052,Valid,1,Valid,0,Valid
OD004639,O02298,Valid,P004,Valid,1,Valid,0.2,Valid
OD004640,O02299,Valid,P014,Valid,2,Valid,0.25,Valid
OD004641,O02300,Valid,P061,Valid,2,Valid,0.1,Valid
OD004642,O02300,Valid,P017,Valid,2,Valid,0,Valid
OD004643,O02301,Valid,P001,Valid,1,Valid,0,Valid
OD004644,O02301,Valid,P080,Valid,2,Valid,0.2,Valid
OD004645,O02301,Valid,P137,Valid,1,Valid,0.05,Valid
OD004646,O02302,Valid,P072,Valid,2,Valid,0.15,Valid
OD004647,O02302,Valid,P017,Valid,4,Valid,0,Valid
OD004648,O02302,Valid,P086,Valid,2,Valid,0.2,Valid
OD004649,O02303,Valid,P059,Valid,1,Valid,0.05,Valid
OD004650,O02304,Valid,P057,Valid,2,Valid,0,Valid
OD004651,O02304,Valid,P114,Valid,1,Valid,0.25,Valid
OD004652,O02304,Valid,P107,Valid,2,Valid,0.1,Valid
OD004653,O02305,Valid,P137,Valid,3,Valid,0,Valid
OD004654,O02306,Valid,,Missing,1,Valid,0.2,Valid
OD004655,O02306,Valid,P036,Valid,3,Valid,0.1,Valid
OD004656,O02307,Valid,P018,Valid,4,Valid,0.25,Valid
OD004657,O02307,Valid,P090,Valid,4,Valid,0.15,Valid
OD004658,O02308,Valid,P118,Valid,3,Valid,0.05,Valid
OD004659,O02309,Valid,P118,Valid,1,Valid,0.25,Valid
OD004660,O02309,Valid,P001,Valid,4,Valid,0,Valid
OD004661,O02309,Valid,P089,Valid,1,Valid,0.05,Valid
OD004662,O02309,Valid,P057,Valid,3,Valid,0.15,Valid
OD004663,O02310,Valid,P063,Valid,1,Valid,0.25,Valid
OD004664,O02311,Valid,P111,Valid,1,Valid,0.15,Valid
OD004665,O02311,Valid,P128,Valid,2,Valid,0.15,Valid
OD004666,O02312,Valid,P075,Valid,1,Valid,0.15,Valid
OD004667,O02312,Valid,P036,Valid,2,Valid,0,Valid
OD004668,O02313,Valid,P079,Valid,2,Valid,0,Valid
OD004669,O02313,Valid,P036,Valid,2,Valid,0.1,Valid
OD004670,O02313,Valid,P109,Valid,3,Valid,0.25,Valid
OD004671,O02314,Valid,P008,Valid,4,Valid,0.2,Valid
OD004672,O02315,Valid,P104,Valid,4,Valid,0.1,Valid
OD004673,O02316,Valid,P123,Valid,2,Valid,0.1,Valid
OD004674,O02316,Valid,P026,Valid,2,Valid,0.1,Valid
OD004675,O02317,Valid,P033,Valid,2,Valid,0,Valid
OD004676,O02317,Valid,P136,Valid,2,Valid,0.15,Valid
OD004677,O02317,Valid,P139,Valid,2,Valid,0.2,Valid
OD004678,O02317,Valid,P056,Valid,3,Valid,0.05,Valid
OD004679,O02318,Valid,P023,Valid,3,Valid,0.2,Valid
OD004680,O02319,Valid,P042,Valid,2,Valid,0,Valid
OD004681,O02319,Valid,P118,Valid,2,Valid,0,Valid
OD004682,O02320,Valid,P109,Valid,2,Valid,0.1,Valid
OD004683,O02321,Valid,P132,Valid,2,Valid,0.2,Valid
OD004684,O02321,Valid,P003,Valid,3,Valid,0,Valid
OD004685,O02322,Valid,P102,Valid,2,Valid,0.25,Valid
OD004686,O02322,Valid,P022,Valid,1,Valid,0,Valid
OD004687,O02323,Valid,P141,Valid,3,Valid,0.15,Valid
OD004688,O02324,Valid,P138,Valid,1,Valid,0.15,Valid
OD004689,O02324,Valid,P001,Valid,2,Valid,0,Valid
OD004690,O02324,Valid,P119,Valid,4,Valid,0.05,Valid
OD004691,O02325,Valid,P138,Valid,1,Valid,0.05,Valid
OD004692,O02325,Valid,P028,Valid,1,Valid,0.15,Valid
OD004693,O02326,Valid,P123,Valid,1,Valid,0.1,Valid
OD004694,O02326,Valid,P120,Valid,1,Valid,0.15,Valid
OD004695,O02327,Valid,P127,Valid,2,Valid,0.25,Valid
OD004696,O02327,Valid,P098,Valid,1,Valid,0.15,Valid
OD004697,O02327,Valid,P076,Valid,1,Valid,0.2,Valid
OD004698,O02327,Valid,P007,Valid,2,Valid,0,Valid
OD004699,O02328,Valid,P008,Valid,1,Valid,0.2,Valid
OD004700,O02329,Valid,P032,Valid,4,Valid,0.1,Valid
OD004701,O02330,Valid,P100,Valid,1,Valid,0.1,Valid
OD004702,O02331,Valid,P150,Valid,2,Valid,0,Valid
OD004703,O02331,Valid,P049,Valid,4,Valid,0,Valid
OD004704,O02332,Valid,P091,Valid,1,Valid,0.25,Valid
OD004705,O02332,Valid,P102,Valid,1,Valid,0.15,Valid
OD004706,O02333,Valid,P113,Valid,3,Valid,0,Valid
OD004707,O02333,Valid,P021,Valid,4,Valid,0.05,Valid
OD004708,O02334,Valid,P110,Valid,1,Valid,0.25,Valid
OD004709,O02334,Valid,P011,Valid,3,Valid,0.05,Valid
OD004710,O02335,Valid,P012,Valid,1,Valid,0.15,Valid
OD004711,O02335,Valid,P002,Valid,3,Valid,0.2,Valid
OD004712,O02335,Valid,P048,Valid,1,Valid,0.15,Valid
OD004713,O02335,Valid,P068,Valid,2,Valid,0.15,Valid
OD004714,O02336,Valid,P126,Valid,3,Valid,0,Valid
OD004715,O02336,Valid,P090,Valid,3,Valid,0,Valid
OD004716,O02336,Valid,P119,Valid,4,Valid,0,Valid
OD004717,O02336,Valid,P013,Valid,2,Valid,0,Valid
OD004718,O02337,Valid,P032,Valid,1,Valid,0.2,Valid
OD004719,O02338,Valid,P088,Valid,3,Valid,0,Valid
OD004720,O02339,Valid,P130,Valid,2,Valid,0.25,Valid
OD004721,O02340,Valid,P010,Valid,1,Valid,0.15,Valid
OD004722,O02340,Valid,P127,Valid,4,Valid,0,Valid
OD004723,O02340,Valid,P071,Valid,2,Valid,0.2,Valid
OD004724,O02341,Valid,P089,Valid,1,Valid,0,Valid
OD004725,O02341,Valid,P039,Valid,4,Valid,0,Valid
OD004726,O02341,Valid,P047,Valid,2,Valid,0.15,Valid
OD004727,O02342,Valid,P031,Valid,3,Valid,0.15,Valid
OD004728,O02343,Valid,P099,Valid,1,Valid,0,Valid
OD004729,O02344,Valid,P128,Valid,3,Valid,0,Valid
OD004730,O02345,Valid,P035,Valid,4,Valid,0.05,Valid
OD004731,O02346,Valid,P045,Valid,1,Valid,0.2,Valid
OD004732,O02346,Valid,P099,Valid,4,Valid,0.15,Valid
OD004733,O02346,Valid,P109,Valid,2,Valid,0.05,Valid
OD004734,O02346,Valid,P036,Valid,1,Valid,0.1,Valid
OD004735,O02347,Valid,P074,Valid,4,Valid,0.2,Valid
OD004736,O02347,Valid,P007,Valid,1,Valid,0.25,Valid
OD004737,O02347,Valid,P084,Valid,3,Valid,0.25,Valid
OD004738,O02347,Valid,P127,Valid,1,Valid,0.05,Valid
OD004739,O02348,Valid,P095,Valid,3,Valid,0.25,Valid
OD004740,O02348,Valid,P105,Valid,2,Valid,0.05,Valid
OD004741,O02349,Valid,P098,Valid,2,Valid,0.1,Valid
OD004742,O02350,Valid,P054,Valid,1,Valid,0,Valid
OD004743,O02350,Valid,P093,Valid,1,Valid,0.05,Valid
OD004744,O02350,Valid,P078,Valid,3,Valid,0,Valid
OD004745,O02350,Valid,P065,Valid,1,Valid,0.1,Valid
OD004746,O02351,Valid,P110,Valid,3,Valid,0.25,Valid
OD004747,O02351,Valid,P141,Valid,2,Valid,0.05,Valid
OD004748,O02351,Valid,P138,Valid,4,Valid,0.15,Valid
OD004749,O02352,Valid,P069,Valid,2,Valid,0,Valid
OD004750,O02353,Valid,P076,Valid,3,Valid,0.15,Valid
OD004751,O02353,Valid,P144,Valid,2,Valid,0.2,Valid
OD004752,O02353,Valid,P059,Valid,1,Valid,0.25,Valid
OD004753,O02353,Valid,P091,Valid,2,Valid,0.25,Valid
OD004754,O02354,Valid,P056,Valid,2,Valid,0.25,Valid
OD004755,O02354,Valid,P112,Valid,1,Valid,0.15,Valid
OD004756,O02355,Valid,P062,Valid,1,Valid,0,Valid
OD004757,O02356,Valid,P118,Valid,2,Valid,0,Valid
OD004758,O02356,Valid,P122,Valid,2,Valid,0.15,Valid
OD004759,O02356,Valid,P094,Valid,1,Valid,0,Valid
OD004760,O02356,Valid,P135,Valid,1,Valid,0.25,Valid
OD004761,O02357,Valid,P105,Valid,3,Valid,0.25,Valid
OD004762,O02357,Valid,P144,Valid,3,Valid,0.05,Valid
OD004763,O02357,Valid,P056,Valid,1,Valid,0,Valid
OD004764,O02358,Valid,P111,Valid,1,Valid,0,Valid
OD004765,O02358,Valid,P087,Valid,4,Valid,0.2,Valid
OD004766,O02358,Valid,P138,Valid,4,Valid,0.05,Valid
OD004767,O02358,Valid,P009,Valid,1,Valid,0.25,Valid
OD004768,O02359,Valid,P093,Valid,3,Valid,0,Valid
OD004769,O02360,Valid,P045,Valid,1,Valid,0.1,Valid
OD004770,O02360,Valid,P137,Valid,2,Valid,0,Valid
OD004771,O02361,Valid,P003,Valid,1,Valid,0.05,Valid
OD004772,O02361,Valid,P014,Valid,1,Valid,0.25,Valid
OD004773,O02361,Valid,P118,Valid,2,Valid,0.25,Valid
OD004774,O02362,Valid,P146,Valid,1,Valid,0.2,Valid
OD004775,O02363,Valid,P115,Valid,3,Valid,0.1,Valid
OD004776,O02363,Valid,P059,Valid,1,Valid,0.25,Valid
OD004777,O02364,Valid,P081,Valid,3,Valid,0.25,Valid
OD004778,O02364,Valid,P070,Valid,1,Valid,0.2,Valid
OD004779,O02365,Valid,P002,Valid,1,Valid,0,Valid
OD004780,O02365,Valid,P062,Valid,2,Valid,0,Valid
OD004781,O02365,Valid,P144,Valid,1,Valid,0.15,Valid
OD004782,O02366,Valid,P029,Valid,1,Valid,0,Valid
OD004783,O02367,Valid,P034,Valid,1,Valid,0,Valid
OD004784,O02367,Valid,P002,Valid,3,Valid,0,Valid
OD004785,O02367,Valid,P077,Valid,2,Valid,0,Valid
OD004786,O02368,Valid,P054,Valid,1,Valid,0,Valid
OD004787,O02369,Valid,P036,Valid,2,Valid,0.15,Valid
OD004788,O02370,Valid,P060,Valid,4,Valid,0,Valid
OD004789,O02371,Valid,P126,Valid,4,Valid,0.2,Valid
OD004790,O02371,Valid,P085,Valid,3,Valid,0,Valid
OD004791,O02371,Valid,P049,Valid,1,Valid,0,Valid
OD004792,O02371,Valid,P021,Valid,1,Valid,0.2,Valid
OD004793,O02372,Valid,P148,Valid,1,Valid,0.05,Valid
OD004794,O02373,Valid,P043,Valid,2,Valid,0.25,Valid
OD004795,O02373,Valid,P103,Valid,1,Valid,0,Valid
OD004796,O02373,Valid,P092,Valid,2,Valid,0.1,Valid
OD004797,O02373,Valid,P048,Valid,4,Valid,0.2,Valid
OD004798,O02374,Valid,P047,Valid,1,Valid,0.2,Valid
OD004799,O02374,Valid,P089,Valid,1,Valid,0.15,Valid
OD004800,O02375,Valid,P127,Valid,1,Valid,0.15,Valid
OD004801,O02376,Valid,P142,Valid,3,Valid,0.2,Valid
OD004802,O02377,Valid,,Missing,1,Valid,0.05,Valid
OD004803,O02378,Valid,P067,Valid,3,Valid,0.25,Valid
OD004804,O02379,Valid,P011,Valid,2,Valid,0,Valid
OD004805,O02379,Valid,P021,Valid,1,Valid,0,Valid
OD004806,O02380,Valid,P123,Valid,3,Valid,0.05,Valid
OD004807,O02381,Valid,P092,Valid,1,Valid,0.25,Valid
OD004808,O02382,Valid,P057,Valid,4,Valid,0.1,Valid
OD004809,O02382,Valid,P117,Valid,1,Valid,0.1,Valid
OD004810,O02382,Valid,P009,Valid,1,Valid,0.15,Valid
OD004811,O02383,Valid,P028,Valid,1,Valid,0.1,Valid
OD004812,O02383,Valid,P107,Valid,1,Valid,0.1,Valid
OD004813,O02383,Valid,P117,Valid,1,Valid,0.25,Valid
OD004814,O02383,Valid,P052,Valid,1,Valid,0.25,Valid
OD004815,O02384,Valid,P082,Valid,4,Valid,0.1,Valid
OD004816,O02385,Valid,P109,Valid,3,Valid,0.2,Valid
OD004817,O02386,Valid,P043,Valid,1,Valid,0.25,Valid
OD004818,O02386,Valid,P109,Valid,2,Valid,0,Valid
OD004819,O02386,Valid,P066,Valid,2,Valid,0.05,Valid
OD004820,O02386,Valid,P026,Valid,2,Valid,0,Valid
OD004821,O02387,Valid,P114,Valid,1,Valid,0,Valid
OD004822,O02387,Valid,P101,Valid,,Missing,0.15,Valid
OD004823,O02388,Valid,P109,Valid,2,Valid,0,Valid
OD004824,O02389,Valid,P111,Valid,1,Valid,0,Valid
OD004825,O02390,Valid,P061,Valid,3,Valid,0.1,Valid
OD004826,O02390,Valid,P087,Valid,1,Valid,0.05,Valid
OD004827,O02390,Valid,P019,Valid,1,Valid,0,Valid
OD004828,O02390,Valid,P112,Valid,3,Valid,0.05,Valid
OD004829,O02391,Valid,P139,Valid,3,Valid,0.2,Valid
OD004830,O02391,Valid,P037,Valid,3,Valid,0.1,Valid
OD004831,O02391,Valid,P033,Valid,2,Valid,0,Valid
OD004832,O02392,Valid,P026,Valid,1,Valid,0.25,Valid
OD004833,O02392,Valid,,Missing,1,Valid,0.25,Valid
OD004834,O02392,Valid,P056,Valid,4,Valid,0.15,Valid
OD004835,O02393,Valid,P136,Valid,1,Valid,0.15,Valid
OD004836,O02393,Valid,P010,Valid,1,Valid,0.25,Valid
OD004837,O02394,Valid,P075,Valid,3,Valid,0,Valid
OD004838,O02395,Valid,P038,Valid,1,Valid,0.15,Valid
OD004839,O02396,Valid,P063,Valid,1,Valid,0.25,Valid
OD004840,O02396,Valid,P103,Valid,3,Valid,0,Valid
OD004841,O02396,Valid,P077,Valid,2,Valid,0,Valid
OD004842,O02396,Valid,P094,Valid,4,Valid,0.2,Valid
OD004843,O02397,Valid,P028,Valid,1,Valid,0.05,Valid
OD004844,O02398,Valid,P121,Valid,1,Valid,0.25,Valid
OD004845,O02399,Valid,P114,Valid,2,Valid,0.1,Valid
OD004846,O02400,Valid,P017,Valid,1,Valid,0.2,Valid
OD004847,O02401,Valid,P075,Valid,2,Valid,0,Valid
OD004848,O02402,Valid,P074,Valid,1,Valid,0.15,Valid
OD004849,O02402,Valid,P067,Valid,4,Valid,,Missing
OD004850,O02402,Valid,P050,Valid,1,Valid,0.2,Valid
OD004851,O02403,Valid,P064,Valid,2,Valid,0.15,Valid
OD004852,O02404,Valid,P058,Valid,4,Valid,0,Valid
OD004853,O02405,Valid,P041,Valid,3,Valid,0.15,Valid
OD004854,O02406,Valid,P124,Valid,3,Valid,0.2,Valid
OD004855,O02406,Valid,P031,Valid,1,Valid,0.05,Valid
OD004856,O02407,Valid,P105,Valid,1,Valid,0.2,Valid
OD004857,O02408,Valid,P030,Valid,2,Valid,0,Valid
OD004858,O02408,Valid,P120,Valid,2,Valid,0.25,Valid
OD004859,O02409,Valid,P017,Valid,2,Valid,0,Valid
OD004860,O02410,Valid,P042,Valid,1,Valid,0.2,Valid
OD004861,O02410,Valid,P131,Valid,2,Valid,0,Valid
OD004862,O02410,Valid,P029,Valid,3,Valid,0,Valid
OD004863,O02410,Valid,P110,Valid,3,Valid,0.15,Valid
OD004864,O02411,Valid,P059,Valid,1,Valid,0,Valid
OD004865,O02411,Valid,P040,Valid,2,Valid,0.15,Valid
OD004866,O02412,Valid,P102,Valid,2,Valid,0,Valid
OD004867,O02413,Valid,P083,Valid,2,Valid,0.25,Valid
OD004868,O02413,Valid,P114,Valid,2,Valid,0,Valid
OD004869,O02413,Valid,P056,Valid,4,Valid,0,Valid
OD004870,O02413,Valid,P118,Valid,1,Valid,0,Valid
OD004871,O02414,Valid,P132,Valid,2,Valid,0,Valid
OD004872,O02414,Valid,P116,Valid,2,Valid,0.2,Valid
OD004873,O02415,Valid,P089,Valid,4,Valid,0.15,Valid
OD004874,O02416,Valid,P021,Valid,1,Valid,0.05,Valid
OD004875,O02416,Valid,P096,Valid,1,Valid,0.05,Valid
OD004876,O02416,Valid,P051,Valid,1,Valid,0,Valid
OD004877,O02417,Valid,P046,Valid,3,Valid,0.25,Valid
OD004878,O02417,Valid,P002,Valid,2,Valid,0,Valid
OD004879,O02417,Valid,P034,Valid,2,Valid,0.1,Valid
OD004880,O02417,Valid,P097,Valid,2,Valid,0.15,Valid
OD004881,O02418,Valid,P055,Valid,3,Valid,0.05,Valid
OD004882,O02419,Valid,P089,Valid,2,Valid,0.05,Valid
OD004883,O02419,Valid,P015,Valid,2,Valid,0.1,Valid
OD004884,O02419,Valid,P044,Valid,2,Valid,0.25,Valid
OD004885,O02420,Valid,P013,Valid,3,Valid,0.25,Valid
OD004886,O02420,Valid,P061,Valid,1,Valid,0.05,Valid
OD004887,O02421,Valid,P053,Valid,1,Valid,0.1,Valid
OD004888,O02422,Valid,P118,Valid,3,Valid,0,Valid
OD004889,O02422,Valid,P090,Valid,2,Valid,0.2,Valid
OD004890,O02422,Valid,P077,Valid,3,Valid,0,Valid
OD004891,O02423,Valid,P109,Valid,2,Valid,0.15,Valid
OD004892,O02424,Valid,P012,Valid,1,Valid,0,Valid
OD004893,O02425,Valid,P141,Valid,1,Valid,0,Valid
OD004894,O02425,Valid,P034,Valid,4,Valid,0.25,Valid
OD004895,O02425,Valid,P115,Valid,1,Valid,0,Valid
OD004896,O02425,Valid,P045,Valid,1,Valid,0,Valid
OD004897,O02426,Valid,P097,Valid,1,Valid,0,Valid
OD004898,O02427,Valid,P080,Valid,1,Valid,0,Valid
OD004899,O02427,Valid,P041,Valid,1,Valid,0,Valid
OD004900,O02428,Valid,P141,Valid,1,Valid,0.25,Valid
OD004901,O02428,Valid,P044,Valid,1,Valid,0,Valid
OD004902,O02429,Valid,P141,Valid,3,Valid,0,Valid
OD004903,O02430,Valid,P020,Valid,1,Valid,0.2,Valid
OD004904,O02430,Valid,P100,Valid,4,Valid,0.2,Valid
OD004905,O02430,Valid,P134,Valid,2,Valid,0,Valid
OD004906,O02431,Valid,P003,Valid,2,Valid,0.15,Valid
OD004907,O02431,Valid,P061,Valid,3,Valid,0.2,Valid
OD004908,O02432,Valid,P023,Valid,3,Valid,0.1,Valid
OD004909,O02432,Valid,P123,Valid,2,Valid,0,Valid
OD004910,O02432,Valid,P063,Valid,2,Valid,0.2,Valid
OD004911,O02433,Valid,P079,Valid,2,Valid,0.1,Valid
OD004912,O02433,Valid,P125,Valid,1,Valid,0,Valid
OD004913,O02434,Valid,P006,Valid,1,Valid,0,Valid
OD004914,O02435,Valid,P066,Valid,3,Valid,0.2,Valid
OD004915,O02436,Valid,P013,Valid,2,Valid,0,Valid
OD004916,O02437,Valid,P030,Valid,1,Valid,0.05,Valid
OD004917,O02437,Valid,P112,Valid,2,Valid,0.05,Valid
OD004918,O02438,Valid,P008,Valid,1,Valid,0,Valid
OD004919,O02438,Valid,P137,Valid,2,Valid,0,Valid
OD004920,O02438,Valid,P083,Valid,2,Valid,0.05,Valid
OD004921,O02438,Valid,P027,Valid,1,Valid,0.25,Valid
OD004922,O02439,Valid,P150,Valid,4,Valid,0,Valid
OD004923,O02440,Valid,P068,Valid,1,Valid,0.05,Valid
OD004924,O02440,Valid,P078,Valid,1,Valid,0.1,Valid
OD004925,O02441,Valid,P121,Valid,2,Valid,0.1,Valid
OD004926,O02441,Valid,P037,Valid,1,Valid,0.05,Valid
OD004927,O02442,Valid,P030,Valid,2,Valid,0.1,Valid
OD004928,O02442,Valid,P048,Valid,2,Valid,0,Valid
OD004929,O02443,Valid,P113,Valid,2,Valid,0.2,Valid
OD004930,O02444,Valid,P030,Valid,4,Valid,0,Valid
OD004931,O02444,Valid,P129,Valid,4,Valid,0.1,Valid
OD004932,O02444,Valid,P107,Valid,1,Valid,0.15,Valid
OD004933,O02445,Valid,P103,Valid,1,Valid,0,Valid
OD004934,O02446,Valid,P103,Valid,2,Valid,0,Valid
OD004935,O02446,Valid,P098,Valid,1,Valid,0.05,Valid
OD004936,O02446,Valid,P113,Valid,1,Valid,0.1,Valid
OD004937,O02447,Valid,P118,Valid,1,Valid,0,Valid
OD004938,O02448,Valid,P135,Valid,3,Valid,0.05,Valid
OD004939,O02448,Valid,P123,Valid,4,Valid,0,Valid
OD004940,O02449,Valid,P036,Valid,1,Valid,0.2,Valid
OD004941,O02450,Valid,P074,Valid,1,Valid,0.05,Valid
OD004942,O02450,Valid,P098,Valid,4,Valid,0.1,Valid
OD004943,O02450,Valid,P018,Valid,2,Valid,0,Valid
OD004944,O02451,Valid,P109,Valid,3,Valid,0,Valid
OD004945,O02451,Valid,P053,Valid,1,Valid,0.05,Valid
OD004946,O02452,Valid,P029,Valid,2,Valid,0.25,Valid
OD004947,O02452,Valid,P019,Valid,1,Valid,0.2,Valid
OD004948,O02452,Valid,P118,Valid,1,Valid,0,Valid
OD004949,O02453,Valid,P027,Valid,1,Valid,0.15,Valid
OD004950,O02453,Valid,P096,Valid,1,Valid,0,Valid
OD004951,O02453,Valid,P048,Valid,2,Valid,0.1,Valid
OD004952,O02454,Valid,P108,Valid,2,Valid,0.05,Valid
OD004953,O02454,Valid,P054,Valid,2,Valid,0,Valid
OD004954,O02455,Valid,P065,Valid,2,Valid,0.15,Valid
OD004955,O02455,Valid,P100,Valid,2,Valid,0.15,Valid
OD004956,O02455,Valid,P081,Valid,2,Valid,0.1,Valid
OD004957,O02455,Valid,P097,Valid,1,Valid,0,Valid
OD004958,O02456,Valid,P142,Valid,4,Valid,0,Valid
OD004959,O02456,Valid,P144,Valid,1,Valid,0,Valid
OD004960,O02457,Valid,P139,Valid,1,Valid,0.1,Valid
OD004961,O02458,Valid,P059,Valid,4,Valid,0.05,Valid
OD004962,O02458,Valid,P103,Valid,2,Valid,0,Valid
OD004963,O02458,Valid,P021,Valid,3,Valid,0,Valid
OD004964,O02459,Valid,P030,Valid,2,Valid,0.05,Valid
OD004965,O02459,Valid,P043,Valid,2,Valid,0,Valid
OD004966,O02459,Valid,P124,Valid,1,Valid,0,Valid
OD004967,O02459,Valid,P015,Valid,1,Valid,0.05,Valid
OD004968,O02460,Valid,P097,Valid,3,Valid,0.2,Valid
OD004969,O02461,Valid,P149,Valid,1,Valid,0,Valid
OD004970,O02462,Valid,P116,Valid,1,Valid,0.15,Valid
OD004971,O02462,Valid,P044,Valid,1,Valid,0.05,Valid
OD004972,O02463,Valid,P032,Valid,1,Valid,0,Valid
OD004973,O02463,Valid,P133,Valid,1,Valid,0.15,Valid
OD004974,O02464,Valid,P115,Valid,3,Valid,0.15,Valid
OD004975,O02465,Valid,P103,Valid,3,Valid,0.1,Valid
OD004976,O02465,Valid,P014,Valid,2,Valid,0.15,Valid
OD004977,O02465,Valid,P123,Valid,3,Valid,0.25,Valid
OD004978,O02465,Valid,P086,Valid,4,Valid,0.2,Valid
OD004979,O02466,Valid,P065,Valid,2,Valid,0.05,Valid
OD004980,O02466,Valid,P148,Valid,2,Valid,0.15,Valid
OD004981,O02467,Valid,P015,Valid,1,Valid,0.25,Valid
OD004982,O02467,Valid,P081,Valid,1,Valid,0,Valid
OD004983,O02468,Valid,P032,Valid,1,Valid,0.15,Valid
OD004984,O02468,Valid,P029,Valid,4,Valid,0.1,Valid
OD004985,O02469,Valid,P086,Valid,3,Valid,0,Valid
OD004986,O02469,Valid,P107,Valid,2,Valid,0.15,Valid
OD004987,O02469,Valid,P092,Valid,2,Valid,0.2,Valid
OD004988,O02469,Valid,P133,Valid,1,Valid,0,Valid
OD004989,O02470,Valid,P020,Valid,1,Valid,0.2,Valid
OD004990,O02470,Valid,P127,Valid,4,Valid,0.2,Valid
OD004991,O02471,Valid,P081,Valid,2,Valid,0,Valid
OD004992,O02471,Valid,P105,Valid,4,Valid,0,Valid
OD004993,O02471,Valid,P063,Valid,1,Valid,0.15,Valid
OD004994,O02471,Valid,P025,Valid,2,Valid,0.05,Valid
OD004995,O02472,Valid,P091,Valid,1,Valid,0.1,Valid
OD004996,O02472,Valid,P115,Valid,2,Valid,0.05,Valid
OD004997,O02472,Valid,P046,Valid,2,Valid,0.1,Valid
OD004998,O02472,Valid,P107,Valid,1,Valid,0.1,Valid
OD004999,O02473,Valid,P130,Valid,1,Valid,0.15,Valid
OD005000,O02473,Valid,P019,Valid,4,Valid,0,Valid
OD005001,O02474,Valid,P149,Valid,1,Valid,0.1,Valid
OD005002,O02474,Valid,P150,Valid,2,Valid,0,Valid
OD005003,O02475,Valid,P013,Valid,3,Valid,0.25,Valid
OD005004,O02475,Valid,P030,Valid,1,Valid,0.1,Valid
OD005005,O02475,Valid,P054,Valid,1,Valid,0.1,Valid
OD005006,O02476,Valid,P090,Valid,4,Valid,0.2,Valid
OD005007,O02476,Valid,P049,Valid,3,Valid,0,Valid
OD005008,O02477,Valid,P100,Valid,1,Valid,0.25,Valid
OD005009,O02478,Valid,P050,Valid,4,Valid,0.25,Valid
OD005010,O02478,Valid,P108,Valid,1,Valid,0,Valid
OD005011,O02478,Valid,P031,Valid,2,Valid,0.15,Valid
OD005012,O02479,Valid,P135,Valid,1,Valid,0.25,Valid
OD005013,O02479,Valid,P085,Valid,4,Valid,0,Valid
OD005014,O02479,Valid,P069,Valid,1,Valid,0.2,Valid
OD005015,O02479,Valid,P149,Valid,2,Valid,0.25,Valid
OD005016,O02480,Valid,P063,Valid,2,Valid,0.2,Valid
OD005017,O02481,Valid,P092,Valid,3,Valid,0.05,Valid
OD005018,O02482,Valid,P133,Valid,4,Valid,0.05,Valid
OD005019,O02483,Valid,P058,Valid,3,Valid,0.1,Valid
OD005020,O02483,Valid,P088,Valid,4,Valid,0.25,Valid
OD005021,O02484,Valid,P141,Valid,4,Valid,0.25,Valid
OD005022,O02485,Valid,P040,Valid,2,Valid,0.25,Valid
OD005023,O02486,Valid,P056,Valid,2,Valid,0.2,Valid
OD005024,O02487,Valid,P038,Valid,1,Valid,0.25,Valid
OD005025,O02488,Valid,P028,Valid,2,Valid,0.25,Valid
OD005026,O02489,Valid,P018,Valid,4,Valid,0.15,Valid
OD005027,O02490,Valid,P048,Valid,1,Valid,0.2,Valid
OD005028,O02490,Valid,P083,Valid,3,Valid,0.25,Valid
OD005029,O02490,Valid,P143,Valid,4,Valid,0.05,Valid
OD005030,O02491,Valid,P127,Valid,4,Valid,0.2,Valid
OD005031,O02491,Valid,P108,Valid,1,Valid,0.2,Valid
OD005032,O02491,Valid,P046,Valid,1,Valid,0.1,Valid
OD005033,O02491,Valid,P028,Valid,4,Valid,0,Valid
OD005034,O02492,Valid,P139,Valid,2,Valid,0,Valid
OD005035,O02493,Valid,P067,Valid,1,Valid,0,Valid
OD005036,O02493,Valid,P092,Valid,4,Valid,0,Valid
OD005037,O02494,Valid,P143,Valid,1,Valid,0,Valid
OD005038,O02494,Valid,P065,Valid,1,Valid,0.1,Valid
OD005039,O02494,Valid,P082,Valid,1,Valid,0.25,Valid
OD005040,O02495,Valid,P063,Valid,1,Valid,0.25,Valid
OD005041,O02496,Valid,P121,Valid,4,Valid,0.15,Valid
OD005042,O02496,Valid,P103,Valid,1,Valid,0.2,Valid
OD005043,O02496,Valid,P134,Valid,2,Valid,0.1,Valid
OD005044,O02496,Valid,P087,Valid,3,Valid,0.2,Valid
OD005045,O02497,Valid,P093,Valid,4,Valid,0.15,Valid
OD005046,O02498,Valid,P119,Valid,3,Valid,0.05,Valid
OD005047,O02498,Valid,P035,Valid,3,Valid,0,Valid
OD005048,O02499,Valid,P046,Valid,2,Valid,0.1,Valid
OD005049,O02499,Valid,P028,Valid,3,Valid,0.25,Valid
OD005050,O02500,Valid,P085,Valid,3,Valid,0.25,Valid
OD005051,O02501,Valid,P108,Valid,2,Valid,0.15,Valid
OD005052,O02502,Valid,P018,Valid,1,Valid,0,Valid
OD005053,O02503,Valid,P121,Valid,2,Valid,0.1,Valid
OD005054,O02503,Valid,P050,Valid,1,Valid,0.1,Valid
OD005055,O02504,Valid,P035,Valid,3,Valid,0,Valid
OD005056,O02504,Valid,P031,Valid,3,Valid,0.05,Valid
OD005057,O02504,Valid,P123,Valid,1,Valid,0.2,Valid
OD005058,O02505,Valid,P079,Valid,1,Valid,0.2,Valid
OD005059,O02506,Valid,P044,Valid,3,Valid,0.25,Valid
OD005060,O02507,Valid,P025,Valid,3,Valid,0.15,Valid
OD005061,O02508,Valid,P059,Valid,2,Valid,0.2,Valid
OD005062,O02508,Valid,P016,Valid,1,Valid,0,Valid
OD005063,O02509,Valid,P061,Valid,1,Valid,0,Valid
OD005064,O02509,Valid,P112,Valid,1,Valid,0.15,Valid
OD005065,O02509,Valid,P081,Valid,1,Valid,0.2,Valid
OD005066,O02510,Valid,P080,Valid,1,Valid,0.25,Valid
OD005067,O02510,Valid,P075,Valid,2,Valid,0.25,Valid
OD005068,O02510,Valid,P069,Valid,4,Valid,0.05,Valid
OD005069,O02510,Valid,P044,Valid,1,Valid,0.2,Valid
OD005070,O02511,Valid,P008,Valid,1,Valid,0.25,Valid
OD005071,O02511,Valid,P041,Valid,4,Valid,0.25,Valid
OD005072,O02511,Valid,P072,Valid,1,Valid,0,Valid
OD005073,O02512,Valid,P079,Valid,1,Valid,0.2,Valid
OD005074,O02512,Valid,P113,Valid,1,Valid,0,Valid
OD005075,O02512,Valid,P106,Valid,3,Valid,0.2,Valid
OD005076,O02513,Valid,P110,Valid,1,Valid,0.1,Valid
OD005077,O02513,Valid,P017,Valid,1,Valid,0,Valid
OD005078,O02514,Valid,P148,Valid,1,Valid,0.05,Valid
OD005079,O02514,Valid,P073,Valid,2,Valid,0.05,Valid
OD005080,O02515,Valid,P139,Valid,2,Valid,0.2,Valid
OD005081,O02516,Valid,P050,Valid,2,Valid,0,Valid
OD005082,O02517,Valid,P080,Valid,4,Valid,0.2,Valid
OD005083,O02518,Valid,P077,Valid,4,Valid,0.05,Valid
OD005084,O02519,Valid,P015,Valid,2,Valid,0.25,Valid
OD005085,O02520,Valid,P099,Valid,4,Valid,0,Valid
OD005086,O02521,Valid,P019,Valid,1,Valid,0.1,Valid
OD005087,O02521,Valid,P007,Valid,1,Valid,0.15,Valid
OD005088,O02521,Valid,P052,Valid,1,Valid,0,Valid
OD005089,O02522,Valid,P148,Valid,3,Valid,0,Valid
OD005090,O02522,Valid,P045,Valid,1,Valid,0.1,Valid
OD005091,O02522,Valid,P010,Valid,2,Valid,0.2,Valid
OD005092,O02523,Valid,P111,Valid,3,Valid,0.1,Valid
OD005093,O02523,Valid,P150,Valid,2,Valid,0,Valid
OD005094,O02524,Valid,P043,Valid,1,Valid,0.15,Valid
OD005095,O02524,Valid,P146,Valid,2,Valid,0,Valid
OD005096,O02524,Valid,P089,Valid,2,Valid,0.05,Valid
OD005097,O02524,Valid,P060,Valid,1,Valid,0.25,Valid
OD005098,O02525,Valid,P139,Valid,4,Valid,0.25,Valid
OD005099,O02526,Valid,P005,Valid,4,Valid,0.15,Valid
OD005100,O02527,Valid,P060,Valid,3,Valid,0.2,Valid
OD005101,O02527,Valid,P079,Valid,4,Valid,0,Valid
OD005102,O02527,Valid,P033,Valid,1,Valid,0,Valid
OD005103,O02527,Valid,P072,Valid,2,Valid,0.1,Valid
OD005104,O02528,Valid,P046,Valid,1,Valid,0.1,Valid
OD005105,O02528,Valid,P132,Valid,1,Valid,0,Valid
OD005106,O02528,Valid,P049,Valid,4,Valid,0.05,Valid
OD005107,O02529,Valid,P133,Valid,1,Valid,0.05,Valid
OD005108,O02529,Valid,P138,Valid,1,Valid,0.1,Valid
OD005109,O02529,Valid,P059,Valid,1,Valid,0,Valid
OD005110,O02530,Valid,P135,Valid,2,Valid,0.05,Valid
OD005111,O02530,Valid,P098,Valid,3,Valid,0,Valid
OD005112,O02530,Valid,P112,Valid,2,Valid,0.1,Valid
OD005113,O02531,Valid,P093,Valid,1,Valid,0.2,Valid
OD005114,O02531,Valid,P074,Valid,2,Valid,0,Valid
OD005115,O02531,Valid,P045,Valid,2,Valid,0.15,Valid
OD005116,O02531,Valid,P073,Valid,1,Valid,0.15,Valid
OD005117,O02532,Valid,P088,Valid,1,Valid,0.1,Valid
OD005118,O02533,Valid,P053,Valid,1,Valid,0.25,Valid
OD005119,O02534,Valid,P006,Valid,4,Valid,0.25,Valid
OD005120,O02534,Valid,P148,Valid,2,Valid,0.2,Valid
OD005121,O02534,Valid,P089,Valid,2,Valid,0.25,Valid
OD005122,O02534,Valid,P042,Valid,2,Valid,0.05,Valid
OD005123,O02535,Valid,P070,Valid,4,Valid,0.2,Valid
OD005124,O02535,Valid,P123,Valid,4,Valid,0,Valid
OD005125,O02536,Valid,P146,Valid,2,Valid,0.25,Valid
OD005126,O02537,Valid,P109,Valid,1,Valid,0,Valid
OD005127,O02537,Valid,P073,Valid,,Missing,0.15,Valid
OD005128,O02538,Valid,P121,Valid,2,Valid,0.05,Valid
OD005129,O02539,Valid,P067,Valid,2,Valid,0,Valid
OD005130,O02540,Valid,P141,Valid,1,Valid,0.25,Valid
OD005131,O02540,Valid,P134,Valid,2,Valid,0.25,Valid
OD005132,O02540,Valid,P052,Valid,2,Valid,0.05,Valid
OD005133,O02540,Valid,P002,Valid,1,Valid,0,Valid
OD005134,O02541,Valid,P131,Valid,1,Valid,0.05,Valid
OD005135,O02541,Valid,P117,Valid,1,Valid,0.2,Valid
OD005136,O02542,Valid,P103,Valid,2,Valid,0.1,Valid
OD005137,O02542,Valid,P097,Valid,2,Valid,0.15,Valid
OD005138,O02542,Valid,P133,Valid,2,Valid,0.15,Valid
OD005139,O02543,Valid,P067,Valid,1,Valid,0.1,Valid
OD005140,O02543,Valid,P117,Valid,3,Valid,0,Valid
OD005141,O02544,Valid,P006,Valid,2,Valid,0,Valid
OD005142,O02544,Valid,P111,Valid,1,Valid,0.25,Valid
OD005143,O02545,Valid,P113,Valid,1,Valid,0,Valid
OD005144,O02546,Valid,P056,Valid,4,Valid,0.15,Valid
OD005145,O02547,Valid,P115,Valid,1,Valid,0.05,Valid
OD005146,O02548,Valid,P123,Valid,2,Valid,0.1,Valid
OD005147,O02548,Valid,P092,Valid,3,Valid,0.05,Valid
OD005148,O02549,Valid,P087,Valid,1,Valid,0.15,Valid
OD005149,O02550,Valid,P130,Valid,3,Valid,0,Valid
OD005150,O02550,Valid,P109,Valid,2,Valid,0.1,Valid
OD005151,O02550,Valid,P006,Valid,3,Valid,0.05,Valid
OD005152,O02551,Valid,P145,Valid,3,Valid,0.2,Valid
OD005153,O02552,Valid,P053,Valid,1,Valid,0.2,Valid
OD005154,O02553,Valid,P095,Valid,2,Valid,0.2,Valid
OD005155,O02554,Valid,P148,Valid,1,Valid,0,Valid
OD005156,O02554,Valid,P133,Valid,1,Valid,0.05,Valid
OD005157,O02555,Valid,P005,Valid,4,Valid,0,Valid
OD005158,O02555,Valid,P086,Valid,2,Valid,0.05,Valid
OD005159,O02555,Valid,P105,Valid,1,Valid,0,Valid
OD005160,O02555,Valid,P148,Valid,1,Valid,0.25,Valid
OD005161,O02556,Valid,P068,Valid,2,Valid,0,Valid
OD005162,O02556,Valid,P046,Valid,2,Valid,0.25,Valid
OD005163,O02556,Valid,P144,Valid,3,Valid,0.15,Valid
OD005164,O02557,Valid,P043,Valid,4,Valid,0.1,Valid
OD005165,O02557,Valid,P085,Valid,1,Valid,0.05,Valid
OD005166,O02558,Valid,P034,Valid,1,Valid,0,Valid
OD005167,O02559,Valid,P062,Valid,2,Valid,0.2,Valid
OD005168,O02559,Valid,P138,Valid,1,Valid,0.25,Valid
OD005169,O02559,Valid,P083,Valid,2,Valid,0.25,Valid
OD005170,,Missing,P126,Valid,4,Valid,0.05,Valid
OD005171,O02560,Valid,P019,Valid,4,Valid,0.25,Valid
OD005172,O02560,Valid,P106,Valid,1,Valid,0.15,Valid
OD005173,O02561,Valid,P074,Valid,4,Valid,0.2,Valid
OD005174,O02561,Valid,P147,Valid,2,Valid,0.25,Valid
OD005175,O02561,Valid,P063,Valid,2,Valid,0.25,Valid
OD005176,O02562,Valid,P099,Valid,1,Valid,0.05,Valid
OD005177,O02563,Valid,P090,Valid,1,Valid,0.2,Valid
OD005178,O02563,Valid,P057,Valid,4,Valid,0,Valid
OD005179,O02564,Valid,P021,Valid,4,Valid,0.25,Valid
OD005180,O02565,Valid,P113,Valid,2,Valid,0.15,Valid
OD005181,O02566,Valid,P086,Valid,4,Valid,0.15,Valid
OD005182,O02566,Valid,P022,Valid,3,Valid,0,Valid
OD005183,O02567,Valid,P076,Valid,3,Valid,0.15,Valid
OD005184,O02568,Valid,P095,Valid,1,Valid,0.15,Valid
OD005185,O02568,Valid,P038,Valid,2,Valid,0.25,Valid
OD005186,O02568,Valid,P126,Valid,2,Valid,0,Valid
OD005187,O02568,Valid,P118,Valid,1,Valid,0.1,Valid
OD005188,O02569,Valid,P107,Valid,1,Valid,0,Valid
OD005189,O02570,Valid,P109,Valid,1,Valid,0.05,Valid
OD005190,O02571,Valid,P073,Valid,1,Valid,0.2,Valid
OD005191,O02572,Valid,P067,Valid,2,Valid,0.25,Valid
OD005192,O02572,Valid,P104,Valid,2,Valid,0.1,Valid
OD005193,O02573,Valid,P063,Valid,2,Valid,0,Valid
OD005194,O02573,Valid,P060,Valid,3,Valid,0,Valid
OD005195,O02573,Valid,P027,Valid,1,Valid,0,Valid
OD005196,O02574,Valid,P113,Valid,3,Valid,0.1,Valid
OD005197,O02575,Valid,P123,Valid,3,Valid,0.25,Valid
OD005198,O02576,Valid,P013,Valid,4,Valid,0,Valid
OD005199,O02576,Valid,P115,Valid,2,Valid,0.05,Valid
OD005200,O02576,Valid,P057,Valid,1,Valid,0.25,Valid
OD005201,O02577,Valid,P119,Valid,2,Valid,0.1,Valid
OD005202,O02578,Valid,P106,Valid,1,Valid,0.1,Valid
OD005203,O02579,Valid,P101,Valid,2,Valid,0.15,Valid
OD005204,O02580,Valid,P011,Valid,2,Valid,0.15,Valid
OD005205,O02581,Valid,P126,Valid,1,Valid,0.25,Valid
OD005206,O02581,Valid,P127,Valid,2,Valid,0.25,Valid
OD005207,O02582,Valid,P096,Valid,1,Valid,0.25,Valid
OD005208,O02582,Valid,P070,Valid,2,Valid,0.2,Valid
OD005209,O02582,Valid,P074,Valid,1,Valid,0,Valid
OD005210,O02582,Valid,P062,Valid,2,Valid,0.05,Valid
OD005211,O02583,Valid,P049,Valid,4,Valid,0.25,Valid
OD005212,O02583,Valid,P115,Valid,1,Valid,0.25,Valid
OD005213,O02583,Valid,P118,Valid,4,Valid,0,Valid
OD005214,O02583,Valid,P065,Valid,2,Valid,0.1,Valid
OD005215,O02584,Valid,P108,Valid,2,Valid,0.05,Valid
OD005216,O02584,Valid,P143,Valid,1,Valid,0.05,Valid
OD005217,O02585,Valid,P039,Valid,2,Valid,0.05,Valid
OD005218,O02585,Valid,P006,Valid,1,Valid,0.05,Valid
OD005219,O02585,Valid,P123,Valid,2,Valid,0.1,Valid
OD005220,O02585,Valid,P108,Valid,1,Valid,0,Valid
OD005221,O02586,Valid,P023,Valid,1,Valid,0.05,Valid
OD005222,O02587,Valid,P121,Valid,4,Valid,0,Valid
OD005223,O02587,Valid,P054,Valid,3,Valid,0.2,Valid
OD005224,O02587,Valid,P016,Valid,1,Valid,0.15,Valid
OD005225,O02587,Valid,P015,Valid,4,Valid,0.05,Valid
OD005226,O02588,Valid,P009,Valid,2,Valid,0.05,Valid
OD005227,O02588,Valid,P105,Valid,3,Valid,0.15,Valid
OD005228,O02588,Valid,P096,Valid,1,Valid,0,Valid
OD005229,O02589,Valid,P075,Valid,1,Valid,0.15,Valid
OD005230,O02589,Valid,P068,Valid,4,Valid,0.05,Valid
OD005231,O02589,Valid,P088,Valid,3,Valid,0.2,Valid
OD005232,O02590,Valid,P094,Valid,1,Valid,0,Valid
OD005233,O02590,Valid,P063,Valid,1,Valid,0.25,Valid
OD005234,O02591,Valid,P034,Valid,1,Valid,0.2,Valid
OD005235,O02591,Valid,P106,Valid,3,Valid,0.2,Valid
OD005236,O02591,Valid,P111,Valid,4,Valid,0,Valid
OD005237,O02592,Valid,P010,Valid,4,Valid,0.15,Valid
OD005238,O02592,Valid,P067,Valid,3,Valid,0,Valid
OD005239,O02592,Valid,P120,Valid,1,Valid,0,Valid
OD005240,O02592,Valid,P008,Valid,3,Valid,0,Valid
OD005241,O02593,Valid,P079,Valid,1,Valid,0,Valid
OD005242,O02593,Valid,P150,Valid,2,Valid,0.2,Valid
OD005243,O02593,Valid,P093,Valid,4,Valid,0.15,Valid
OD005244,O02593,Valid,P108,Valid,2,Valid,0.15,Valid
OD005245,O02594,Valid,P103,Valid,1,Valid,0,Valid
OD005246,O02594,Valid,P081,Valid,2,Valid,0,Valid
OD005247,O02595,Valid,P082,Valid,3,Valid,0.1,Valid
OD005248,O02595,Valid,P129,Valid,4,Valid,0.05,Valid
OD005249,O02595,Valid,P056,Valid,2,Valid,0.1,Valid
OD005250,O02596,Valid,P080,Valid,3,Valid,0.05,Valid
OD005251,O02597,Valid,P115,Valid,1,Valid,0.15,Valid
OD005252,O02597,Valid,P109,Valid,3,Valid,0.25,Valid
OD005253,O02598,Valid,P105,Valid,3,Valid,0,Valid
OD005254,O02598,Valid,P131,Valid,1,Valid,0.2,Valid
OD005255,O02598,Valid,P125,Valid,2,Valid,0.2,Valid
OD005256,O02599,Valid,P106,Valid,3,Valid,0.2,Valid
OD005257,O02599,Valid,P103,Valid,4,Valid,0.25,Valid
OD005258,O02600,Valid,P099,Valid,3,Valid,0.05,Valid
OD005259,O02600,Valid,P141,Valid,3,Valid,0,Valid
OD005260,O02600,Valid,P038,Valid,1,Valid,0.1,Valid
OD005261,O02600,Valid,P005,Valid,1,Valid,0.15,Valid
OD005262,O02601,Valid,P096,Valid,2,Valid,0.2,Valid
OD005263,O02601,Valid,P005,Valid,2,Valid,0,Valid
OD005264,O02602,Valid,P043,Valid,3,Valid,0,Valid
OD005265,O02603,Valid,P060,Valid,2,Valid,0.2,Valid
OD005266,O02603,Valid,P001,Valid,1,Valid,0.1,Valid
OD005267,O02603,Valid,P047,Valid,2,Valid,0.05,Valid
OD005268,O02604,Valid,P005,Valid,3,Valid,0,Valid
OD005269,O02604,Valid,P081,Valid,2,Valid,0.15,Valid
OD005270,O02604,Valid,P072,Valid,2,Valid,0,Valid
OD005271,O02604,Valid,P124,Valid,1,Valid,0,Valid
OD005272,O02605,Valid,P015,Valid,1,Valid,0,Valid
OD005273,O02606,Valid,P023,Valid,2,Valid,0.1,Valid
OD005274,O02607,Valid,P009,Valid,2,Valid,0.05,Valid
OD005275,O02607,Valid,P079,Valid,2,Valid,0.25,Valid
OD005276,O02608,Valid,P055,Valid,2,Valid,0.15,Valid
OD005277,O02609,Valid,P024,Valid,1,Valid,0,Valid
OD005278,O02609,Valid,P065,Valid,1,Valid,0.1,Valid
OD005279,O02609,Valid,P117,Valid,1,Valid,0.25,Valid
OD005280,O02609,Valid,P129,Valid,1,Valid,0.25,Valid
OD005281,O02610,Valid,P001,Valid,1,Valid,0.05,Valid
OD005282,O02611,Valid,P068,Valid,1,Valid,0,Valid
OD005283,O02611,Valid,P073,Valid,3,Valid,0.25,Valid
OD005284,O02612,Valid,P043,Valid,2,Valid,0.2,Valid
OD005285,O02612,Valid,P058,Valid,1,Valid,0.25,Valid
OD005286,O02612,Valid,P130,Valid,1,Valid,0,Valid
OD005287,O02613,Valid,P105,Valid,1,Valid,0.25,Valid
OD005288,O02613,Valid,P106,Valid,4,Valid,0.1,Valid
OD005289,O02614,Valid,P078,Valid,1,Valid,0,Valid
OD005290,O02614,Valid,P025,Valid,1,Valid,0.05,Valid
OD005291,O02615,Valid,P130,Valid,3,Valid,0,Valid
OD005292,O02616,Valid,P037,Valid,1,Valid,0.15,Valid
OD005293,O02617,Valid,P051,Valid,1,Valid,0.1,Valid
OD005294,O02618,Valid,P082,Valid,1,Valid,0.15,Valid
OD005295,O02618,Valid,P137,Valid,2,Valid,0.25,Valid
OD005296,O02618,Valid,P021,Valid,2,Valid,0.05,Valid
OD005297,O02618,Valid,P090,Valid,3,Valid,0,Valid
OD005298,O02619,Valid,P031,Valid,2,Valid,0.05,Valid
OD005299,O02619,Valid,P126,Valid,1,Valid,0.15,Valid
OD005300,O02619,Valid,P141,Valid,4,Valid,0.15,Valid
OD005301,O02620,Valid,P148,Valid,2,Valid,0.05,Valid
OD005302,O02621,Valid,P020,Valid,2,Valid,0.05,Valid
OD005303,O02621,Valid,P044,Valid,1,Valid,0.25,Valid
OD005304,O02621,Valid,P142,Valid,2,Valid,0.25,Valid
OD005305,O02622,Valid,P029,Valid,4,Valid,0.15,Valid
OD005306,O02622,Valid,P097,Valid,1,Valid,0,Valid
OD005307,O02622,Valid,P118,Valid,2,Valid,0,Valid
OD005308,O02622,Valid,P089,Valid,4,Valid,0,Valid
OD005309,O02623,Valid,P057,Valid,2,Valid,0.25,Valid
OD005310,O02623,Valid,P080,Valid,2,Valid,0,Valid
OD005311,O02624,Valid,P011,Valid,1,Valid,0.15,Valid
OD005312,O02624,Valid,P015,Valid,1,Valid,0.25,Valid
OD005313,O02625,Valid,P099,Valid,1,Valid,0.05,Valid
OD005314,O02626,Valid,P045,Valid,1,Valid,0,Valid
OD005315,O02627,Valid,P095,Valid,2,Valid,0.1,Valid
OD005316,O02628,Valid,P062,Valid,1,Valid,0,Valid
OD005317,O02628,Valid,P014,Valid,2,Valid,0.05,Valid
OD005318,O02628,Valid,P027,Valid,1,Valid,0.1,Valid
OD005319,O02629,Valid,P076,Valid,1,Valid,0,Valid
OD005320,O02630,Valid,P103,Valid,1,Valid,0,Valid
OD005321,O02631,Valid,P022,Valid,1,Valid,0.2,Valid
OD005322,O02632,Valid,P093,Valid,1,Valid,0.25,Valid
OD005323,O02633,Valid,P017,Valid,1,Valid,0,Valid
OD005324,O02634,Valid,P049,Valid,1,Valid,0.25,Valid
OD005325,O02635,Valid,P076,Valid,1,Valid,0.1,Valid
OD005326,O02636,Valid,P137,Valid,3,Valid,0.2,Valid
OD005327,O02636,Valid,P023,Valid,1,Valid,0,Valid
OD005328,O02637,Valid,P105,Valid,2,Valid,0.15,Valid
OD005329,O02637,Valid,P093,Valid,1,Valid,0.2,Valid
OD005330,O02638,Valid,P081,Valid,3,Valid,0.25,Valid
OD005331,O02638,Valid,P082,Valid,3,Valid,0.1,Valid
OD005332,O02638,Valid,P117,Valid,1,Valid,0.2,Valid
OD005333,O02638,Valid,P105,Valid,4,Valid,0.05,Valid
OD005334,O02639,Valid,P078,Valid,1,Valid,0.25,Valid
OD005335,O02640,Valid,P048,Valid,1,Valid,0.1,Valid
OD005336,O02640,Valid,P026,Valid,2,Valid,0.25,Valid
OD005337,O02641,Valid,P069,Valid,1,Valid,0,Valid
OD005338,O02641,Valid,P088,Valid,2,Valid,0.05,Valid
OD005339,O02642,Valid,P022,Valid,2,Valid,0,Valid
OD005340,O02642,Valid,P027,Valid,3,Valid,0.2,Valid
OD005341,O02642,Valid,P006,Valid,2,Valid,0.2,Valid
OD005342,O02643,Valid,P024,Valid,1,Valid,0.25,Valid
OD005343,O02643,Valid,P005,Valid,4,Valid,0.25,Valid
OD005344,O02644,Valid,P135,Valid,3,Valid,0.05,Valid
OD005345,O02644,Valid,P034,Valid,1,Valid,0.25,Valid
OD005346,O02644,Valid,P041,Valid,3,Valid,0,Valid
OD005347,O02645,Valid,P138,Valid,2,Valid,0.25,Valid
OD005348,O02645,Valid,P037,Valid,2,Valid,0,Valid
OD005349,O02646,Valid,P022,Valid,3,Valid,0.25,Valid
OD005350,O02647,Valid,P092,Valid,1,Valid,0.2,Valid
OD005351,O02647,Valid,P103,Valid,4,Valid,0.1,Valid
OD005352,O02648,Valid,P146,Valid,2,Valid,0,Valid
OD005353,O02648,Valid,P098,Valid,3,Valid,0.05,Valid
OD005354,O02648,Valid,P038,Valid,2,Valid,0.15,Valid
OD005355,O02648,Valid,P008,Valid,4,Valid,0.2,Valid
OD005356,O02649,Valid,P001,Valid,1,Valid,0.05,Valid
OD005357,O02650,Valid,P059,Valid,3,Valid,0.25,Valid
OD005358,O02650,Valid,P036,Valid,3,Valid,0.2,Valid
OD005359,O02651,Valid,P091,Valid,4,Valid,0,Valid
OD005360,O02651,Valid,P127,Valid,2,Valid,0.2,Valid
OD005361,O02651,Valid,P034,Valid,2,Valid,0,Valid
OD005362,O02652,Valid,P052,Valid,1,Valid,0,Valid
OD005363,O02652,Valid,P041,Valid,3,Valid,0.2,Valid
OD005364,O02652,Valid,P038,Valid,2,Valid,0.25,Valid
OD005365,O02653,Valid,P144,Valid,1,Valid,0.15,Valid
OD005366,O02654,Valid,P033,Valid,4,Valid,0,Valid
OD005367,O02654,Valid,P066,Valid,2,Valid,0.1,Valid
OD005368,O02655,Valid,P038,Valid,2,Valid,0.05,Valid
OD005369,O02656,Valid,P076,Valid,1,Valid,0,Valid
OD005370,O02657,Valid,P012,Valid,4,Valid,0.2,Valid
OD005371,O02657,Valid,P085,Valid,1,Valid,0.2,Valid
OD005372,O02657,Valid,P132,Valid,1,Valid,0.2,Valid
OD005373,O02658,Valid,P103,Valid,,Missing,0.1,Valid
OD005374,O02658,Valid,P005,Valid,1,Valid,0.05,Valid
OD005375,O02659,Valid,P008,Valid,4,Valid,0.25,Valid
OD005376,O02659,Valid,P045,Valid,1,Valid,0.05,Valid
OD005377,O02660,Valid,P108,Valid,4,Valid,0.05,Valid
OD005378,O02661,Valid,P077,Valid,4,Valid,0.1,Valid
OD005379,O02661,Valid,P123,Valid,3,Valid,0.15,Valid
OD005380,O02661,Valid,P068,Valid,1,Valid,0,Valid
OD005381,O02661,Valid,P116,Valid,3,Valid,0.15,Valid
OD005382,O02662,Valid,P066,Valid,4,Valid,0,Valid
OD005383,O02663,Valid,P129,Valid,1,Valid,0.1,Valid
OD005384,O02663,Valid,P150,Valid,2,Valid,0.2,Valid
OD005385,O02663,Valid,P130,Valid,1,Valid,0,Valid
OD005386,O02664,Valid,P025,Valid,2,Valid,0.05,Valid
OD005387,O02665,Valid,P091,Valid,1,Valid,0.15,Valid
OD005388,O02665,Valid,P111,Valid,2,Valid,0.1,Valid
OD005389,O02665,Valid,P035,Valid,2,Valid,0.15,Valid
OD005390,O02666,Valid,P114,Valid,1,Valid,0.1,Valid
OD005391,O02666,Valid,P098,Valid,3,Valid,0.15,Valid
OD005392,O02667,Valid,P061,Valid,1,Valid,1.2,Invalid
OD005393,O02667,Valid,P019,Valid,3,Valid,0,Valid
OD005394,O02668,Valid,P033,Valid,4,Valid,0.15,Valid
OD005395,O02668,Valid,P036,Valid,1,Valid,0,Valid
OD005396,O02669,Valid,P050,Valid,2,Valid,0.1,Valid
OD005397,O02670,Valid,P072,Valid,2,Valid,0.25,Valid
OD005398,O02671,Valid,P071,Valid,1,Valid,0.25,Valid
OD005399,O02671,Valid,P115,Valid,2,Valid,0.15,Valid
OD005400,O02672,Valid,P055,Valid,2,Valid,0,Valid
OD005401,O02673,Valid,P085,Valid,1,Valid,0.25,Valid
OD005402,O02674,Valid,P066,Valid,3,Valid,0,Valid
OD005403,O02674,Valid,P134,Valid,2,Valid,0,Valid
OD005404,O02674,Valid,P083,Valid,3,Valid,0.15,Valid
OD005405,O02675,Valid,P079,Valid,1,Valid,0.15,Valid
OD005406,O02676,Valid,P032,Valid,4,Valid,0.15,Valid
OD005407,O02676,Valid,P067,Valid,3,Valid,0,Valid
OD005408,O02676,Valid,P118,Valid,1,Valid,0,Valid
OD005409,O02677,Valid,P113,Valid,1,Valid,0.15,Valid
OD005410,O02678,Valid,P092,Valid,1,Valid,0.2,Valid
OD005411,O02679,Valid,P122,Valid,3,Valid,0,Valid
OD005412,O02679,Valid,P056,Valid,4,Valid,0.15,Valid
OD005413,O02680,Valid,P057,Valid,1,Valid,0.2,Valid
OD005414,O02681,Valid,P101,Valid,4,Valid,0.15,Valid
OD005415,O02681,Valid,P127,Valid,1,Valid,0.25,Valid
OD005416,O02681,Valid,P003,Valid,2,Valid,0.25,Valid
OD005417,O02682,Valid,P104,Valid,3,Valid,0.25,Valid
OD005418,O02682,Valid,P136,Valid,2,Valid,0.25,Valid
OD005419,O02683,Valid,P085,Valid,1,Valid,0.25,Valid
OD005420,O02683,Valid,P098,Valid,3,Valid,0.2,Valid
OD005421,O02683,Valid,P039,Valid,2,Valid,0.2,Valid
OD005422,O02683,Valid,P043,Valid,1,Valid,0.25,Valid
OD005423,O02684,Valid,P135,Valid,1,Valid,0.2,Valid
OD005424,O02685,Valid,P001,Valid,2,Valid,0,Valid
OD005425,O02685,Valid,P029,Valid,1,Valid,0,Valid
OD005426,O02686,Valid,P054,Valid,1,Valid,0.1,Valid
OD005427,O02687,Valid,P132,Valid,2,Valid,0.15,Valid
OD005428,O02687,Valid,P088,Valid,3,Valid,0.05,Valid
OD005429,O02688,Valid,P109,Valid,3,Valid,0.1,Valid
OD005430,O02688,Valid,P125,Valid,2,Valid,0,Valid
OD005431,O02688,Valid,P105,Valid,2,Valid,0.1,Valid
OD005432,O02689,Valid,P083,Valid,4,Valid,0.15,Valid
OD005433,O02690,Valid,P123,Valid,1,Valid,0.2,Valid
OD005434,O02691,Valid,P148,Valid,1,Valid,0.25,Valid
OD005435,O02692,Valid,P122,Valid,1,Valid,0,Valid
OD005436,O02692,Valid,P086,Valid,1,Valid,0.05,Valid
OD005437,O02693,Valid,P052,Valid,1,Valid,0.05,Valid
OD005438,O02693,Valid,P021,Valid,3,Valid,0.25,Valid
OD005439,O02693,Valid,P123,Valid,3,Valid,0.05,Valid
OD005440,O02694,Valid,P041,Valid,3,Valid,0.15,Valid
OD005441,O02694,Valid,P129,Valid,2,Valid,0.05,Valid
OD005442,O02695,Valid,P118,Valid,1,Valid,0.2,Valid
OD005443,O02695,Valid,P071,Valid,1,Valid,0.2,Valid
OD005444,O02696,Valid,P075,Valid,3,Valid,0,Valid
OD005445,O02696,Valid,P135,Valid,2,Valid,0.1,Valid
OD005446,O02696,Valid,P099,Valid,1,Valid,1.2,Invalid
OD005447,O02697,Valid,P031,Valid,4,Valid,0.15,Valid
OD005448,O02698,Valid,P127,Valid,1,Valid,0.05,Valid
OD005449,O02698,Valid,P109,Valid,1,Valid,0.05,Valid
OD005450,O02699,Valid,P105,Valid,4,Valid,0.05,Valid
OD005451,O02699,Valid,P092,Valid,1,Valid,0.25,Valid
OD005452,O02700,Valid,P112,Valid,1,Valid,0,Valid
OD005453,O02701,Valid,P104,Valid,2,Valid,0.15,Valid
OD005454,O02701,Valid,P113,Valid,2,Valid,0,Valid
OD005455,O02702,Valid,,Missing,1,Valid,0.05,Valid
OD005456,O02702,Valid,P013,Valid,3,Valid,0.15,Valid
OD005457,O02702,Valid,P145,Valid,4,Valid,0,Valid
OD005458,O02703,Valid,P029,Valid,2,Valid,0.25,Valid
OD005459,O02704,Valid,P010,Valid,1,Valid,0.25,Valid
OD005460,O02705,Valid,P084,Valid,3,Valid,0.2,Valid
OD005461,O02705,Valid,P148,Valid,1,Valid,0,Valid
OD005462,O02705,Valid,P122,Valid,1,Valid,0,Valid
OD005463,O02706,Valid,P135,Valid,1,Valid,0.25,Valid
OD005464,O02707,Valid,P056,Valid,4,Valid,0.2,Valid
OD005465,O02707,Valid,P079,Valid,2,Valid,0,Valid
OD005466,O02708,Valid,P098,Valid,2,Valid,0,Valid
OD005467,O02708,Valid,P106,Valid,2,Valid,0.2,Valid
OD005468,O02709,Valid,P066,Valid,3,Valid,0.2,Valid
OD005469,O02709,Valid,P112,Valid,1,Valid,0,Valid
OD005470,O02710,Valid,P130,Valid,4,Valid,0,Valid
OD005471,O02710,Valid,P009,Valid,1,Valid,0.05,Valid
OD005472,O02710,Valid,P071,Valid,2,Valid,0,Valid
OD005473,O02710,Valid,P003,Valid,1,Valid,0.25,Valid
OD005474,O02711,Valid,P086,Valid,1,Valid,0.25,Valid
OD005475,O02711,Valid,P057,Valid,2,Valid,0.1,Valid
OD005476,O02711,Valid,P113,Valid,2,Valid,0.2,Valid
OD005477,O02711,Valid,P062,Valid,2,Valid,0,Valid
OD005478,O02712,Valid,P084,Valid,1,Valid,0.05,Valid
OD005479,O02713,Valid,P005,Valid,1,Valid,0.15,Valid
OD005480,O02713,Valid,P089,Valid,1,Valid,0.1,Valid
OD005481,O02714,Valid,P112,Valid,2,Valid,0.25,Valid
OD005482,O02715,Valid,P104,Valid,3,Valid,0.2,Valid
OD005483,O02716,Valid,P127,Valid,1,Valid,0,Valid
OD005484,O02717,Valid,P086,Valid,3,Valid,0.25,Valid
OD005485,O02717,Valid,P053,Valid,4,Valid,0.05,Valid
OD005486,O02717,Valid,P102,Valid,2,Valid,0.15,Valid
OD005487,O02718,Valid,P028,Valid,2,Valid,0.2,Valid
OD005488,O02719,Valid,P136,Valid,4,Valid,0.05,Valid
OD005489,O02720,Valid,P114,Valid,4,Valid,0.15,Valid
OD005490,O02720,Valid,P040,Valid,1,Valid,0.2,Valid
OD005491,O02721,Valid,P044,Valid,1,Valid,0.05,Valid
OD005492,O02722,Valid,P056,Valid,2,Valid,0,Valid
OD005493,O02723,Valid,P006,Valid,4,Valid,0.05,Valid
OD005494,O02723,Valid,P128,Valid,2,Valid,0,Valid
OD005495,O02723,Valid,P117,Valid,1,Valid,0,Valid
OD005496,O02723,Valid,P088,Valid,2,Valid,0,Valid
OD005497,O02724,Valid,P067,Valid,2,Valid,0.05,Valid
OD005498,O02724,Valid,P056,Valid,2,Valid,0.1,Valid
OD005499,O02725,Valid,P132,Valid,3,Valid,0.1,Valid
OD005500,O02725,Valid,P069,Valid,1,Valid,0.1,Valid
OD005501,O02725,Valid,P074,Valid,2,Valid,0.15,Valid
OD005502,O02726,Valid,P006,Valid,3,Valid,0.25,Valid
OD005503,O02726,Valid,P124,Valid,2,Valid,0.2,Valid
OD005504,O02726,Valid,P088,Valid,2,Valid,0,Valid
OD005505,O02726,Valid,P022,Valid,2,Valid,0.15,Valid
OD005506,O02727,Valid,P117,Valid,2,Valid,0.05,Valid
OD005507,O02728,Valid,P018,Valid,1,Valid,0.15,Valid
OD005508,O02729,Valid,P071,Valid,4,Valid,0.05,Valid
OD005509,O02729,Valid,P077,Valid,2,Valid,0.25,Valid
OD005510,O02729,Valid,P025,Valid,1,Valid,0.05,Valid
OD005511,O02730,Valid,P026,Valid,2,Valid,0.05,Valid
OD005512,O02731,Valid,P139,Valid,2,Valid,0.25,Valid
OD005513,O02731,Valid,P046,Valid,3,Valid,0.25,Valid
OD005514,O02732,Valid,P133,Valid,4,Valid,0.2,Valid
OD005515,O02733,Valid,P147,Valid,2,Valid,0.05,Valid
OD005516,O02734,Valid,P114,Valid,1,Valid,0.5,Valid
OD005517,O02734,Valid,P112,Valid,4,Valid,0.05,Valid
OD005518,O02735,Valid,P010,Valid,1,Valid,0.05,Valid
OD005519,O02735,Valid,P124,Valid,1,Valid,0.05,Valid
OD005520,O02736,Valid,P068,Valid,1,Valid,0.25,Valid
OD005521,O02736,Valid,P054,Valid,2,Valid,0.15,Valid
OD005522,O02736,Valid,P079,Valid,2,Valid,0.2,Valid
OD005523,O02737,Valid,P027,Valid,4,Valid,0.1,Valid
OD005524,O02737,Valid,P087,Valid,4,Valid,0.15,Valid
OD005525,O02738,Valid,P037,Valid,3,Valid,0,Valid
OD005526,O02739,Valid,P150,Valid,2,Valid,0.2,Valid
OD005527,O02739,Valid,P069,Valid,1,Valid,0.05,Valid
OD005528,O02739,Valid,P014,Valid,4,Valid,0,Valid
OD005529,O02739,Valid,P125,Valid,1,Valid,0,Valid
OD005530,O02740,Valid,P119,Valid,2,Valid,0,Valid
OD005531,O02741,Valid,P013,Valid,1,Valid,0,Valid
OD005532,O02742,Valid,P065,Valid,2,Valid,0.1,Valid
OD005533,O02743,Valid,P059,Valid,3,Valid,0,Valid
OD005534,O02743,Valid,P074,Valid,4,Valid,0.2,Valid
OD005535,O02743,Valid,P068,Valid,1,Valid,0.2,Valid
OD005536,O02743,Valid,P062,Valid,2,Valid,0.1,Valid
OD005537,O02744,Valid,P045,Valid,1,Valid,0.05,Valid
OD005538,O02745,Valid,P129,Valid,2,Valid,0.05,Valid
OD005539,O02745,Valid,P087,Valid,1,Valid,0,Valid
OD005540,O02746,Valid,P070,Valid,3,Valid,0.2,Valid
OD005541,O02747,Valid,P125,Valid,2,Valid,0.15,Valid
OD005542,O02747,Valid,P080,Valid,1,Valid,0.2,Valid
OD005543,O02747,Valid,P025,Valid,1,Valid,0.1,Valid
OD005544,O02748,Valid,P081,Valid,1,Valid,0,Valid
OD005545,O02749,Valid,P038,Valid,1,Valid,0.15,Valid
OD005546,O02749,Valid,P138,Valid,1,Valid,0.25,Valid
OD005547,O02749,Valid,P094,Valid,-2,Invalid,0.2,Valid
OD005548,O02749,Valid,P096,Valid,3,Valid,0.15,Valid
OD005549,O02750,Valid,P089,Valid,2,Valid,0,Valid
OD005550,O02750,Valid,P125,Valid,3,Valid,0.1,Valid
OD005551,O02750,Valid,P078,Valid,2,Valid,0,Valid
OD005552,O02750,Valid,P093,Valid,1,Valid,0.25,Valid
OD005553,O02751,Valid,P068,Valid,4,Valid,0,Valid
OD005554,O02751,Valid,P031,Valid,2,Valid,0,Valid
OD005555,O02752,Valid,P055,Valid,3,Valid,0.2,Valid
OD005556,O02753,Valid,P078,Valid,1,Valid,0,Valid
OD005557,O02753,Valid,P114,Valid,2,Valid,0,Valid
OD005558,O02753,Valid,P001,Valid,1,Valid,0.1,Valid
OD005559,O02754,Valid,P114,Valid,3,Valid,0.15,Valid
OD005560,O02754,Valid,P025,Valid,2,Valid,0.2,Valid
OD005561,O02754,Valid,P066,Valid,4,Valid,0.25,Valid
OD005562,O02754,Valid,P127,Valid,4,Valid,0.2,Valid
OD005563,O02755,Valid,P075,Valid,1,Valid,0.15,Valid
OD005564,O02756,Valid,P082,Valid,2,Valid,0.05,Valid
OD005565,O02757,Valid,P133,Valid,3,Valid,0,Valid
OD005566,O02758,Valid,P073,Valid,3,Valid,0.25,Valid
OD005567,O02758,Valid,P096,Valid,2,Valid,0,Valid
OD005568,O02759,Valid,P119,Valid,1,Valid,0,Valid
OD005569,O02760,Valid,P100,Valid,1,Valid,0,Valid
OD005570,O02760,Valid,P026,Valid,2,Valid,0.05,Valid
OD005571,O02761,Valid,P008,Valid,4,Valid,0,Valid
OD005572,O02761,Valid,P011,Valid,2,Valid,0.2,Valid
OD005573,O02762,Valid,P099,Valid,2,Valid,0.15,Valid
OD005574,O02763,Valid,P070,Valid,2,Valid,0.1,Valid
OD005575,O02763,Valid,P148,Valid,3,Valid,0.15,Valid
OD005576,O02763,Valid,P009,Valid,1,Valid,0.15,Valid
OD005577,O02763,Valid,P126,Valid,1,Valid,0.05,Valid
OD005578,O02764,Valid,P026,Valid,1,Valid,0.2,Valid
OD005579,O02764,Valid,P102,Valid,4,Valid,0.05,Valid
OD005580,O02764,Valid,P040,Valid,2,Valid,0.25,Valid
OD005581,O02765,Valid,P061,Valid,2,Valid,0.1,Valid
OD005582,O02765,Valid,P141,Valid,3,Valid,0,Valid
OD005583,O02765,Valid,P150,Valid,1,Valid,0,Valid
OD005584,O02765,Valid,P109,Valid,4,Valid,0.1,Valid
OD005585,O02766,Valid,P062,Valid,3,Valid,0.25,Valid
OD005586,O02766,Valid,P095,Valid,1,Valid,0.2,Valid
OD005587,O02767,Valid,P105,Valid,2,Valid,0,Valid
OD005588,O02767,Valid,P012,Valid,2,Valid,0,Valid
OD005589,O02768,Valid,P137,Valid,2,Valid,0,Valid
OD005590,O02769,Valid,P022,Valid,1,Valid,0,Valid
OD005591,O02770,Valid,P089,Valid,1,Valid,0.05,Valid
OD005592,O02770,Valid,P028,Valid,1,Valid,0,Valid
OD005593,O02770,Valid,P050,Valid,2,Valid,0.1,Valid
OD005594,O02770,Valid,P002,Valid,4,Valid,0.05,Valid
OD005595,O02771,Valid,P127,Valid,3,Valid,0.05,Valid
OD005596,O02772,Valid,P059,Valid,2,Valid,0.25,Valid
OD005597,O02772,Valid,P111,Valid,3,Valid,0,Valid
OD005598,O02773,Valid,P123,Valid,3,Valid,0.25,Valid
OD005599,O02774,Valid,P146,Valid,4,Valid,0.25,Valid
OD005600,O02774,Valid,P106,Valid,1,Valid,0.2,Valid
OD005601,O02774,Valid,P114,Valid,1,Valid,0.15,Valid
OD005602,O02775,Valid,P051,Valid,3,Valid,0.25,Valid
OD005603,O02776,Valid,P003,Valid,4,Valid,0.05,Valid
OD005604,O02776,Valid,P014,Valid,4,Valid,0.2,Valid
OD005605,O02776,Valid,P117,Valid,2,Valid,0.25,Valid
OD005606,O02776,Valid,P059,Valid,1,Valid,0.15,Valid
OD005607,O02777,Valid,P040,Valid,1,Valid,0.25,Valid
OD005608,O02777,Valid,P100,Valid,1,Valid,0,Valid
OD005609,O02777,Valid,P007,Valid,3,Valid,0.1,Valid
OD005610,O02777,Valid,P132,Valid,1,Valid,0.2,Valid
OD005611,O02778,Valid,P068,Valid,1,Valid,0.15,Valid
OD005612,O02778,Valid,P018,Valid,4,Valid,0.25,Valid
OD005613,O02779,Valid,P100,Valid,2,Valid,0,Valid
OD005614,O02779,Valid,P110,Valid,1,Valid,0.25,Valid
OD005615,O02780,Valid,P033,Valid,1,Valid,0.25,Valid
OD005616,O02781,Valid,P043,Valid,4,Valid,0,Valid
OD005617,O02781,Valid,P020,Valid,4,Valid,0.1,Valid
OD005618,O02781,Valid,P068,Valid,1,Valid,0,Valid
OD005619,O02781,Valid,P083,Valid,2,Valid,0.1,Valid
OD005620,O02782,Valid,P140,Valid,4,Valid,0.15,Valid
OD005621,O02782,Valid,P146,Valid,4,Valid,0.05,Valid
OD005622,O02782,Valid,P038,Valid,2,Valid,0.25,Valid
OD005623,O02782,Valid,P086,Valid,4,Valid,0.05,Valid
OD005624,O02783,Valid,P068,Valid,2,Valid,0.05,Valid
OD005625,O02783,Valid,P070,Valid,3,Valid,0,Valid
OD005626,O02784,Valid,P096,Valid,3,Valid,0.25,Valid
OD005627,O02785,Valid,P072,Valid,1,Valid,0,Valid
OD005628,O02786,Valid,P134,Valid,1,Valid,0.25,Valid
OD005629,O02787,Valid,P137,Valid,2,Valid,0.1,Valid
OD005630,O02787,Valid,P088,Valid,1,Valid,0.15,Valid
OD005631,O02787,Valid,P022,Valid,1,Valid,0.2,Valid
OD005632,O02787,Valid,P055,Valid,1,Valid,0,Valid
OD005633,O02788,Valid,P053,Valid,2,Valid,,Missing
OD005634,O02789,Valid,P139,Valid,2,Valid,0.25,Valid
OD005635,O02789,Valid,P026,Valid,3,Valid,0.1,Valid
OD005636,O02789,Valid,P056,Valid,2,Valid,0.05,Valid
OD005637,O02790,Valid,P026,Valid,1,Valid,0.05,Valid
OD005638,O02790,Valid,P138,Valid,2,Valid,0.2,Valid
OD005639,O02790,Valid,P072,Valid,1,Valid,0,Valid
OD005640,O02790,Valid,P128,Valid,1,Valid,0,Valid
OD005641,O02791,Valid,P134,Valid,1,Valid,0,Valid
OD005642,O02792,Valid,P083,Valid,1,Valid,0,Valid
OD005643,O02793,Valid,P029,Valid,1,Valid,0.1,Valid
OD005644,O02794,Valid,P139,Valid,1,Valid,0.1,Valid
OD005645,O02795,Valid,P051,Valid,1,Valid,0.15,Valid
OD005646,O02796,Valid,P102,Valid,2,Valid,0.1,Valid
OD005647,O02796,Valid,P075,Valid,1,Valid,0.2,Valid
OD005648,O02797,Valid,P003,Valid,3,Valid,0.2,Valid
OD005649,O02797,Valid,P108,Valid,2,Valid,0.1,Valid
OD005650,O02798,Valid,P140,Valid,1,Valid,0.25,Valid
OD005651,O02799,Valid,P097,Valid,3,Valid,0.15,Valid
OD005652,O02799,Valid,P037,Valid,1,Valid,0,Valid
OD005653,O02800,Valid,P108,Valid,3,Valid,0.25,Valid
OD005654,O02800,Valid,P124,Valid,1,Valid,0.2,Valid
OD005655,O02801,Valid,P048,Valid,2,Valid,0,Valid
OD005656,O02801,Valid,P025,Valid,1,Valid,0.05,Valid
OD005657,O02802,Valid,P135,Valid,2,Valid,0.15,Valid
OD005658,O02802,Valid,P133,Valid,1,Valid,0.2,Valid
OD005659,O02803,Valid,P027,Valid,2,Valid,0.1,Valid
OD005660,O02804,Valid,P148,Valid,4,Valid,0.2,Valid
OD005661,O02804,Valid,P057,Valid,1,Valid,0.1,Valid
OD005662,O02804,Valid,P012,Valid,4,Valid,0.05,Valid
OD005663,O02804,Valid,P058,Valid,3,Valid,0.05,Valid
OD005664,O02805,Valid,P103,Valid,1,Valid,0,Valid
OD005665,O02805,Valid,P066,Valid,2,Valid,0.15,Valid
OD005666,O02805,Valid,P110,Valid,1,Valid,0.1,Valid
OD005667,O02805,Valid,P120,Valid,1,Valid,0.05,Valid
OD005668,O02806,Valid,P060,Valid,4,Valid,0.05,Valid
OD005669,O02806,Valid,P006,Valid,4,Valid,0.25,Valid
OD005670,O02806,Valid,P100,Valid,2,Valid,0,Valid
OD005671,O02807,Valid,P125,Valid,1,Valid,0.05,Valid
OD005672,O02807,Valid,P004,Valid,1,Valid,0.05,Valid
OD005673,O02808,Valid,P030,Valid,2,Valid,0,Valid
OD005674,O02808,Valid,P116,Valid,3,Valid,0.25,Valid
OD005675,O02808,Valid,P014,Valid,1,Valid,0.15,Valid
OD005676,O02808,Valid,P032,Valid,2,Valid,0,Valid
OD005677,O02809,Valid,P102,Valid,2,Valid,0,Valid
OD005678,O02810,Valid,P101,Valid,1,Valid,0.1,Valid
OD005679,O02810,Valid,P119,Valid,1,Valid,0,Valid
OD005680,O02811,Valid,P086,Valid,1,Valid,0,Valid
OD005681,O02812,Valid,P064,Valid,3,Valid,0,Valid
OD005682,O02812,Valid,P102,Valid,4,Valid,0.25,Valid
OD005683,O02813,Valid,P044,Valid,2,Valid,0.25,Valid
OD005684,O02814,Valid,P036,Valid,1,Valid,0,Valid
OD005685,O02815,Valid,P147,Valid,2,Valid,0.2,Valid
OD005686,O02815,Valid,P007,Valid,2,Valid,0.1,Valid
OD005687,O02816,Valid,P071,Valid,2,Valid,0,Valid
OD005688,O02817,Valid,P060,Valid,1,Valid,0.25,Valid
OD005689,O02818,Valid,P140,Valid,1,Valid,0.25,Valid
OD005690,O02819,Valid,P077,Valid,3,Valid,0.25,Valid
OD005691,O02819,Valid,P050,Valid,2,Valid,0.2,Valid
OD005692,O02820,Valid,P002,Valid,2,Valid,0.05,Valid
OD005693,O02821,Valid,P062,Valid,4,Valid,0,Valid
OD005694,O02821,Valid,P084,Valid,2,Valid,0.05,Valid
OD005695,O02822,Valid,P065,Valid,2,Valid,0.15,Valid
OD005696,O02823,Valid,P089,Valid,1,Valid,0,Valid
OD005697,O02824,Valid,P021,Valid,1,Valid,0,Valid
OD005698,O02825,Valid,P023,Valid,1,Valid,0,Valid
OD005699,O02825,Valid,P039,Valid,2,Valid,0.05,Valid
OD005700,O02825,Valid,P140,Valid,1,Valid,0.15,Valid
OD005701,O02825,Valid,P063,Valid,3,Valid,0.15,Valid
OD005702,O02826,Valid,P124,Valid,1,Valid,0,Valid
OD005703,O02826,Valid,P145,Valid,1,Valid,0.25,Valid
OD005704,O02826,Valid,P149,Valid,4,Valid,0.25,Valid
OD005705,O02827,Valid,P117,Valid,2,Valid,0.1,Valid
OD005706,O02827,Valid,P026,Valid,1,Valid,0.25,Valid
OD005707,O02828,Valid,P007,Valid,1,Valid,0.05,Valid
OD005708,O02828,Valid,P050,Valid,2,Valid,0.15,Valid
OD005709,O02829,Valid,P015,Valid,1,Valid,0,Valid
OD005710,O02829,Valid,P147,Valid,1,Valid,0.05,Valid
OD005711,O02830,Valid,P098,Valid,1,Valid,0.1,Valid
OD005712,O02830,Valid,P002,Valid,1,Valid,0.15,Valid
OD005713,O02830,Valid,P085,Valid,4,Valid,0,Valid
OD005714,O02831,Valid,P143,Valid,2,Valid,0.1,Valid
OD005715,O02831,Valid,P083,Valid,2,Valid,0.05,Valid
OD005716,O02831,Valid,P054,Valid,1,Valid,0.25,Valid
OD005717,O02831,Valid,P062,Valid,2,Valid,0.1,Valid
OD005718,O02832,Valid,P104,Valid,4,Valid,0,Valid
OD005719,O02832,Valid,P118,Valid,1,Valid,0.1,Valid
OD005720,O02832,Valid,P119,Valid,1,Valid,0,Valid
OD005721,O02832,Valid,P112,Valid,1,Valid,0.05,Valid
OD005722,O02833,Valid,P117,Valid,3,Valid,0.25,Valid
OD005723,O02833,Valid,P060,Valid,2,Valid,0.25,Valid
OD005724,O02833,Valid,P021,Valid,1,Valid,0,Valid
OD005725,O02834,Valid,P058,Valid,1,Valid,0.05,Valid
OD005726,O02835,Valid,P108,Valid,1,Valid,0.25,Valid
OD005727,O02835,Valid,P116,Valid,2,Valid,0.05,Valid
OD005728,O02836,Valid,P088,Valid,2,Valid,0.05,Valid
OD005729,O02836,Valid,P030,Valid,2,Valid,0.25,Valid
OD005730,O02836,Valid,P001,Valid,1,Valid,0.15,Valid
OD005731,O02836,Valid,P078,Valid,1,Valid,0.2,Valid
OD005732,O02837,Valid,P113,Valid,1,Valid,0.05,Valid
OD005733,O02837,Valid,P056,Valid,2,Valid,0,Valid
OD005734,O02837,Valid,P030,Valid,4,Valid,0.05,Valid
OD005735,O02837,Valid,P139,Valid,4,Valid,0.05,Valid
OD005736,O02838,Valid,P124,Valid,1,Valid,0.1,Valid
OD005737,O02839,Valid,P150,Valid,4,Valid,0.15,Valid
OD005738,O02839,Valid,P093,Valid,3,Valid,0.05,Valid
OD005739,O02840,Valid,P123,Valid,1,Valid,0,Valid
OD005740,O02840,Valid,P106,Valid,2,Valid,0.15,Valid
OD005741,O02840,Valid,P031,Valid,2,Valid,0.1,Valid
OD005742,O02840,Valid,P027,Valid,1,Valid,0.1,Valid
OD005743,O02841,Valid,P075,Valid,3,Valid,0.2,Valid
OD005744,O02842,Valid,P108,Valid,1,Valid,0.1,Valid
OD005745,O02843,Valid,P132,Valid,2,Valid,0.25,Valid
OD005746,O02844,Valid,P039,Valid,2,Valid,0.2,Valid
OD005747,O02844,Valid,P043,Valid,2,Valid,0,Valid
OD005748,O02845,Valid,P130,Valid,1,Valid,0.05,Valid
OD005749,O02846,Valid,P007,Valid,1,Valid,0.15,Valid
OD005750,O02846,Valid,P053,Valid,2,Valid,0.05,Valid
OD005751,O02846,Valid,P149,Valid,3,Valid,0.1,Valid
OD005752,O02847,Valid,P090,Valid,1,Valid,0.25,Valid
OD005753,O02847,Valid,P107,Valid,2,Valid,0.1,Valid
OD005754,O02848,Valid,P047,Valid,1,Valid,0.15,Valid
OD005755,O02848,Valid,P105,Valid,1,Valid,0.1,Valid
OD005756,O02848,Valid,P018,Valid,4,Valid,0.15,Valid
OD005757,O02849,Valid,P009,Valid,2,Valid,0.1,Valid
OD005758,O02849,Valid,P114,Valid,2,Valid,0.15,Valid
OD005759,O02850,Valid,P120,Valid,1,Valid,0.25,Valid
OD005760,O02851,Valid,P053,Valid,4,Valid,0.1,Valid
OD005761,O02851,Valid,P146,Valid,1,Valid,0.1,Valid
OD005762,O02851,Valid,P145,Valid,1,Valid,0.1,Valid
OD005763,O02852,Valid,P048,Valid,1,Valid,0.2,Valid
OD005764,O02852,Valid,P114,Valid,0,Invalid,0,Valid
OD005765,O02853,Valid,P113,Valid,4,Valid,0,Valid
OD005766,O02854,Valid,P032,Valid,1,Valid,0.15,Valid
OD005767,O02855,Valid,P108,Valid,1,Valid,0.2,Valid
OD005768,O02855,Valid,P045,Valid,4,Valid,0,Valid
OD005769,O02856,Valid,P139,Valid,1,Valid,0,Valid
OD005770,O02856,Valid,P043,Valid,1,Valid,0,Valid
OD005771,O02857,Valid,P062,Valid,1,Valid,0.25,Valid
OD005772,O02858,Valid,P056,Valid,2,Valid,0.15,Valid
OD005773,O02859,Valid,P065,Valid,1,Valid,0.1,Valid
OD005774,O02860,Valid,P103,Valid,4,Valid,0.2,Valid
OD005775,O02861,Valid,P097,Valid,2,Valid,0.05,Valid
OD005776,O02862,Valid,P059,Valid,2,Valid,0.05,Valid
OD005777,O02862,Valid,P001,Valid,3,Valid,0,Valid
OD005778,O02862,Valid,P103,Valid,1,Valid,0.05,Valid
OD005779,O02863,Valid,P138,Valid,1,Valid,0.25,Valid
OD005780,O02863,Valid,P101,Valid,1,Valid,0.15,Valid
OD005781,O02864,Valid,P024,Valid,1,Valid,0.15,Valid
OD005782,O02865,Valid,P063,Valid,2,Valid,0.2,Valid
OD005783,O02866,Valid,P013,Valid,1,Valid,0.15,Valid
OD005784,O02866,Valid,P009,Valid,4,Valid,0.15,Valid
OD005785,O02866,Valid,P098,Valid,1,Valid,0.05,Valid
OD005786,O02866,Valid,P068,Valid,2,Valid,0.1,Valid
OD005787,O02867,Valid,P088,Valid,2,Valid,0.2,Valid
OD005788,O02867,Valid,P063,Valid,4,Valid,0.25,Valid
OD005789,O02867,Valid,P028,Valid,4,Valid,0.15,Valid
OD005790,O02867,Valid,P030,Valid,4,Valid,0,Valid
OD005791,O02868,Valid,P043,Valid,1,Valid,0.05,Valid
OD005792,O02869,Valid,P037,Valid,2,Valid,0.25,Valid
OD005793,O02870,Valid,P083,Valid,1,Valid,0.1,Valid
OD005794,O02871,Valid,P078,Valid,1,Valid,0.05,Valid
OD005795,O02871,Valid,P034,Valid,4,Valid,0,Valid
OD005796,O02872,Valid,P143,Valid,2,Valid,0.15,Valid
OD005797,O02872,Valid,P109,Valid,3,Valid,0.1,Valid
OD005798,O02873,Valid,P102,Valid,3,Valid,0,Valid
OD005799,O02873,Valid,P008,Valid,1,Valid,0,Valid
OD005800,O02874,Valid,P034,Valid,1,Valid,0,Valid
OD005801,O02874,Valid,P044,Valid,2,Valid,0,Valid
OD005802,O02874,Valid,P032,Valid,1,Valid,0.15,Valid
OD005803,O02875,Valid,P084,Valid,2,Valid,0,Valid
OD005804,O02875,Valid,P144,Valid,2,Valid,0.25,Valid
OD005805,O02875,Valid,P103,Valid,2,Valid,0.2,Valid
OD005806,O02876,Valid,P139,Valid,4,Valid,0.1,Valid
OD005807,O02877,Valid,P135,Valid,1,Valid,0.15,Valid
OD005808,O02877,Valid,P124,Valid,2,Valid,0,Valid
OD005809,O02878,Valid,P020,Valid,2,Valid,0.05,Valid
OD005810,O02878,Valid,P065,Valid,4,Valid,0.1,Valid
OD005811,O02878,Valid,P041,Valid,1,Valid,0.15,Valid
OD005812,O02878,Valid,P080,Valid,4,Valid,0,Valid
OD005813,O02879,Valid,P148,Valid,1,Valid,0.05,Valid
OD005814,O02879,Valid,P101,Valid,1,Valid,0.1,Valid
OD005815,O02880,Valid,P061,Valid,1,Valid,0.25,Valid
OD005816,O02881,Valid,P139,Valid,2,Valid,0.15,Valid
OD005817,O02882,Valid,P121,Valid,1,Valid,0,Valid
OD005818,O02883,Valid,P021,Valid,3,Valid,0,Valid
OD005819,O02884,Valid,P135,Valid,2,Valid,0.05,Valid
OD005820,O02885,Valid,P021,Valid,1,Valid,0,Valid
OD005821,O02886,Valid,P041,Valid,3,Valid,0.2,Valid
OD005822,O02887,Valid,P001,Valid,1,Valid,0.05,Valid
OD005823,O02887,Valid,P022,Valid,1,Valid,0.05,Valid
OD005824,O02887,Valid,P126,Valid,1,Valid,0.1,Valid
OD005825,O02888,Valid,P136,Valid,2,Valid,0.15,Valid
OD005826,O02889,Valid,P018,Valid,1,Valid,0.25,Valid
OD005827,O02890,Valid,P104,Valid,2,Valid,0,Valid
OD005828,O02891,Valid,P120,Valid,1,Valid,0,Valid
OD005829,O02891,Valid,P082,Valid,2,Valid,0.2,Valid
OD005830,O02891,Valid,P005,Valid,3,Valid,0.15,Valid
OD005831,O02891,Valid,P026,Valid,2,Valid,0.05,Valid
OD005832,O02892,Valid,P044,Valid,4,Valid,0,Valid
OD005833,O02893,Valid,P102,Valid,1,Valid,0.1,Valid
OD005834,O02894,Valid,P088,Valid,3,Valid,0.15,Valid
OD005835,O02894,Valid,P075,Valid,4,Valid,0,Valid
OD005836,O02895,Valid,P004,Valid,2,Valid,0.05,Valid
OD005837,O02896,Valid,P127,Valid,1,Valid,0.2,Valid
OD005838,O02896,Valid,P037,Valid,2,Valid,0,Valid
OD005839,O02897,Valid,P137,Valid,2,Valid,0,Valid
OD005840,O02897,Valid,P003,Valid,4,Valid,0,Valid
OD005841,O02898,Valid,P067,Valid,1,Valid,0,Valid
OD005842,O02898,Valid,P086,Valid,2,Valid,0.1,Valid
OD005843,O02898,Valid,P115,Valid,1,Valid,0.05,Valid
OD005844,O02898,Valid,P040,Valid,3,Valid,0.2,Valid
OD005845,O02899,Valid,P088,Valid,3,Valid,0,Valid
OD005846,O02899,Valid,P129,Valid,2,Valid,0.2,Valid
OD005847,O02900,Valid,P002,Valid,1,Valid,0,Valid
OD005848,O02900,Valid,P025,Valid,3,Valid,0,Valid
OD005849,O02901,Valid,P111,Valid,2,Valid,0.25,Valid
OD005850,O02901,Valid,P128,Valid,2,Valid,0.2,Valid
OD005851,O02902,Valid,P008,Valid,2,Valid,0,Valid
OD005852,O02903,Valid,P019,Valid,2,Valid,0,Valid
OD005853,O02904,Valid,P031,Valid,4,Valid,0.15,Valid
OD005854,O02905,Valid,P141,Valid,3,Valid,0.2,Valid
OD005855,O02906,Valid,P033,Valid,1,Valid,0,Valid
OD005856,O02907,Valid,P039,Valid,4,Valid,0,Valid
OD005857,O02907,Valid,P145,Valid,4,Valid,0.05,Valid
OD005858,O02907,Valid,P116,Valid,2,Valid,0.2,Valid
OD005859,O02908,Valid,P051,Valid,2,Valid,0,Valid
OD005860,O02908,Valid,P123,Valid,2,Valid,0,Valid
OD005861,O02908,Valid,P150,Valid,1,Valid,0.15,Valid
OD005862,O02908,Valid,P088,Valid,3,Valid,0.05,Valid
OD005863,O02909,Valid,P032,Valid,1,Valid,0.1,Valid
OD005864,O02910,Valid,P055,Valid,2,Valid,0,Valid
OD005865,O02910,Valid,P114,Valid,1,Valid,0.25,Valid
OD005866,O02910,Valid,P022,Valid,2,Valid,0.05,Valid
OD005867,O02910,Valid,P073,Valid,4,Valid,0.1,Valid
OD005868,O02911,Valid,P029,Valid,4,Valid,0.05,Valid
OD005869,O02912,Valid,P077,Valid,2,Valid,0.25,Valid
OD005870,O02913,Valid,P061,Valid,2,Valid,0,Valid
OD005871,O02913,Valid,P150,Valid,2,Valid,0,Valid
OD005872,O02914,Valid,P021,Valid,2,Valid,0.15,Valid
OD005873,O02915,Valid,P018,Valid,1,Valid,0.05,Valid
OD005874,O02916,Valid,P148,Valid,1,Valid,0.25,Valid
OD005875,O02916,Valid,P121,Valid,3,Valid,0.1,Valid
OD005876,O02916,Valid,P116,Valid,3,Valid,0.25,Valid
OD005877,O02917,Valid,P123,Valid,4,Valid,0.05,Valid
OD005878,O02917,Valid,P044,Valid,1,Valid,0,Valid
OD005879,O02918,Valid,P079,Valid,4,Valid,0.05,Valid
OD005880,O02918,Valid,P051,Valid,2,Valid,0.1,Valid
OD005881,O02918,Valid,P088,Valid,2,Valid,0.1,Valid
OD005882,O02919,Valid,P097,Valid,1,Valid,0.1,Valid
OD005883,O02920,Valid,P087,Valid,2,Valid,0.25,Valid
OD005884,O02921,Valid,P079,Valid,4,Valid,0.2,Valid
OD005885,O02921,Valid,P058,Valid,3,Valid,0,Valid
OD005886,O02921,Valid,P133,Valid,4,Valid,0,Valid
OD005887,O02922,Valid,P147,Valid,4,Valid,0.25,Valid
OD005888,O02922,Valid,P013,Valid,1,Valid,0.05,Valid
OD005889,O02923,Valid,P005,Valid,1,Valid,0.05,Valid
OD005890,O02923,Valid,P076,Valid,2,Valid,0.15,Valid
OD005891,O02924,Valid,P108,Valid,1,Valid,0,Valid
OD005892,O02924,Valid,P013,Valid,2,Valid,0,Valid
OD005893,O02924,Valid,P008,Valid,2,Valid,0.2,Valid
OD005894,O02924,Valid,P146,Valid,1,Valid,0.1,Valid
OD005895,O02925,Valid,P123,Valid,2,Valid,0,Valid
OD005896,O02926,Valid,P043,Valid,2,Valid,0.1,Valid
OD005897,O02927,Valid,P036,Valid,,Missing,0.15,Valid
OD005898,O02927,Valid,,Missing,1,Valid,0,Valid
OD005899,O02927,Valid,P094,Valid,1,Valid,0.1,Valid
OD005900,O02928,Valid,P060,Valid,4,Valid,0.2,Valid
OD005901,O02928,Valid,P014,Valid,1,Valid,0,Valid
OD005902,O02928,Valid,P022,Valid,3,Valid,0.05,Valid
OD005903,O02928,Valid,P069,Valid,1,Valid,0.1,Valid
OD005904,O02929,Valid,P028,Valid,3,Valid,0,Valid
OD005905,O02930,Valid,P118,Valid,1,Valid,0,Valid
OD005906,O02930,Valid,P048,Valid,1,Valid,0.1,Valid
OD005907,O02930,Valid,P047,Valid,4,Valid,0.05,Valid
OD005908,O02930,Valid,P102,Valid,2,Valid,0.15,Valid
OD005909,O02931,Valid,P004,Valid,1,Valid,0,Valid
OD005910,O02931,Valid,P003,Valid,2,Valid,0.25,Valid
OD005911,O02931,Valid,P017,Valid,1,Valid,0,Valid
OD005912,O02931,Valid,P134,Valid,1,Valid,0.15,Valid
OD005913,O02932,Valid,P070,Valid,4,Valid,0.05,Valid
OD005914,O02932,Valid,P115,Valid,1,Valid,0,Valid
OD005915,O02933,Valid,P138,Valid,4,Valid,0.25,Valid
OD005916,O02933,Valid,P063,Valid,4,Valid,0.2,Valid
OD005917,O02934,Valid,P083,Valid,4,Valid,0,Valid
OD005918,O02934,Valid,P107,Valid,1,Valid,0,Valid
OD005919,O02934,Valid,P124,Valid,4,Valid,0.15,Valid
OD005920,O02934,Valid,P123,Valid,1,Valid,0.25,Valid
OD005921,O02935,Valid,P043,Valid,2,Valid,0.25,Valid
OD005922,O02936,Valid,P078,Valid,2,Valid,0.2,Valid
OD005923,O02937,Valid,P061,Valid,1,Valid,0.2,Valid
OD005924,O02937,Valid,P104,Valid,1,Valid,0,Valid
OD005925,O02937,Valid,P084,Valid,2,Valid,0.15,Valid
OD005926,O02937,Valid,P003,Valid,1,Valid,0.15,Valid
OD005927,O02938,Valid,P015,Valid,2,Valid,0.05,Valid
OD005928,O02939,Valid,P117,Valid,1,Valid,0,Valid
OD005929,O02939,Valid,P105,Valid,2,Valid,0.15,Valid
OD005930,O02939,Valid,P018,Valid,2,Valid,0,Valid
OD005931,O02939,Valid,P080,Valid,4,Valid,0.2,Valid
OD005932,O02940,Valid,P084,Valid,3,Valid,0,Valid
OD005933,O02940,Valid,P082,Valid,3,Valid,0.05,Valid
OD005934,O02940,Valid,P067,Valid,1,Valid,0.2,Valid
OD005935,O02941,Valid,P032,Valid,2,Valid,0.15,Valid
OD005936,O02942,Valid,P037,Valid,3,Valid,0.1,Valid
OD005937,O02942,Valid,P016,Valid,2,Valid,0.05,Valid
OD005938,O02943,Valid,P069,Valid,1,Valid,0,Valid
OD005939,O02943,Valid,P147,Valid,3,Valid,0.15,Valid
OD005940,O02943,Valid,P058,Valid,2,Valid,0.15,Valid
OD005941,O02943,Valid,P051,Valid,1,Valid,0.05,Valid
OD005942,O02944,Valid,P055,Valid,3,Valid,0.25,Valid
OD005943,O02945,Valid,P047,Valid,2,Valid,0.1,Valid
OD005944,O02945,Valid,P089,Valid,2,Valid,0.2,Valid
OD005945,O02945,Valid,P045,Valid,1,Valid,0.05,Valid
OD005946,O02946,Valid,P051,Valid,4,Valid,0.25,Valid
OD005947,O02946,Valid,P064,Valid,4,Valid,0.15,Valid
OD005948,O02947,Valid,P057,Valid,1,Valid,0,Valid
OD005949,O02948,Valid,P060,Valid,1,Valid,0,Valid
OD005950,O02948,Valid,P071,Valid,3,Valid,0.25,Valid
OD005951,O02949,Valid,P054,Valid,1,Valid,0.1,Valid
OD005952,O02949,Valid,P013,Valid,1,Valid,0,Valid
OD005953,O02949,Valid,P047,Valid,4,Valid,0,Valid
OD005954,O02950,Valid,P076,Valid,4,Valid,0.1,Valid
OD005955,O02951,Valid,P006,Valid,3,Valid,0.15,Valid
OD005956,O02952,Valid,P096,Valid,3,Valid,0.25,Valid
OD005957,O02952,Valid,P049,Valid,2,Valid,0,Valid
OD005958,O02953,Valid,P062,Valid,1,Valid,0.05,Valid
OD005959,O02954,Valid,P083,Valid,1,Valid,0.1,Valid
OD005960,O02955,Valid,P033,Valid,1,Valid,0.25,Valid
OD005961,O02956,Valid,P084,Valid,1,Valid,0.25,Valid
OD005962,O02957,Valid,P125,Valid,3,Valid,0,Valid
OD005963,O02958,Valid,P092,Valid,1,Valid,0.15,Valid
OD005964,O02959,Valid,P128,Valid,1,Valid,0,Valid
OD005965,O02959,Valid,P014,Valid,3,Valid,0.25,Valid
OD005966,O02959,Valid,P069,Valid,3,Valid,0.2,Valid
OD005967,O02959,Valid,P070,Valid,1,Valid,0.05,Valid
OD005968,O02960,Valid,P079,Valid,1,Valid,0.15,Valid
OD005969,O02960,Valid,P019,Valid,2,Valid,0,Valid
OD005970,O02961,Valid,P096,Valid,4,Valid,0,Valid
OD005971,O02962,Valid,P083,Valid,1,Valid,0.15,Valid
OD005972,O02963,Valid,P010,Valid,2,Valid,0,Valid
OD005973,O02963,Valid,P125,Valid,4,Valid,0,Valid
OD005974,O02963,Valid,P133,Valid,4,Valid,0.2,Valid
OD005975,O02963,Valid,P020,Valid,1,Valid,0,Valid
OD005976,O02964,Valid,P058,Valid,3,Valid,0.2,Valid
OD005977,O02965,Valid,P066,Valid,4,Valid,0,Valid
OD005978,O02966,Valid,P121,Valid,1,Valid,0.2,Valid
OD005979,O02966,Valid,P029,Valid,2,Valid,0.25,Valid
OD005980,O02967,Valid,P081,Valid,2,Valid,0.1,Valid
OD005981,O02967,Valid,P092,Valid,4,Valid,0,Valid
OD005982,O02967,Valid,P128,Valid,1,Valid,0.15,Valid
OD005983,O02967,Valid,P032,Valid,3,Valid,0.2,Valid
OD005984,O02968,Valid,P072,Valid,2,Valid,0,Valid
OD005985,O02969,Valid,P111,Valid,1,Valid,0.2,Valid
OD005986,O02970,Valid,P035,Valid,3,Valid,0.2,Valid
OD005987,O02970,Valid,P020,Valid,4,Valid,0.15,Valid
OD005988,O02971,Valid,P094,Valid,1,Valid,0,Valid
OD005989,O02971,Valid,P111,Valid,1,Valid,0.25,Valid
OD005990,O02971,Valid,P061,Valid,4,Valid,0,Valid
OD005991,O02972,Valid,P112,Valid,1,Valid,0,Valid
OD005992,O02972,Valid,P019,Valid,1,Valid,0,Valid
OD005993,O02973,Valid,P081,Valid,2,Valid,0.15,Valid
OD005994,O02974,Valid,P099,Valid,3,Valid,0.2,Valid
OD005995,O02974,Valid,P129,Valid,2,Valid,0.15,Valid
OD005996,O02974,Valid,P092,Valid,2,Valid,0.1,Valid
OD005997,O02975,Valid,P079,Valid,1,Valid,0.2,Valid
OD005998,O02976,Valid,P109,Valid,1,Valid,0.15,Valid
OD005999,O02977,Valid,P010,Valid,1,Valid,0,Valid
OD006000,O02978,Valid,P073,Valid,4,Valid,0.25,Valid
OD006001,O02979,Valid,P025,Valid,3,Valid,0,Valid
OD006002,O02979,Valid,P013,Valid,2,Valid,0,Valid
OD006003,O02980,Valid,P132,Valid,2,Valid,0.15,Valid
OD006004,O02980,Valid,P135,Valid,1,Valid,0.15,Valid
OD006005,O02981,Valid,P054,Valid,1,Valid,0.25,Valid
OD006006,O02981,Valid,P010,Valid,2,Valid,0.2,Valid
OD006007,O02982,Valid,P099,Valid,1,Valid,0.15,Valid
OD006008,O02983,Valid,P030,Valid,2,Valid,0.1,Valid
OD006009,O02983,Valid,P105,Valid,3,Valid,0.15,Valid
OD006010,O02984,Valid,P091,Valid,4,Valid,0.2,Valid
OD006011,O02984,Valid,P023,Valid,1,Valid,0.1,Valid
OD006012,O02984,Valid,P136,Valid,2,Valid,0,Valid
OD006013,O02985,Valid,P010,Valid,3,Valid,0.15,Valid
OD006014,O02986,Valid,P086,Valid,4,Valid,0.15,Valid
OD006015,O02986,Valid,P103,Valid,2,Valid,0.25,Valid
OD006016,O02987,Valid,P098,Valid,2,Valid,0,Valid
OD006017,O02988,Valid,P009,Valid,2,Valid,0,Valid
OD006018,O02988,Valid,P004,Valid,3,Valid,0.1,Valid
OD006019,O02989,Valid,P001,Valid,3,Valid,0.2,Valid
OD006020,O02990,Valid,P029,Valid,2,Valid,0,Valid
OD006021,O02990,Valid,P075,Valid,3,Valid,0,Valid
OD006022,O02991,Valid,P054,Valid,2,Valid,0.05,Valid
OD006023,O02991,Valid,P091,Valid,1,Valid,0.1,Valid
OD006024,O02992,Valid,P058,Valid,2,Valid,0,Valid
OD006025,O02992,Valid,P008,Valid,1,Valid,0.25,Valid
OD006026,O02993,Valid,P114,Valid,4,Valid,0.15,Valid
OD006027,O02993,Valid,P134,Valid,2,Valid,0.2,Valid
OD006028,O02994,Valid,P096,Valid,3,Valid,0.05,Valid
OD006029,O02994,Valid,P027,Valid,1,Valid,0.05,Valid
OD006030,O02995,Valid,P141,Valid,2,Valid,0.1,Valid
OD006031,O02995,Valid,P053,Valid,1,Valid,0.05,Valid
OD006032,O02996,Valid,P124,Valid,2,Valid,0,Valid
OD006033,O02996,Valid,P068,Valid,2,Valid,0.1,Valid
OD006034,O02997,Valid,P132,Valid,2,Valid,0.05,Valid
OD006035,O02997,Valid,P107,Valid,1,Valid,0.25,Valid
OD006036,O02998,Valid,P087,Valid,1,Valid,0,Valid
OD006037,O02998,Valid,P126,Valid,2,Valid,0.05,Valid
OD006038,O02999,Valid,P111,Valid,1,Valid,0.05,Valid
OD006039,O03000,Valid,P094,Valid,1,Valid,0,Valid
OD006040,O03000,Valid,P103,Valid,4,Valid,0,Valid
OD006041,O03000,Valid,P054,Valid,2,Valid,0,Valid
