order_id,customer_id,order_date,payment_method,order_status,Customer_ID_Status
O00001,C0438,24-01-2026,UPI,Cancelled,Valid
O00002,C0753,11-01-2026,Debit Card,Delivered,Valid
O00003,C0627,16-07-2026,Net Banking,Cancelled,Valid
O00004,C0550,26-03-2026,UPI,Delivered,Valid
O00005,C0112,17-02-2026,COD,Delivered,Valid
O00006,C0252,23-03-2026,Net Banking,Delivered,Valid
O00007,C0753,21-07-2025,Net Banking,Delivered,Valid
O00008,C0529,27-07-2026,UPI,Delivered,Valid
O00009,C0299,11-02-2026,COD,Delivered,Valid
O00010,C0793,24-11-2025,COD,Delivered,Valid
O00011,C0433,28-11-2025,Net Banking,Delivered,Valid
O00012,C0707,22-03-2026,Credit Card,Delivered,Valid
O00013,C0662,17-02-2026,UPI,Processing,Valid
O00014,C0513,27-08-2025,Credit Card,Processing,Valid
O00015,C0600,22-06-2026,Net Banking,Delivered,Valid
O00016,C0403,28-01-2026,Debit Card,Delivered,Valid
O00017,C0026,30-09-2025,COD,Cancelled,Valid
O00018,C0730,12-10-2025,COD,Delivered,Valid
O00019,C0257,13-12-2025,Credit Card,Processing,Valid
O00020,C0751,02-09-2025,UPI,Delivered,Valid
O00021,C0724,16-02-2026,Debit Card,Delivered,Valid
O00022,C0537,28-06-2026,COD,Processing,Valid
O00023,C0524,10-05-2026,Credit Card,Delivered,Valid
O00024,C0564,11-01-2026,UPI,Processing,Valid
O00025,C0175,19-12-2025,Net Banking,Returned,Valid
O00026,C0154,22-09-2025,Credit Card,Delivered,Valid
O00027,C0788,30-06-2026,UPI,Delivered,Valid
O00028,C0316,06-12-2025,COD,Delivered,Valid
O00029,C0642,01-10-2025,UPI,Delivered,Valid
O00030,C0208,02-07-2025,Net Banking,Processing,Valid
O00031,C0260,07-07-2025,COD,Delivered,Valid
O00032,C0511,05-04-2026,UPI,Cancelled,Valid
O00033,C0506,30-10-2025,Credit Card,Cancelled,Valid
O00034,C0676,01-03-2026,COD,Delivered,Valid
O00035,C0453,10-08-2025,Net Banking,Cancelled,Valid
O00036,C0007,03-11-2025,Net Banking,Delivered,Valid
O00037,C0635,18-05-2026,Net Banking,Delivered,Valid
O00038,C0051,03-10-2025,Credit Card,Delivered,Valid
O00039,C0669,26-12-2025,UPI,Delivered,Valid
O00040,C0034,07-06-2026,Net Banking,Cancelled,Valid
O00041,C0306,17-12-2025,UPI,Delivered,Valid
O00042,C0112,30-01-2026,Credit Card,Delivered,Valid
O00043,C0689,23-11-2025,Net Banking,Returned,Valid
O00044,C0709,24-06-2026,Net Banking,Cancelled,Valid
O00045,C0576,29-09-2025,COD,Processing,Valid
O00046,C0593,01-01-2026,UPI,Delivered,Valid
O00047,C0787,01-12-2025,Debit Card,Delivered,Valid
O00048,C0389,04-08-2025,COD,Delivered,Valid
O00049,C0067,27-11-2025,COD,Delivered,Valid
O00050,C0125,21-06-2026,Debit Card,Delivered,Valid
O00051,C0540,28-01-2026,Net Banking,,Valid
O00052,C0713,16-10-2025,Net Banking,Delivered,Valid
O00053,C0112,19-04-2026,Net Banking,Delivered,Valid
O00054,C0496,06-07-2026,Net Banking,Processing,Valid
O00055,C0295,04-02-2026,Net Banking,Delivered,Valid
O00056,C0266,27-03-2026,Net Banking,Cancelled,Valid
O00057,C0363,05-09-2025,Net Banking,Cancelled,Valid
O00058,C0509,24-03-2026,COD,Delivered,Valid
O00059,C0185,09-05-2026,Credit Card,Processing,Valid
O00060,C0298,08-10-2025,UPI,Delivered,Valid
O00061,C0025,24-02-2026,UPI,Processing,Valid
O00062,C0213,12-05-2026,COD,Delivered,Valid
O00063,C0047,18-12-2025,Debit Card,Delivered,Valid
O00064,C0653,17-10-2025,UPI,Cancelled,Valid
O00065,C0207,19-06-2026,Debit Card,Delivered,Valid
O00066,C0070,05-12-2025,Debit Card,Delivered,Valid
O00067,C0564,13-12-2025,UPI,Delivered,Valid
O00068,C0703,18-12-2025,Debit Card,Delivered,Valid
O00069,C0742,18-04-2026,Net Banking,Delivered,Valid
O00070,C0180,08-10-2025,Debit Card,Delivered,Valid
O00071,C0689,03-03-2026,COD,Delivered,Valid
O00072,C0662,08-09-2025,COD,Delivered,Valid
O00073,C0643,21-02-2026,Net Banking,Delivered,Valid
O00074,C0474,28-01-2026,UPI,Delivered,Valid
O00075,C0307,16-04-2026,Debit Card,Delivered,Valid
O00076,C0549,10-07-2025,Credit Card,Cancelled,Valid
O00077,C0702,17-12-2025,Debit Card,Delivered,Valid
O00078,C0153,21-11-2025,UPI,Delivered,Valid
O00079,C0385,17-05-2026,Net Banking,Delivered,Valid
O00080,C0585,07-05-2026,COD,Delivered,Valid
O00081,C0610,29-08-2025,Debit Card,Processing,Valid
O00082,C0323,29-06-2026,UPI,Delivered,Valid
O00083,C0424,14-08-2025,COD,Delivered,Valid
O00084,C0381,17-02-2026,Debit Card,Delivered,Valid
O00085,C0538,02-12-2025,Credit Card,Delivered,Valid
O00086,C0384,20-07-2025,Credit Card,Delivered,Valid
O00087,C0455,17-03-2026,UPI,Delivered,Valid
O00088,C0513,17-09-2025,Credit Card,Delivered,Valid
O00089,C0496,11-07-2026,Net Banking,Delivered,Valid
O00090,C0795,15-12-2025,Credit Card,Processing,Valid
O00091,C0101,22-03-2026,Credit Card,Delivered,Valid
O00092,C0742,19-07-2025,COD,Delivered,Valid
O00093,C0731,25-03-2026,UPI,Delivered,Valid
O00094,C0319,23-07-2025,Net Banking,Delivered,Valid
O00095,C0342,25-02-2026,UPI,Delivered,Valid
O00096,C0534,28-07-2026,Debit Card,Delivered,Valid
O00097,C0592,24-07-2026,,Cancelled,Valid
O00098,C0215,12-12-2025,Credit Card,,Valid
O00099,C0294,19-11-2025,Net Banking,Delivered,Valid
O00100,C0792,11-02-2026,UPI,Delivered,Valid
O00101,C0153,19-09-2025,Debit Card,Delivered,Valid
O00102,C0016,15-05-2026,Net Banking,Delivered,Valid
O00103,C0105,14-10-2025,Net Banking,Delivered,Valid
O00104,C0563,11-12-2025,Debit Card,Delivered,Valid
O00105,C0722,23-11-2025,Net Banking,Delivered,Valid
O00106,C0176,06-08-2025,Debit Card,Cancelled,Valid
O00107,C0347,03-04-2026,COD,Delivered,Valid
O00108,C0134,15-07-2025,COD,Returned,Valid
O00109,C0052,24-08-2025,COD,Delivered,Valid
O00110,C0089,04-02-2026,COD,Delivered,Valid
O00111,C0722,02-05-2026,Net Banking,Cancelled,Valid
O00112,C0707,24-06-2026,COD,Cancelled,Valid
O00113,C0365,07-12-2025,Debit Card,Delivered,Valid
O00114,C0731,24-07-2026,Net Banking,Delivered,Valid
O00115,C0774,27-07-2026,COD,Cancelled,Valid
O00116,C0135,17-08-2025,COD,Delivered,Valid
O00117,C0467,06-12-2025,COD,Delivered,Valid
O00118,C0238,23-10-2025,Credit Card,Cancelled,Valid
O00119,C0265,03-01-2026,Credit Card,Delivered,Valid
O00120,C0717,06-06-2026,Debit Card,Delivered,Valid
O00121,C0465,07-03-2026,UPI,Delivered,Valid
O00122,C0487,27-08-2025,Debit Card,Delivered,Valid
O00123,C0473,26-09-2025,Debit Card,Processing,Valid
O00124,C0357,06-05-2026,Net Banking,Delivered,Valid
O00125,C0521,22-08-2025,COD,Processing,Valid
O00126,C0110,14-12-2025,Net Banking,Returned,Valid
O00127,C0073,02-12-2025,Net Banking,Delivered,Valid
O00128,C0411,29-04-2026,COD,Delivered,Valid
O00129,C0636,02-11-2025,Net Banking,Delivered,Valid
O00130,C0494,13-01-2026,UPI,Delivered,Valid
O00131,C0214,21-06-2026,Net Banking,Delivered,Valid
O00132,C0446,17-04-2026,Debit Card,Delivered,Valid
O00133,C0711,29-10-2025,Credit Card,Returned,Valid
O00134,C0686,09-08-2025,Net Banking,Delivered,Valid
O00135,C0118,30-04-2026,Net Banking,Delivered,Valid
O00136,C0334,11-04-2026,UPI,Delivered,Valid
O00137,C0181,05-12-2025,COD,Delivered,Valid
O00138,C0613,25-08-2025,Net Banking,Processing,Valid
O00139,C0389,15-12-2025,COD,Returned,Valid
O00140,C0677,01-08-2025,UPI,Delivered,Valid
O00141,C0143,24-04-2026,UPI,Processing,Valid
O00142,C0151,04-06-2026,Credit Card,Delivered,Valid
O00143,C0545,27-11-2025,COD,Cancelled,Valid
O00144,C0592,14-02-2026,Credit Card,Delivered,Valid
O00145,C0698,10-12-2025,Debit Card,Cancelled,Valid
O00146,C0696,03-12-2025,COD,Processing,Valid
O00147,C0353,15-08-2025,Net Banking,Delivered,Valid
O00148,C0627,19-03-2026,,Delivered,Valid
O00149,C0302,01-08-2025,Debit Card,Delivered,Valid
O00150,C0055,01-07-2025,Net Banking,Delivered,Valid
O00151,C0113,22-11-2025,UPI,Delivered,Valid
O00152,C0443,25-06-2026,Net Banking,Delivered,Valid
O00153,C0641,10-12-2025,COD,Delivered,Valid
O00154,C0391,08-02-2026,Net Banking,Delivered,Valid
O00155,C0679,27-09-2025,COD,Delivered,Valid
O00156,C0193,11-04-2026,COD,Delivered,Valid
O00157,C0428,17-09-2025,Debit Card,Returned,Valid
O00158,C0129,07-09-2025,UPI,Delivered,Valid
O00159,C0664,09-07-2025,Credit Card,Processing,Valid
O00160,C0499,02-06-2026,COD,Delivered,Valid
O00161,C0087,09-09-2025,COD,Delivered,Valid
O00162,C0713,06-05-2026,COD,Cancelled,Valid
O00163,C0185,18-02-2026,Net Banking,Delivered,Valid
O00164,C0566,16-02-2026,COD,Delivered,Valid
O00165,C0232,04-10-2025,,Cancelled,Valid
O00166,C0008,22-04-2026,COD,Processing,Valid
O00167,C0243,30-06-2026,Net Banking,Delivered,Valid
O00168,C0421,06-04-2026,Net Banking,Delivered,Valid
O00169,C0035,20-07-2025,Net Banking,Delivered,Valid
O00170,C0722,05-01-2026,UPI,Cancelled,Valid
O00171,,19-06-2026,UPI,Delivered,Missing
O00172,C0748,10-07-2026,Net Banking,Processing,Valid
O00173,C0798,21-11-2025,COD,Delivered,Valid
O00174,C0081,25-03-2026,Net Banking,Delivered,Valid
O00175,C0252,27-02-2026,UPI,Returned,Valid
O00176,C0649,03-04-2026,Net Banking,Delivered,Valid
O00177,C0628,28-07-2025,Debit Card,Delivered,Valid
O00178,C0798,06-07-2025,COD,Delivered,Valid
O00179,C0525,26-02-2026,Net Banking,Processing,Valid
O00180,C0340,01-02-2026,Debit Card,Delivered,Valid
O00181,C0297,24-09-2025,UPI,Returned,Valid
O00182,C0612,19-07-2026,Debit Card,Processing,Valid
O00183,C0578,11-11-2025,UPI,Cancelled,Valid
O00184,C0485,23-04-2026,Credit Card,Cancelled,Valid
O00185,C0053,02-06-2026,Debit Card,Processing,Valid
O00186,C0640,14-07-2025,Debit Card,Delivered,Valid
O00187,C0085,03-09-2025,Net Banking,Delivered,Valid
O00188,C0285,07-11-2025,Credit Card,Cancelled,Valid
O00189,C0288,18-11-2025,Debit Card,Delivered,Valid
O00190,C0760,27-08-2025,Net Banking,Delivered,Valid
O00191,C0606,14-07-2026,Credit Card,Returned,Valid
O00192,C0458,06-01-2026,Credit Card,Delivered,Valid
O00193,C0718,29-10-2025,COD,Delivered,Valid
O00194,C0541,17-07-2025,Debit Card,Delivered,Valid
O00195,C0149,01-05-2026,Credit Card,Delivered,Valid
O00196,C0771,28-01-2026,COD,Delivered,Valid
O00197,C0677,11-02-2026,Credit Card,Delivered,Valid
O00198,C0592,11-07-2026,Debit Card,Delivered,Valid
O00199,C0658,13-11-2025,UPI,Delivered,Valid
O00200,C0172,23-02-2026,COD,Delivered,Valid
O00201,C0309,01-03-2026,Net Banking,Delivered,Valid
O00202,C0389,15-06-2026,COD,Delivered,Valid
O00203,C0269,13-09-2025,Net Banking,Delivered,Valid
O00204,C0013,25-11-2025,COD,Delivered,Valid
O00205,C0695,09-12-2025,Net Banking,Returned,Valid
O00206,C0043,19-08-2025,Net Banking,Cancelled,Valid
O00207,C0363,07-02-2026,Net Banking,Returned,Valid
O00208,C0280,19-12-2025,Debit Card,Delivered,Valid
O00209,C0101,08-11-2025,Net Banking,Delivered,Valid
O00210,C0473,31-07-2026,Credit Card,Processing,Valid
O00211,C0689,28-04-2026,Credit Card,Delivered,Valid
O00212,C0346,12-06-2026,Credit Card,Delivered,Valid
O00213,C0561,06-07-2025,UPI,Delivered,Valid
O00214,C0013,27-01-2026,UPI,Delivered,Valid
O00215,C0107,16-06-2026,COD,Delivered,Valid
O00216,C0225,07-07-2026,Debit Card,Delivered,Valid
O00217,C0198,18-07-2025,UPI,Cancelled,Valid
O00218,C0095,30-07-2025,Net Banking,Returned,Valid
O00219,C0223,03-05-2026,UPI,Processing,Valid
O00220,C0123,14-08-2025,Net Banking,Delivered,Valid
O00221,C0385,02-06-2026,Net Banking,Delivered,Valid
O00222,C0114,22-06-2026,Credit Card,Delivered,Valid
O00223,C0302,31/02/2026,UPI,Cancelled,Valid
O00224,C0465,19-11-2025,COD,Returned,Valid
O00225,C0684,30-07-2026,Debit Card,Delivered,Valid
O00226,C0166,07-08-2025,Debit Card,Processing,Valid
O00227,C0064,12-01-2026,COD,Delivered,Valid
O00228,C0062,10-11-2025,Debit Card,Delivered,Valid
O00229,C0452,05-08-2025,COD,Delivered,Valid
O00230,C0625,18-01-2026,Credit Card,Returned,Valid
O00231,C0504,25-08-2025,Credit Card,Delivered,Valid
O00232,C0788,06-02-2026,Credit Card,Cancelled,Valid
O00233,C0659,24-08-2025,COD,Processing,Valid
O00234,C0266,22-08-2025,UPI,Delivered,Valid
O00235,C0073,19-04-2026,Debit Card,Processing,Valid
O00236,C0457,10-07-2025,COD,Delivered,Valid
O00237,C0669,24-05-2026,UPI,Delivered,Valid
O00238,C0681,16-01-2026,Debit Card,Delivered,Valid
O00239,C0717,16-12-2025,COD,Cancelled,Valid
O00240,C0004,21-03-2026,COD,Delivered,Valid
O00241,C0447,23-01-2026,UPI,Delivered,Valid
O00242,C0232,02-07-2025,COD,Returned,Valid
O00243,C0799,04-03-2026,UPI,Cancelled,Valid
O00244,C0549,31-12-2025,Debit Card,Returned,Valid
O00245,C0311,22-01-2026,UPI,Cancelled,Valid
O00246,C0663,16-08-2025,Debit Card,Delivered,Valid
O00247,C0349,11-08-2025,COD,Processing,Valid
O00248,C0785,26-11-2025,Credit Card,Delivered,Valid
O00249,C0568,21-07-2025,COD,Returned,Valid
O00250,C0196,01-12-2025,COD,Delivered,Valid
O00251,C0646,18-06-2026,Debit Card,Delivered,Valid
O00252,C0087,20-05-2026,COD,Processing,Valid
O00253,C0195,10-09-2025,UPI,Delivered,Valid
O00254,C0026,04-07-2026,Net Banking,Delivered,Valid
O00255,C0501,16-01-2026,UPI,Delivered,Valid
O00256,C0659,05-12-2025,COD,Delivered,Valid
O00257,C0461,09-07-2025,UPI,Delivered,Valid
O00258,C0058,20-12-2025,UPI,Delivered,Valid
O00259,C0122,17-10-2025,Net Banking,Delivered,Valid
O00260,C0695,01-04-2026,Credit Card,Processing,Valid
O00261,C0594,28-10-2025,UPI,Delivered,Valid
O00262,C0754,11-09-2025,COD,Returned,Valid
O00263,C0020,27-02-2026,Net Banking,Delivered,Valid
O00264,C0249,25-06-2026,Credit Card,Delivered,Valid
O00265,C0177,20-05-2026,UPI,Delivered,Valid
O00266,C0100,19-02-2026,Net Banking,Delivered,Valid
O00267,C0606,02-08-2025,UPI,Delivered,Valid
O00268,C0510,01-05-2026,Net Banking,Delivered,Valid
O00269,C0065,12-10-2025,COD,Delivered,Valid
O00270,C0756,13-06-2026,COD,Delivered,Valid
O00271,C0124,16-06-2026,Net Banking,Delivered,Valid
O00272,C0141,12-12-2025,Credit Card,Processing,Valid
O00273,C0047,30-04-2026,Credit Card,Delivered,Valid
O00274,C0065,31-08-2025,Debit Card,Delivered,Valid
O00275,C0776,29-01-2026,Credit Card,Returned,Valid
O00276,C0379,10-04-2026,Credit Card,Delivered,Valid
O00277,C0250,24-04-2026,UPI,Delivered,Valid
O00278,C0103,20-05-2026,Net Banking,Delivered,Valid
O00279,C0797,19-09-2025,,Delivered,Valid
O00280,C0083,04-07-2025,UPI,Delivered,Valid
O00281,C0092,27-06-2026,Net Banking,Delivered,Valid
O00282,C0427,21-06-2026,COD,Returned,Valid
O00283,C0130,14-10-2025,Credit Card,Cancelled,Valid
O00284,C0278,25-03-2026,COD,Delivered,Valid
O00285,C0245,28-09-2025,Net Banking,Returned,Valid
O00286,C0039,02-05-2026,Credit Card,Processing,Valid
O00287,C0512,10-05-2026,UPI,Cancelled,Valid
O00288,C0309,26-12-2025,COD,Delivered,Valid
O00289,C0572,29-10-2025,Credit Card,Delivered,Valid
O00290,C0543,18-08-2025,Net Banking,Delivered,Valid
O00291,C0780,03-04-2026,Net Banking,Delivered,Valid
O00292,C0476,30-07-2026,Credit Card,Delivered,Valid
O00293,C0055,08-10-2025,UPI,Delivered,Valid
O00294,C0702,28-02-2026,COD,Delivered,Valid
O00295,C0164,09-06-2026,UPI,Delivered,Valid
O00296,C0661,03-01-2026,Debit Card,Delivered,Valid
O00297,C0446,06-11-2025,Debit Card,Cancelled,Valid
O00298,C0777,18-02-2026,UPI,Delivered,Valid
O00299,C0759,27-07-2025,Net Banking,Delivered,Valid
O00300,C0162,15-07-2025,COD,Delivered,Valid
O00301,C0119,06-08-2025,Credit Card,Processing,Valid
O00302,C0456,30-04-2026,Net Banking,Delivered,Valid
O00303,C0430,10-10-2025,Debit Card,Delivered,Valid
O00304,C0798,26-08-2025,Debit Card,Delivered,Valid
O00305,C0101,30-10-2025,COD,Delivered,Valid
O00306,C0385,21-10-2025,UPI,Delivered,Valid
O00307,C0600,06-03-2026,UPI,Delivered,Valid
O00308,C0149,19-10-2025,Net Banking,Delivered,Valid
O00309,C0183,15-01-2026,Debit Card,Delivered,Valid
O00310,C0469,04-07-2026,Credit Card,Cancelled,Valid
O00311,C0368,16-11-2025,Credit Card,Delivered,Valid
O00312,C0131,17-07-2025,Net Banking,Delivered,Valid
O00313,C0288,08-09-2025,UPI,Delivered,Valid
O00314,C0470,31-01-2026,Credit Card,Processing,Valid
O00315,C0352,21-10-2025,Debit Card,Cancelled,Valid
O00316,C0161,23-05-2026,Net Banking,Delivered,Valid
O00317,C0592,10-04-2026,Credit Card,Delivered,Valid
O00318,C0422,25-03-2026,COD,Delivered,Valid
O00319,C0606,28-02-2026,COD,Delivered,Valid
O00320,C0015,09-07-2026,COD,Processing,Valid
O00321,C0253,04-11-2025,Debit Card,Delivered,Valid
O00322,C0594,22-10-2025,Net Banking,Delivered,Valid
O00323,C0588,03-07-2025,COD,Delivered,Valid
O00324,C0042,26-02-2026,Net Banking,Delivered,Valid
O00325,C0436,29-03-2026,COD,Delivered,Valid
O00326,C0714,20-08-2025,COD,Delivered,Valid
O00327,C0247,12-08-2025,Net Banking,Processing,Valid
O00328,C0013,20-06-2026,COD,Delivered,Valid
O00329,C0136,31-12-2025,Debit Card,Delivered,Valid
O00330,C0664,16-08-2025,UPI,Delivered,Valid
O00331,C0686,04-12-2025,Credit Card,Processing,Valid
O00332,C0471,19-04-2026,Net Banking,Delivered,Valid
O00333,C0466,23-02-2026,Credit Card,Processing,Valid
O00334,C0416,03-10-2025,Debit Card,Cancelled,Valid
O00335,C0476,26-06-2026,UPI,Cancelled,Valid
O00336,C0073,14-01-2026,Debit Card,Delivered,Valid
O00337,C0034,29-11-2025,COD,Processing,Valid
O00338,C0277,23-06-2026,Net Banking,Delivered,Valid
O00339,C0590,15-10-2025,UPI,Cancelled,Valid
O00340,C0344,12-07-2026,UPI,Delivered,Valid
O00341,C0691,03-01-2026,UPI,Delivered,Valid
O00342,C0393,04-01-2026,COD,Cancelled,Valid
O00343,C0042,04-01-2026,Debit Card,Delivered,Valid
O00344,C0664,13-04-2026,UPI,Delivered,Valid
O00345,C0727,13-10-2025,Credit Card,Delivered,Valid
O00346,C0245,03-04-2026,UPI,Returned,Valid
O00347,C0490,13-07-2026,Net Banking,Returned,Valid
O00348,C0215,21-07-2026,Credit Card,Delivered,Valid
O00349,C0362,14-11-2025,Net Banking,Returned,Valid
O00350,C0434,19-11-2025,UPI,Delivered,Valid
O00351,C0382,24-12-2025,COD,Delivered,Valid
O00352,C0514,27-03-2026,UPI,Delivered,Valid
O00353,C0727,30-03-2026,Net Banking,Delivered,Valid
O00354,C0463,14-05-2026,Debit Card,Returned,Valid
O00355,C0710,03-08-2025,Credit Card,Delivered,Valid
O00356,C0090,11-08-2025,COD,Delivered,Valid
O00357,C0296,09-08-2025,UPI,Delivered,Valid
O00358,C0283,27-08-2025,Credit Card,Delivered,Valid
O00359,C0155,13-10-2025,Net Banking,Cancelled,Valid
O00360,C0024,28-11-2025,COD,Returned,Valid
O00361,C0555,06-09-2025,COD,Delivered,Valid
O00362,C0431,13-02-2026,UPI,Delivered,Valid
O00363,C0194,02-08-2025,UPI,Delivered,Valid
O00364,C0533,27-05-2026,Debit Card,Delivered,Valid
O00365,C0593,23-12-2025,Debit Card,Delivered,Valid
O00366,C0608,06-06-2026,Net Banking,Delivered,Valid
O00367,C0456,20-02-2026,Debit Card,Cancelled,Valid
O00368,C0136,04-12-2025,Credit Card,Delivered,Valid
O00369,C0233,05-03-2026,Debit Card,Delivered,Valid
O00370,C0789,25-07-2025,Credit Card,Delivered,Valid
O00371,C0292,19-02-2026,Credit Card,Cancelled,Valid
O00372,C0165,30-06-2026,Net Banking,Delivered,Valid
O00373,C0187,28-09-2025,Credit Card,Delivered,Valid
O00374,C0244,29-08-2025,UPI,Delivered,Valid
O00375,C0589,03-09-2025,COD,Delivered,Valid
O00376,C0379,03-10-2025,Credit Card,Delivered,Valid
O00377,C0725,18-07-2025,Debit Card,Delivered,Valid
O00378,C0152,07-01-2026,COD,Delivered,Valid
O00379,C0167,31-03-2026,Debit Card,Delivered,Valid
O00380,C0026,24-01-2026,COD,Processing,Valid
O00381,C0149,20-02-2026,Debit Card,Delivered,Valid
O00382,C0005,14-07-2026,Net Banking,Delivered,Valid
O00383,C0340,28-05-2026,Debit Card,Delivered,Valid
O00384,C0297,22-07-2026,Net Banking,Returned,Valid
O00385,C0151,16-04-2026,COD,Delivered,Valid
O00386,C0706,27-08-2025,COD,Delivered,Valid
O00387,C0143,13-06-2026,Net Banking,Delivered,Valid
O00388,C0316,13-07-2025,COD,Cancelled,Valid
O00389,C0226,14-02-2026,Debit Card,Delivered,Valid
O00390,C0335,29-07-2025,Net Banking,Returned,Valid
O00391,C0200,25-04-2026,Net Banking,Delivered,Valid
O00392,C0786,20-11-2025,Credit Card,Delivered,Valid
O00393,C0086,02-04-2026,COD,Returned,Valid
O00394,C0688,14-08-2025,Net Banking,Delivered,Valid
O00395,C0200,09-03-2026,Debit Card,Cancelled,Valid
O00396,C0620,19-03-2026,UPI,Returned,Valid
O00397,C0370,20-01-2026,Credit Card,Processing,Valid
O00398,C0438,06-01-2026,COD,Delivered,Valid
O00399,C0013,23-11-2025,Debit Card,Delivered,Valid
O00400,C0316,14-02-2026,Net Banking,Delivered,Valid
O00401,C0221,08-07-2026,COD,Processing,Valid
O00402,C0426,12-02-2026,Debit Card,Delivered,Valid
O00403,C0746,03-02-2026,COD,Delivered,Valid
O00404,C0602,03-05-2026,UPI,Delivered,Valid
O00405,C0213,03-12-2025,COD,Delivered,Valid
O00406,C0344,03-08-2025,Net Banking,Processing,Valid
O00407,C0385,15-08-2025,UPI,Delivered,Valid
O00408,C0655,17-11-2025,COD,Delivered,Valid
O00409,C0570,22-02-2026,Net Banking,Processing,Valid
O00410,C0141,11-10-2025,Credit Card,Delivered,Valid
O00411,C0297,10-04-2026,COD,Delivered,Valid
O00412,C0310,26-04-2026,Debit Card,Delivered,Valid
O00413,C0573,14-07-2026,COD,Delivered,Valid
O00414,C0028,02-07-2025,Credit Card,Delivered,Valid
O00415,C0308,24-05-2026,COD,Delivered,Valid
O00416,C0670,06-06-2026,Debit Card,Delivered,Valid
O00417,C0184,09-03-2026,Credit Card,Delivered,Valid
O00418,C0123,27-07-2026,Debit Card,Delivered,Valid
O00419,C0069,03-05-2026,Debit Card,Cancelled,Valid
O00420,C0493,16-04-2026,COD,Delivered,Valid
O00421,C0644,17-06-2026,COD,Returned,Valid
O00422,C0123,08-01-2026,Net Banking,Processing,Valid
O00423,C0590,09-07-2025,Debit Card,Delivered,Valid
O00424,C0596,30-07-2025,Credit Card,Delivered,Valid
O00425,C0473,20-06-2026,Credit Card,Delivered,Valid
O00426,C0168,28-07-2025,Debit Card,Delivered,Valid
O00427,C0430,22-05-2026,Debit Card,Delivered,Valid
O00428,C0297,27-11-2025,Net Banking,Cancelled,Valid
O00429,C0079,21-03-2026,Credit Card,Processing,Valid
O00430,C0644,02-10-2025,UPI,Cancelled,Valid
O00431,C0771,24-09-2025,Net Banking,Delivered,Valid
O00432,C0324,16-06-2026,Debit Card,Delivered,Valid
O00433,C0702,23-06-2026,Debit Card,Delivered,Valid
O00434,C0548,23-04-2026,Debit Card,Delivered,Valid
O00435,C0014,09-09-2025,Net Banking,Delivered,Valid
O00436,C0382,06-03-2026,COD,Delivered,Valid
O00437,C0167,22-08-2025,Credit Card,Delivered,Valid
O00438,C0516,22-10-2025,Credit Card,Delivered,Valid
O00439,C0629,19-06-2026,Net Banking,Delivered,Valid
O00440,C0730,09-04-2026,UPI,Delivered,Valid
O00441,C0472,09-08-2025,UPI,Delivered,Valid
O00442,C0018,03-03-2026,Debit Card,Delivered,Valid
O00443,C0708,02-01-2026,Credit Card,Delivered,Valid
O00444,C0612,25-03-2026,Debit Card,Delivered,Valid
O00445,C0727,03-12-2025,UPI,Processing,Valid
O00446,C0122,22-10-2025,Credit Card,Returned,Valid
O00447,C0146,18-06-2026,Credit Card,Delivered,Valid
O00448,C0129,16-10-2025,Credit Card,Delivered,Valid
O00449,C0436,19-06-2026,UPI,Delivered,Valid
O00450,C0020,05-03-2026,COD,Delivered,Valid
O00451,C0202,25-08-2025,UPI,Returned,Valid
O00452,C0526,30-04-2026,UPI,Delivered,Valid
O00453,C0122,07-11-2025,UPI,Delivered,Valid
O00454,C0309,07-06-2026,UPI,Processing,Valid
O00455,C0099,02-09-2025,Net Banking,Delivered,Valid
O00456,C0602,11-10-2025,Credit Card,Returned,Valid
O00457,C0360,15-07-2025,UPI,Delivered,Valid
O00458,C0765,20-11-2025,Net Banking,Delivered,Valid
O00459,C0361,21-09-2025,Net Banking,Processing,Valid
O00460,C0747,10-05-2026,Credit Card,Delivered,Valid
O00461,C0584,04-08-2025,UPI,Cancelled,Valid
O00462,,08-07-2025,Net Banking,Delivered,Missing
O00463,C0733,07-10-2025,Debit Card,Delivered,Valid
O00464,C0773,02-04-2026,UPI,Processing,Valid
O00465,C0102,18-10-2025,Net Banking,Processing,Valid
O00466,C0487,04-01-2026,Net Banking,Delivered,Valid
O00467,C0451,10-06-2026,UPI,Delivered,Valid
O00468,C0364,11-01-2026,COD,Delivered,Valid
O00469,C0527,25-10-2025,COD,Delivered,Valid
O00470,C0780,08-12-2025,UPI,Delivered,Valid
O00471,C0113,24-03-2026,Credit Card,Delivered,Valid
O00472,C0781,01-01-2026,Debit Card,Delivered,Valid
O00473,C0740,21-07-2025,UPI,Delivered,Valid
O00474,C0506,29-08-2025,COD,Delivered,Valid
O00475,C0468,04-05-2026,Debit Card,Returned,Valid
O00476,C0455,24-10-2025,Net Banking,Delivered,Valid
O00477,C0298,05-02-2026,Credit Card,Delivered,Valid
O00478,C0488,13-06-2026,Debit Card,Delivered,Valid
O00479,C0014,11-06-2026,COD,Returned,Valid
O00480,C0108,19-01-2026,COD,Delivered,Valid
O00481,C0675,12-06-2026,UPI,Delivered,Valid
O00482,C0147,19-01-2026,COD,Returned,Valid
O00483,C0605,22-08-2025,Credit Card,Delivered,Valid
O00484,C0373,10-10-2025,Debit Card,Delivered,Valid
O00485,C0610,23-01-2026,UPI,Delivered,Valid
O00486,C0435,07-07-2026,COD,Delivered,Valid
O00487,C0784,01-07-2026,Net Banking,Cancelled,Valid
O00488,C0280,23-07-2026,COD,Delivered,Valid
O00489,C0488,07-06-2026,Credit Card,Delivered,Valid
O00490,C0497,19-03-2026,Debit Card,Delivered,Valid
O00491,C0787,18-02-2026,UPI,Delivered,Valid
O00492,C0257,08-03-2026,COD,Delivered,Valid
O00493,C0644,07-09-2025,UPI,Delivered,Valid
O00494,C0756,28-07-2025,UPI,Delivered,Valid
O00495,C0695,14-07-2025,Credit Card,Delivered,Valid
O00496,C0620,13-06-2026,Debit Card,Delivered,Valid
O00497,C0311,15-05-2026,Net Banking,Delivered,Valid
O00498,C0779,09-08-2025,Net Banking,Processing,Valid
O00499,C0505,24-02-2026,Credit Card,Delivered,Valid
O00500,C0678,12-03-2026,COD,Delivered,Valid
O00501,C0268,04-04-2026,Debit Card,Delivered,Valid
O00502,C0560,10-07-2025,UPI,Delivered,Valid
O00503,C0122,13-01-2026,COD,Delivered,Valid
O00504,C0386,12-02-2026,COD,Delivered,Valid
O00505,C0034,29-09-2025,Net Banking,Returned,Valid
O00506,C0799,03-12-2025,Credit Card,Delivered,Valid
O00507,C0442,07-09-2025,Debit Card,Processing,Valid
O00508,C0399,07-03-2026,UPI,Cancelled,Valid
O00509,C0692,09-03-2026,Net Banking,Returned,Valid
O00510,C0553,19-04-2026,COD,Delivered,Valid
O00511,C0576,19-09-2025,Net Banking,Delivered,Valid
O00512,C0401,12-11-2025,COD,Cancelled,Valid
O00513,C0387,12-05-2026,Debit Card,Processing,Valid
O00514,C0292,12-12-2025,UPI,Delivered,Valid
O00515,C0605,24-07-2025,Credit Card,Delivered,Valid
O00516,C0358,15-07-2026,Net Banking,Delivered,Valid
O00517,C0784,17-05-2026,Debit Card,Delivered,Valid
O00518,C0100,05-02-2026,Debit Card,Delivered,Valid
O00519,C0422,27-12-2025,UPI,Returned,Valid
O00520,C0251,04-11-2025,Credit Card,Returned,Valid
O00521,C0320,30-04-2026,UPI,Returned,Valid
O00522,C0068,04-12-2025,UPI,Delivered,Valid
O00523,C0174,11-07-2025,Net Banking,Delivered,Valid
O00524,C0039,21-02-2026,COD,Cancelled,Valid
O00525,C0528,01-02-2026,Debit Card,Delivered,Valid
O00526,C0713,26-02-2026,Net Banking,Delivered,Valid
O00527,C0325,10-01-2026,Net Banking,Delivered,Valid
O00528,C0331,20-04-2026,UPI,Delivered,Valid
O00529,C0103,19-06-2026,Credit Card,Delivered,Valid
O00530,C0509,15-03-2026,Debit Card,Delivered,Valid
O00531,C0630,01-12-2025,Debit Card,Delivered,Valid
O00532,C0207,12-03-2026,UPI,Delivered,Valid
O00533,C0220,25-11-2025,Debit Card,Delivered,Valid
O00534,C0305,20-04-2026,COD,Delivered,Valid
O00535,C0640,16-07-2026,UPI,Processing,Valid
O00536,C0593,18-08-2025,Net Banking,Delivered,Valid
O00537,C0280,04-08-2025,Net Banking,Delivered,Valid
O00538,C0487,04-02-2026,Credit Card,Delivered,Valid
O00539,C0079,30-05-2026,Debit Card,Delivered,Valid
O00540,C0308,07-02-2026,Net Banking,Delivered,Valid
O00541,C0205,29-01-2026,COD,Delivered,Valid
O00542,C0640,21-03-2026,COD,Returned,Valid
O00543,C0782,07-04-2026,Credit Card,Delivered,Valid
O00544,C0643,26-06-2026,Net Banking,Delivered,Valid
O00545,C0591,13-03-2026,Credit Card,Returned,Valid
O00546,C0761,25-02-2026,Debit Card,Cancelled,Valid
O00547,C0546,11-05-2026,COD,Cancelled,Valid
O00548,C0745,17-05-2026,UPI,Delivered,Valid
O00549,C0206,03-01-2026,COD,Delivered,Valid
O00550,C0247,16-09-2025,Debit Card,Delivered,Valid
O00551,C0421,11-12-2025,UPI,Cancelled,Valid
O00552,C0209,28-01-2026,Debit Card,Delivered,Valid
O00553,C0662,21-09-2025,Debit Card,Returned,Valid
O00554,C0616,29-10-2025,COD,Delivered,Valid
O00555,C0117,15-09-2025,Credit Card,Delivered,Valid
O00556,C0252,06-12-2025,COD,Delivered,Valid
O00557,C0574,09-02-2026,COD,Returned,Valid
O00558,C0038,12-10-2025,Credit Card,Delivered,Valid
O00559,C0140,15-07-2025,Debit Card,Delivered,Valid
O00560,C0675,08-04-2026,Credit Card,Returned,Valid
O00561,C0044,05-07-2026,COD,Delivered,Valid
O00562,C0057,12-08-2025,Debit Card,Cancelled,Valid
O00563,C0306,02-08-2025,COD,Delivered,Valid
O00564,C0688,02-06-2026,UPI,Delivered,Valid
O00565,C0742,10-09-2025,Credit Card,Delivered,Valid
O00566,C0585,12-07-2026,Net Banking,Delivered,Valid
O00567,C0535,06-06-2026,Net Banking,Processing,Valid
O00568,C0538,06-11-2025,COD,Delivered,Valid
O00569,C0244,04-05-2026,UPI,Processing,Valid
O00570,C0321,16-12-2025,Net Banking,Processing,Valid
O00571,C0400,19-07-2026,Credit Card,Delivered,Valid
O00572,C0224,12-09-2025,UPI,Delivered,Valid
O00573,C0220,18-11-2025,COD,Delivered,Valid
O00574,C0261,28-04-2026,UPI,Delivered,Valid
O00575,C0547,08-01-2026,UPI,Delivered,Valid
O00576,C0559,02-02-2026,COD,Returned,Valid
O00577,C0253,20-11-2025,Credit Card,Delivered,Valid
O00578,C0487,02-07-2026,Debit Card,Delivered,Valid
O00579,C0022,27-05-2026,Net Banking,Delivered,Valid
O00580,C0758,05-06-2026,UPI,Returned,Valid
O00581,C0688,31-10-2025,Debit Card,Delivered,Valid
O00582,C0394,06-12-2025,Debit Card,Returned,Valid
O00583,C0125,31-03-2026,Credit Card,Delivered,Valid
O00584,C0398,05-07-2025,COD,Delivered,Valid
O00585,C0309,16-08-2025,Credit Card,Delivered,Valid
O00586,C0216,21-09-2025,COD,Cancelled,Valid
O00587,C0325,28-07-2026,COD,Delivered,Valid
O00588,C0281,11-08-2025,COD,Delivered,Valid
O00589,C0755,28-01-2026,Debit Card,Processing,Valid
O00590,C0433,21-08-2025,Credit Card,Returned,Valid
O00591,C0268,17-03-2026,UPI,Delivered,Valid
O00592,C0431,05-05-2026,Net Banking,Processing,Valid
O00593,C0335,18-02-2026,UPI,Processing,Valid
O00594,C0054,25-05-2026,Credit Card,Cancelled,Valid
O00595,C0455,25-05-2026,Credit Card,Delivered,Valid
O00596,C0411,11-10-2025,Debit Card,Delivered,Valid
O00597,C0590,12-08-2025,UPI,Delivered,Valid
O00598,C0256,22-03-2026,Credit Card,Cancelled,Valid
O00599,C0703,27-01-2026,Debit Card,Delivered,Valid
O00600,C0490,12-07-2026,Credit Card,Delivered,Valid
O00601,C0178,17-06-2026,Net Banking,Delivered,Valid
O00602,C0289,10-10-2025,UPI,Delivered,Valid
O00603,C0377,02-10-2025,COD,Delivered,Valid
O00604,C0585,23-10-2025,UPI,Delivered,Valid
O00605,C0572,28-05-2026,Net Banking,Cancelled,Valid
O00606,C0235,15-08-2025,COD,Delivered,Valid
O00607,C0269,25-06-2026,Credit Card,Delivered,Valid
O00608,C0411,13-05-2026,COD,Cancelled,Valid
O00609,C0267,15-09-2025,UPI,Delivered,Valid
O00610,C0175,17-04-2026,UPI,Delivered,Valid
O00611,C0736,27-03-2026,COD,Processing,Valid
O00612,C0465,10-06-2026,COD,Delivered,Valid
O00613,C0230,01-07-2026,Credit Card,Delivered,Valid
O00614,C0273,25-11-2025,COD,Delivered,Valid
O00615,C0134,06-02-2026,Credit Card,Cancelled,Valid
O00616,C0221,22-11-2025,Credit Card,Delivered,Valid
O00617,C0185,26-01-2026,Credit Card,Delivered,Valid
O00618,C0298,12-11-2025,Credit Card,Cancelled,Valid
O00619,C0462,05-11-2025,Debit Card,Cancelled,Valid
O00620,C0701,28-05-2026,COD,Delivered,Valid
O00621,C0011,26-02-2026,Credit Card,Delivered,Valid
O00622,C0710,20-01-2026,Credit Card,Processing,Valid
O00623,C0393,28-06-2026,COD,Processing,Valid
O00624,C0612,09-11-2025,UPI,Delivered,Valid
O00625,C0571,31-07-2025,UPI,Delivered,Valid
O00626,C0241,27-02-2026,Debit Card,Cancelled,Valid
O00627,C0687,03-05-2026,UPI,Delivered,Valid
O00628,C0260,16-03-2026,Net Banking,Delivered,Valid
O00629,C0310,19-01-2026,Debit Card,Delivered,Valid
O00630,C0573,22-07-2025,Net Banking,Delivered,Valid
O00631,C0267,25-09-2025,Net Banking,Delivered,Valid
O00632,C0348,25-02-2026,Credit Card,Delivered,Valid
O00633,C0325,29-06-2026,Net Banking,Delivered,Valid
O00634,C0146,11-11-2025,UPI,Delivered,Valid
O00635,C0046,04-09-2025,COD,Delivered,Valid
O00636,C0766,01-01-2026,COD,Delivered,Valid
O00637,C0270,10-05-2026,Debit Card,Delivered,Valid
O00638,C0321,09-02-2026,Credit Card,Delivered,Valid
O00639,C0755,09-03-2026,Credit Card,Delivered,Valid
O00640,C0674,22-05-2026,COD,Delivered,Valid
O00641,C0194,15-09-2025,UPI,Delivered,Valid
O00642,C0188,19-07-2025,COD,Delivered,Valid
O00643,C0168,27-06-2026,COD,Delivered,Valid
O00644,C0119,11-03-2026,UPI,Delivered,Valid
O00645,C0366,29-06-2026,Net Banking,Delivered,Valid
O00646,C0469,10-03-2026,UPI,Processing,Valid
O00647,C0152,02-09-2025,Debit Card,Delivered,Valid
O00648,C0209,23-11-2025,Credit Card,Delivered,Valid
O00649,C0768,18-03-2026,Debit Card,Cancelled,Valid
O00650,C0680,26-04-2026,Credit Card,Cancelled,Valid
O00651,C0005,27-03-2026,Net Banking,Delivered,Valid
O00652,C0427,09-08-2025,Credit Card,Processing,Valid
O00653,C0511,12-06-2026,UPI,Delivered,Valid
O00654,C0027,23-11-2025,UPI,Delivered,Valid
O00655,C0383,29-04-2026,UPI,Delivered,Valid
O00656,C0158,15-07-2025,UPI,Delivered,Valid
O00657,C0725,03-06-2026,COD,Delivered,Valid
O00658,C0644,15-11-2025,Net Banking,Returned,Valid
O00659,C0006,16-12-2025,UPI,Returned,Valid
O00660,C0638,17-02-2026,Debit Card,Processing,Valid
O00661,C0752,18-04-2026,Credit Card,Delivered,Valid
O00662,C0050,26-05-2026,Debit Card,Delivered,Valid
O00663,C0057,16-07-2026,UPI,Delivered,Valid
O00664,C0617,12-01-2026,UPI,Delivered,Valid
O00665,C0262,30-09-2025,Credit Card,Processing,Valid
O00666,C0409,15-08-2025,UPI,Delivered,Valid
O00667,C0167,15-01-2026,COD,Delivered,Valid
O00668,C0663,21-07-2026,Credit Card,Delivered,Valid
O00669,C0306,09-03-2026,COD,Processing,Valid
O00670,C0318,16-06-2026,Net Banking,Delivered,Valid
O00671,C0368,06-06-2026,UPI,Delivered,Valid
O00672,C0525,11-10-2025,COD,Delivered,Valid
O00673,C0398,01-03-2026,Debit Card,Cancelled,Valid
O00674,C0615,02-02-2026,UPI,Processing,Valid
O00675,C0433,05-01-2026,Net Banking,Delivered,Valid
O00676,C0445,19-05-2026,COD,Delivered,Valid
O00677,C0042,20-03-2026,Debit Card,Delivered,Valid
O00678,C0693,23-10-2025,Credit Card,Delivered,Valid
O00679,C0540,19-05-2026,Net Banking,Delivered,Valid
O00680,C0298,25-02-2026,COD,Delivered,Valid
O00681,C0490,01-12-2025,Credit Card,Delivered,Valid
O00682,C0701,01-12-2025,Credit Card,Delivered,Valid
O00683,C0438,29-11-2025,Net Banking,Delivered,Valid
O00684,C0565,09-08-2025,UPI,Delivered,Valid
O00685,C0111,19-03-2026,COD,Delivered,Valid
O00686,C0097,23-02-2026,Net Banking,Delivered,Valid
O00687,C0364,08-11-2025,Net Banking,Delivered,Valid
O00688,C0788,15-03-2026,UPI,Delivered,Valid
O00689,C0759,04-06-2026,COD,Delivered,Valid
O00690,C0187,18-01-2026,UPI,Delivered,Valid
O00691,C0427,26-06-2026,Debit Card,Delivered,Valid
O00692,C0602,06-07-2026,COD,Processing,Valid
O00693,C0687,16-02-2026,Net Banking,Delivered,Valid
O00694,C0350,04-10-2025,Credit Card,Delivered,Valid
O00695,C0081,18-07-2026,Net Banking,Delivered,Valid
O00696,C0690,24-08-2025,COD,Delivered,Valid
O00697,C0019,03-07-2025,COD,Delivered,Valid
O00698,C0014,26-09-2025,COD,Delivered,Valid
O00699,C0709,24-01-2026,Net Banking,Processing,Valid
O00700,C0499,03-12-2025,Net Banking,Cancelled,Valid
O00701,C0370,19-06-2026,COD,Delivered,Valid
O00702,C0090,03-09-2025,Credit Card,Delivered,Valid
O00703,C0196,27-08-2025,UPI,Returned,Valid
O00704,C0193,14-07-2025,Credit Card,Delivered,Valid
O00705,C0665,13-09-2025,Credit Card,Delivered,Valid
O00706,C0642,02-04-2026,Credit Card,Delivered,Valid
O00707,C0309,30-07-2026,COD,Delivered,Valid
O00708,C0486,02-02-2026,UPI,Delivered,Valid
O00709,C0171,17-09-2025,COD,Delivered,Valid
O00710,C0483,11-07-2025,COD,Cancelled,Valid
O00711,C0249,12-10-2025,Debit Card,Cancelled,Valid
O00712,C0402,27-07-2025,Debit Card,Delivered,Valid
O00713,C0106,19-05-2026,COD,Delivered,Valid
O00714,C0508,13-07-2026,Net Banking,Cancelled,Valid
O00715,C0749,10-04-2026,Debit Card,Delivered,Valid
O00716,C0500,21-01-2026,COD,Delivered,Valid
O00717,C0606,07-07-2026,Net Banking,Returned,Valid
O00718,C0500,27-10-2025,UPI,Delivered,Valid
O00719,C0020,02-02-2026,Net Banking,Delivered,Valid
O00720,C0567,02-08-2025,Debit Card,Returned,Valid
O00721,C0428,28-02-2026,UPI,Delivered,Valid
O00722,C0638,27-05-2026,Debit Card,Delivered,Valid
O00723,C0715,09-02-2026,UPI,Delivered,Valid
O00724,C0295,07-07-2026,Credit Card,Delivered,Valid
O00725,C0353,10-02-2026,Credit Card,Delivered,Valid
O00726,C0225,27-04-2026,Debit Card,Cancelled,Valid
O00727,C0733,02-06-2026,COD,Delivered,Valid
O00728,C0301,06-07-2026,COD,Delivered,Valid
O00729,C0690,31-05-2026,Debit Card,Delivered,Valid
O00730,C0166,15-05-2026,Credit Card,Delivered,Valid
O00731,C0708,19-07-2026,UPI,Returned,Valid
O00732,C0495,05-09-2025,Credit Card,Delivered,Valid
O00733,C0161,07-05-2026,COD,Delivered,Valid
O00734,C0426,10-03-2026,Debit Card,Delivered,Valid
O00735,C0215,12-04-2026,UPI,Delivered,Valid
O00736,C0368,11-11-2025,Debit Card,Returned,Valid
O00737,C0163,28-09-2025,Net Banking,Delivered,Valid
O00738,C0066,20-12-2025,COD,Delivered,Valid
O00739,C0633,25-10-2025,UPI,Delivered,Valid
O00740,C0230,07-03-2026,Debit Card,Delivered,Valid
O00741,C0364,29-07-2026,UPI,Processing,Valid
O00742,C0571,14-11-2025,Credit Card,,Valid
O00743,C0528,06-05-2026,UPI,Processing,Valid
O00744,C0052,10-02-2026,COD,Processing,Valid
O00745,C0114,24-08-2025,Net Banking,Cancelled,Valid
O00746,C0105,14-04-2026,UPI,Delivered,Valid
O00747,C0108,24-09-2025,UPI,Delivered,Valid
O00748,C0371,19-09-2025,Debit Card,Processing,Valid
O00749,C0453,26-07-2026,Net Banking,Delivered,Valid
O00750,C0751,20-08-2025,Credit Card,Returned,Valid
O00751,C0373,19-12-2025,Credit Card,Delivered,Valid
O00752,C0207,10-02-2026,COD,Processing,Valid
O00753,C0788,04-07-2025,Credit Card,Delivered,Valid
O00754,C0350,24-11-2025,Net Banking,Delivered,Valid
O00755,C0088,14-11-2025,Debit Card,Processing,Valid
O00756,C0773,29-01-2026,Debit Card,Cancelled,Valid
O00757,C0681,03-11-2025,Credit Card,Processing,Valid
O00758,,29-03-2026,COD,Delivered,Missing
O00759,C0142,05-02-2026,COD,Delivered,Valid
O00760,C0470,22-03-2026,Debit Card,Delivered,Valid
O00761,C0454,13-09-2025,UPI,Processing,Valid
O00762,C0530,05-08-2025,UPI,Delivered,Valid
O00763,C0323,22-01-2026,Credit Card,Delivered,Valid
O00764,C0063,18-01-2026,UPI,Returned,Valid
O00765,C0657,16-09-2025,Net Banking,Delivered,Valid
O00766,C0647,01-07-2026,Net Banking,Delivered,Valid
O00767,C0430,22-01-2026,Net Banking,Delivered,Valid
O00768,C0739,16-07-2026,Debit Card,Delivered,Valid
O00769,C0009,21-11-2025,Net Banking,Cancelled,Valid
O00770,C0151,24-06-2026,COD,Delivered,Valid
O00771,C0660,14-10-2025,Net Banking,Cancelled,Valid
O00772,C0634,30-05-2026,COD,Returned,Valid
O00773,C0354,29-05-2026,COD,Processing,Valid
O00774,C0203,02-12-2025,UPI,Delivered,Valid
O00775,C0551,19-12-2025,COD,Processing,Valid
O00776,C0737,14-07-2026,Credit Card,Delivered,Valid
O00777,C0554,23-11-2025,Credit Card,Delivered,Valid
O00778,C0524,09-04-2026,Debit Card,Delivered,Valid
O00779,C0349,23-07-2026,Credit Card,Delivered,Valid
O00780,C0029,03-04-2026,Net Banking,Delivered,Valid
O00781,C0248,03-12-2025,COD,Delivered,Valid
O00782,C0114,10-07-2026,UPI,Delivered,Valid
O00783,C0266,18-05-2026,Net Banking,Delivered,Valid
O00784,C0127,25-07-2025,UPI,Delivered,Valid
O00785,C0306,20-04-2026,UPI,Delivered,Valid
O00786,C0348,29-10-2025,Net Banking,Cancelled,Valid
O00787,C0732,18-05-2026,Net Banking,Cancelled,Valid
O00788,C0240,27-12-2025,Debit Card,Delivered,Valid
O00789,C0683,02-07-2026,Net Banking,Returned,Valid
O00790,C0144,01-07-2026,COD,Delivered,Valid
O00791,C0756,04-11-2025,UPI,Delivered,Valid
O00792,C0529,25-04-2026,Credit Card,Processing,Valid
O00793,C0370,18-02-2026,UPI,Delivered,Valid
O00794,C0729,03-02-2026,COD,Delivered,Valid
O00795,C0095,01-08-2025,COD,Delivered,Valid
O00796,C0488,18-10-2025,COD,Delivered,Valid
O00797,C0379,12-06-2026,Net Banking,Delivered,Valid
O00798,C0603,13-04-2026,Net Banking,Processing,Valid
O00799,C0405,13-11-2025,Net Banking,Delivered,Valid
O00800,C0652,02-02-2026,COD,Returned,Valid
O00801,C0502,10-07-2026,COD,Delivered,Valid
O00802,C0148,16-03-2026,UPI,Delivered,Valid
O00803,C0729,20-02-2026,Credit Card,Processing,Valid
O00804,C0526,28-03-2026,UPI,Returned,Valid
O00805,C0218,19-02-2026,COD,Delivered,Valid
O00806,C0765,19-09-2025,Net Banking,Delivered,Valid
O00807,C0122,05-05-2026,COD,Delivered,Valid
O00808,C0124,06-01-2026,Net Banking,Delivered,Valid
O00809,C0042,25-03-2026,Credit Card,Delivered,Valid
O00810,C0381,04-12-2025,Debit Card,Delivered,Valid
O00811,C0302,06-03-2026,UPI,Delivered,Valid
O00812,C0146,28-04-2026,COD,Delivered,Valid
O00813,C0313,23-11-2025,Credit Card,Delivered,Valid
O00814,C0758,08-03-2026,UPI,Delivered,Valid
O00815,C0561,26-12-2025,UPI,Delivered,Valid
O00816,C0428,04-03-2026,Net Banking,Delivered,Valid
O00817,C0580,17-02-2026,Debit Card,Delivered,Valid
O00818,C0487,04-07-2026,Net Banking,Delivered,Valid
O00819,C0781,09-09-2025,Net Banking,Cancelled,Valid
O00820,C0472,25-07-2026,,Returned,Valid
O00821,C0460,15-09-2025,Debit Card,Delivered,Valid
O00822,C0640,06-06-2026,Net Banking,Delivered,Valid
O00823,C0397,28-10-2025,COD,Delivered,Valid
O00824,C0554,24-07-2025,COD,Processing,Valid
O00825,C0285,27-05-2026,UPI,Delivered,Valid
O00826,C0725,13-07-2025,Net Banking,Delivered,Valid
O00827,C0791,28-06-2026,Debit Card,Delivered,Valid
O00828,C0661,02-09-2025,Net Banking,Delivered,Valid
O00829,C0198,13-05-2026,Net Banking,Cancelled,Valid
O00830,C0776,28-07-2025,Net Banking,Delivered,Valid
O00831,C0194,20-07-2026,COD,Delivered,Valid
O00832,C0020,31-08-2025,Net Banking,Delivered,Valid
O00833,C0020,18-11-2025,Credit Card,Delivered,Valid
O00834,C0723,23-04-2026,COD,Delivered,Valid
O00835,C0547,07-05-2026,Debit Card,Delivered,Valid
O00836,C0604,24-07-2025,COD,Delivered,Valid
O00837,C0349,09-02-2026,Credit Card,Delivered,Valid
O00838,C0025,28-03-2026,Debit Card,Delivered,Valid
O00839,,16-08-2025,UPI,Delivered,Missing
O00840,C0555,25-09-2025,Debit Card,Delivered,Valid
O00841,C0188,08-11-2025,UPI,Delivered,Valid
O00842,C0315,25-01-2026,Credit Card,Delivered,Valid
O00843,C0630,14-12-2025,Credit Card,Delivered,Valid
O00844,C0731,30-07-2025,Debit Card,Delivered,Valid
O00845,C0102,11-12-2025,Credit Card,Delivered,Valid
O00846,C0332,10-11-2025,COD,Delivered,Valid
O00847,C0054,12-10-2025,Credit Card,Processing,Valid
O00848,C0612,27-04-2026,Credit Card,Delivered,Valid
O00849,C0521,21-07-2026,Net Banking,Delivered,Valid
O00850,C0118,15-11-2025,UPI,Delivered,Valid
O00851,C0476,10-04-2026,COD,Delivered,Valid
O00852,C0496,15-07-2025,COD,Cancelled,Valid
O00853,C0240,10-07-2025,Debit Card,Delivered,Valid
O00854,C0601,11-06-2026,UPI,Delivered,Valid
O00855,C0782,11-04-2026,Credit Card,Delivered,Valid
O00856,C0582,25-01-2026,,Delivered,Valid
O00857,C0652,14-03-2026,Credit Card,Delivered,Valid
O00858,C0383,03-04-2026,Credit Card,Delivered,Valid
O00859,C0551,02-02-2026,Net Banking,Delivered,Valid
O00860,C0043,01-07-2025,COD,Cancelled,Valid
O00861,C0297,31-05-2026,Credit Card,Delivered,Valid
O00862,C0062,04-03-2026,Debit Card,Cancelled,Valid
O00863,C0257,14-06-2026,COD,Delivered,Valid
O00864,C0648,17-10-2025,Net Banking,Delivered,Valid
O00865,C0289,24-07-2025,Credit Card,Processing,Valid
O00866,C0547,15-04-2026,UPI,Delivered,Valid
O00867,C0092,19-01-2026,UPI,Delivered,Valid
O00868,C0743,11-04-2026,Debit Card,Delivered,Valid
O00869,C0216,09-05-2026,Net Banking,Delivered,Valid
O00870,C0699,23-12-2025,Debit Card,Processing,Valid
O00871,C0725,17-02-2026,Debit Card,Delivered,Valid
O00872,C0679,12-12-2025,Debit Card,Delivered,Valid
O00873,C0471,03-05-2026,Debit Card,Delivered,Valid
O00874,C0709,07-09-2025,UPI,Cancelled,Valid
O00875,C0488,03-07-2025,UPI,Returned,Valid
O00876,C0178,28-01-2026,Net Banking,Returned,Valid
O00877,C0721,08-03-2026,COD,Delivered,Valid
O00878,C0084,29-05-2026,UPI,Delivered,Valid
O00879,C0032,09-06-2026,COD,Returned,Valid
O00880,C0127,28-12-2025,COD,Cancelled,Valid
O00881,C0367,15-01-2026,Credit Card,Processing,Valid
O00882,C0714,05-07-2025,UPI,Delivered,Valid
O00883,C0380,07-10-2025,COD,Delivered,Valid
O00884,C0227,16-07-2026,UPI,Processing,Valid
O00885,C0288,14-06-2026,Debit Card,Delivered,Valid
O00886,C0093,11-05-2026,Debit Card,Processing,Valid
O00887,C0227,28-10-2025,COD,,Valid
O00888,C0038,21-11-2025,COD,Processing,Valid
O00889,C0724,07-05-2026,Credit Card,,Valid
O00890,C0201,23-05-2026,COD,Delivered,Valid
O00891,C0285,18-04-2026,Net Banking,Delivered,Valid
O00892,C0175,09-04-2026,Credit Card,Returned,Valid
O00893,C0757,16-04-2026,Net Banking,Cancelled,Valid
O00894,C0180,03-08-2025,Net Banking,Delivered,Valid
O00895,C0764,03-08-2025,Credit Card,Delivered,Valid
O00896,C0584,25-10-2025,Net Banking,Processing,Valid
O00897,C0281,07-10-2025,UPI,Returned,Valid
O00898,C0695,30-03-2026,Net Banking,Delivered,Valid
O00899,C0698,13-04-2026,COD,Delivered,Valid
O00900,C0438,25-05-2026,UPI,Delivered,Valid
O00901,C0443,25-01-2026,Debit Card,Delivered,Valid
O00902,C0697,23-03-2026,COD,Delivered,Valid
O00903,C0371,22-03-2026,UPI,Processing,Valid
O00904,C0230,25-07-2025,Debit Card,Delivered,Valid
O00905,C0546,15-02-2026,Debit Card,Delivered,Valid
O00906,C0402,08-10-2025,Debit Card,Delivered,Valid
O00907,C0586,13-07-2025,Credit Card,Returned,Valid
O00908,C0434,08-08-2025,Credit Card,Delivered,Valid
O00909,C0169,16-12-2025,Debit Card,Delivered,Valid
O00910,C0642,17-05-2026,UPI,Delivered,Valid
O00911,C0492,07-02-2026,UPI,Cancelled,Valid
O00912,C0642,19-12-2025,Debit Card,Delivered,Valid
O00913,C0111,28-02-2026,Credit Card,Delivered,Valid
O00914,C0056,18-12-2025,Net Banking,Delivered,Valid
O00915,C0075,04-05-2026,Net Banking,Delivered,Valid
O00916,C0783,18-08-2025,COD,Cancelled,Valid
O00917,C0128,13-08-2025,UPI,Delivered,Valid
O00918,C0387,08-12-2025,UPI,Delivered,Valid
O00919,C0064,12-02-2026,UPI,Delivered,Valid
O00920,C0626,17-05-2026,COD,Delivered,Valid
O00921,C0105,12-06-2026,UPI,Delivered,Valid
O00922,C0054,28-11-2025,COD,Delivered,Valid
O00923,C0099,13-05-2026,COD,Delivered,Valid
O00924,C0614,03-06-2026,Net Banking,Delivered,Valid
O00925,C0465,13-01-2026,COD,Delivered,Valid
O00926,C0636,14-05-2026,UPI,Delivered,Valid
O00927,C0667,11-06-2026,UPI,Delivered,Valid
O00928,C0530,16-12-2025,Net Banking,Delivered,Valid
O00929,C0111,22-08-2025,UPI,Cancelled,Valid
O00930,C0731,04-08-2025,Net Banking,Delivered,Valid
O00931,C0587,03-09-2025,Net Banking,Delivered,Valid
O00932,C0364,01-02-2026,COD,Processing,Valid
O00933,C0636,13-02-2026,Credit Card,Delivered,Valid
O00934,C0141,23-07-2025,UPI,Delivered,Valid
O00935,C0320,26-04-2026,COD,Delivered,Valid
O00936,C0668,22-07-2026,Debit Card,Delivered,Valid
O00937,C0598,04-04-2026,Credit Card,Delivered,Valid
O00938,C0481,06-12-2025,Net Banking,Delivered,Valid
O00939,C0299,05-01-2026,UPI,Delivered,Valid
O00940,C0601,02-06-2026,Credit Card,Delivered,Valid
O00941,C0244,17-03-2026,,Delivered,Valid
O00942,C0433,31/02/2026,Credit Card,Delivered,Valid
O00943,C0656,12-10-2025,UPI,Delivered,Valid
O00944,C0194,07-06-2026,COD,Returned,Valid
O00945,C0709,25-02-2026,Net Banking,Returned,Valid
O00946,C0340,23-04-2026,Net Banking,Delivered,Valid
O00947,C0631,01-12-2025,COD,Delivered,Valid
O00948,C0167,23-08-2025,COD,Delivered,Valid
O00949,C0508,21-10-2025,UPI,Cancelled,Valid
O00950,C0229,20-06-2026,Credit Card,Delivered,Valid
O00951,C0639,18-10-2025,Credit Card,Delivered,Valid
O00952,C0753,29-07-2026,Debit Card,Processing,Valid
O00953,C0385,14-10-2025,COD,Delivered,Valid
O00954,C0007,02-01-2026,UPI,Delivered,Valid
O00955,C0367,16-07-2025,Net Banking,Delivered,Valid
O00956,C0146,26-11-2025,COD,Delivered,Valid
O00957,C0647,26-04-2026,Debit Card,Delivered,Valid
O00958,C0031,10-10-2025,Credit Card,Delivered,Valid
O00959,C0179,21-10-2025,Debit Card,Processing,Valid
O00960,C0179,21-12-2025,Net Banking,Delivered,Valid
O00961,C0183,09-10-2025,UPI,Delivered,Valid
O00962,C0269,21-08-2025,UPI,Returned,Valid
O00963,C0141,11-01-2026,UPI,Delivered,Valid
O00964,C0216,04-12-2025,COD,Delivered,Valid
O00965,C0379,07-01-2026,Credit Card,Delivered,Valid
O00966,C0639,08-02-2026,UPI,Delivered,Valid
O00967,C0148,05-09-2025,Credit Card,Delivered,Valid
O00968,C0546,10-01-2026,Debit Card,Delivered,Valid
O00969,C0614,05-02-2026,Credit Card,Delivered,Valid
O00970,C0782,12-05-2026,Net Banking,Delivered,Valid
O00971,C0549,28-11-2025,Credit Card,Delivered,Valid
O00972,C0254,28-07-2025,Debit Card,Delivered,Valid
O00973,C0521,26-04-2026,COD,Delivered,Valid
O00974,C0745,11-08-2025,COD,Returned,Valid
O00975,C0630,03-08-2025,Credit Card,Delivered,Valid
O00976,C0398,20-07-2026,Net Banking,Delivered,Valid
O00977,C0511,23-03-2026,COD,Delivered,Valid
O00978,C0330,30-06-2026,Debit Card,Delivered,Valid
O00979,C0712,05-03-2026,COD,Delivered,Valid
O00980,C0275,24-04-2026,COD,Cancelled,Valid
O00981,C0598,29-05-2026,UPI,Delivered,Valid
O00982,C0225,12-10-2025,COD,Delivered,Valid
O00983,C0406,20-10-2025,Debit Card,Delivered,Valid
O00984,C0387,19-04-2026,Credit Card,Delivered,Valid
O00985,C0261,08-04-2026,UPI,Delivered,Valid
O00986,C0770,13-08-2025,Debit Card,Delivered,Valid
O00987,C0532,28-12-2025,Credit Card,Cancelled,Valid
O00988,C0043,24-02-2026,Net Banking,Cancelled,Valid
O00989,C0345,04-02-2026,COD,Delivered,Valid
O00990,C0443,26-01-2026,Debit Card,Delivered,Valid
O00991,C0325,17-11-2025,COD,Delivered,Valid
O00992,C0184,12-02-2026,Credit Card,Delivered,Valid
O00993,C0661,08-08-2025,Debit Card,Delivered,Valid
O00994,C0302,14-03-2026,Net Banking,Delivered,Valid
O00995,C0660,10-08-2025,Debit Card,Delivered,Valid
O00996,C0101,30-08-2025,UPI,Delivered,Valid
O00997,C0040,06-04-2026,Credit Card,Delivered,Valid
O00998,C0202,11-06-2026,Debit Card,Delivered,Valid
O00999,C0310,17-07-2026,Debit Card,Delivered,Valid
O01000,C0723,06-05-2026,Credit Card,Processing,Valid
O01001,C0734,14-07-2026,Net Banking,Delivered,Valid
O01002,C0009,30-07-2026,Debit Card,Delivered,Valid
O01003,C0355,23-01-2026,COD,Cancelled,Valid
O01004,C0776,01-06-2026,UPI,Delivered,Valid
O01005,C0670,20-03-2026,Credit Card,Delivered,Valid
O01006,C0234,25-10-2025,Credit Card,Delivered,Valid
O01007,C0240,22-03-2026,Net Banking,Delivered,Valid
O01008,C0776,25-02-2026,COD,Delivered,Valid
O01009,C0088,08-12-2025,Credit Card,Delivered,Valid
O01010,C0789,23-06-2026,COD,Delivered,Valid
O01011,C0450,16-02-2026,Net Banking,Delivered,Valid
O01012,C0384,10-09-2025,Net Banking,Delivered,Valid
O01013,C0313,13-07-2026,UPI,Delivered,Valid
O01014,C0675,29-12-2025,Debit Card,Delivered,Valid
O01015,C0430,03-02-2026,COD,Processing,Valid
O01016,C0798,19-06-2026,Net Banking,Delivered,Valid
O01017,C0334,27-04-2026,UPI,Cancelled,Valid
O01018,C0033,10-09-2025,Credit Card,Delivered,Valid
O01019,C0582,19-05-2026,Net Banking,Cancelled,Valid
O01020,C0588,17-01-2026,COD,Delivered,Valid
O01021,C0401,02-08-2025,Net Banking,Delivered,Valid
O01022,C0193,01-03-2026,UPI,Delivered,Valid
O01023,C0584,17-02-2026,Debit Card,Delivered,Valid
O01024,C0176,23-08-2025,Net Banking,Delivered,Valid
O01025,C0033,18-06-2026,Net Banking,Delivered,Valid
O01026,C0028,04-10-2025,Credit Card,Delivered,Valid
O01027,C0396,23-11-2025,Credit Card,Delivered,Valid
O01028,C0299,03-06-2026,Net Banking,Delivered,Valid
O01029,C0466,30-07-2025,Debit Card,Delivered,Valid
O01030,C0012,26-09-2025,Debit Card,Delivered,Valid
O01031,C0401,19-09-2025,UPI,Delivered,Valid
O01032,C0550,31-01-2026,COD,Processing,Valid
O01033,C0071,16-01-2026,Credit Card,Delivered,Valid
O01034,C0211,06-12-2025,COD,,Valid
O01035,C0681,01-03-2026,Credit Card,Cancelled,Valid
O01036,C0589,06-12-2025,Net Banking,Delivered,Valid
O01037,C0515,02-07-2026,COD,Delivered,Valid
O01038,C0207,04-07-2025,Credit Card,Delivered,Valid
O01039,C0066,21-01-2026,Net Banking,Delivered,Valid
O01040,C0539,16-12-2025,Net Banking,Delivered,Valid
O01041,C0472,22-02-2026,Net Banking,Delivered,Valid
O01042,C0755,16-08-2025,Debit Card,Returned,Valid
O01043,C0468,25-12-2025,Debit Card,Delivered,Valid
O01044,C0628,28-09-2025,COD,Delivered,Valid
O01045,C0184,13-05-2026,COD,Delivered,Valid
O01046,C0394,03-06-2026,Credit Card,Returned,Valid
O01047,C0583,18-08-2025,COD,Returned,Valid
O01048,C0045,31-10-2025,Credit Card,Delivered,Valid
O01049,C0644,02-04-2026,Debit Card,Returned,Valid
O01050,C0069,23-06-2026,Credit Card,Delivered,Valid
O01051,C0422,26-07-2026,Net Banking,Delivered,Valid
O01052,C0378,09-08-2025,UPI,Delivered,Valid
O01053,C0785,14-12-2025,COD,Delivered,Valid
O01054,C0169,07-11-2025,Credit Card,Delivered,Valid
O01055,C0046,22-02-2026,UPI,Delivered,Valid
O01056,C0655,21-06-2026,COD,Delivered,Valid
O01057,C0352,17-07-2026,COD,Delivered,Valid
O01058,C0407,20-07-2025,UPI,Delivered,Valid
O01059,C0118,29-06-2026,Credit Card,Delivered,Valid
O01060,C0687,19-07-2026,COD,Delivered,Valid
O01061,C0473,04-08-2025,UPI,Delivered,Valid
O01062,C0673,02-11-2025,COD,Delivered,Valid
O01063,C0483,20-11-2025,Credit Card,Delivered,Valid
O01064,C0019,07-05-2026,UPI,Delivered,Valid
O01065,C0302,02-09-2025,Net Banking,Processing,Valid
O01066,C0401,25-09-2025,UPI,Returned,Valid
O01067,C0782,06-07-2025,Credit Card,Delivered,Valid
O01068,C0452,31-12-2025,Credit Card,Delivered,Valid
O01069,C0732,18-07-2025,Net Banking,Delivered,Valid
O01070,C0453,22-06-2026,UPI,Cancelled,Valid
O01071,C0536,25-05-2026,UPI,Delivered,Valid
O01072,C0707,05-12-2025,COD,Delivered,Valid
O01073,C0613,03-07-2025,UPI,Processing,Valid
O01074,C0387,28-07-2026,Credit Card,Delivered,Valid
O01075,C0384,31-10-2025,Credit Card,Delivered,Valid
O01076,C0017,01-02-2026,UPI,Delivered,Valid
O01077,C0346,07-10-2025,UPI,Delivered,Valid
O01078,C0099,06-06-2026,Credit Card,Processing,Valid
O01079,C0172,23-07-2025,COD,Delivered,Valid
O01080,C0111,15-12-2025,Debit Card,Delivered,Valid
O01081,C0642,06-10-2025,Net Banking,Delivered,Valid
O01082,C0555,19-01-2026,COD,Delivered,Valid
O01083,C0238,18-10-2025,UPI,Delivered,Valid
O01084,C0332,27-09-2025,UPI,Delivered,Valid
O01085,C0670,09-12-2025,UPI,Delivered,Valid
O01086,C0218,20-02-2026,Credit Card,Delivered,Valid
O01087,C0674,20-11-2025,Net Banking,Delivered,Valid
O01088,C0045,04-08-2025,Credit Card,Delivered,Valid
O01089,C0309,28-07-2026,Net Banking,Delivered,Valid
O01090,C0105,30-06-2026,Net Banking,Cancelled,Valid
O01091,C0176,06-11-2025,UPI,Cancelled,Valid
O01092,C0333,20-05-2026,COD,Returned,Valid
O01093,C0790,21-06-2026,Credit Card,Delivered,Valid
O01094,C0180,22-05-2026,Debit Card,Returned,Valid
O01095,C0494,04-08-2025,Debit Card,Delivered,Valid
O01096,C0624,26-04-2026,COD,Delivered,Valid
O01097,C0524,24-05-2026,Credit Card,Delivered,Valid
O01098,C0602,26-06-2026,UPI,Delivered,Valid
O01099,C0022,12-05-2026,UPI,Delivered,Valid
O01100,C0243,13-07-2026,COD,Processing,Valid
O01101,C0250,14-05-2026,UPI,Delivered,Valid
O01102,C0141,08-01-2026,COD,Delivered,Valid
O01103,C0207,16-09-2025,COD,Delivered,Valid
O01104,C0658,20-07-2025,Credit Card,Processing,Valid
O01105,C0613,13-02-2026,Debit Card,Delivered,Valid
O01106,C0285,10-12-2025,UPI,Delivered,Valid
O01107,C0425,28-05-2026,Debit Card,Processing,Valid
O01108,C0025,26-10-2025,Debit Card,Delivered,Valid
O01109,C0249,14-10-2025,Net Banking,Delivered,Valid
O01110,C0681,05-11-2025,Credit Card,Cancelled,Valid
O01111,C0391,24-03-2026,Debit Card,Delivered,Valid
O01112,C0453,19-05-2026,UPI,Delivered,Valid
O01113,C0504,05-08-2025,Credit Card,Delivered,Valid
O01114,C0650,11-09-2025,Credit Card,Delivered,Valid
O01115,C0094,27-09-2025,Net Banking,Delivered,Valid
O01116,C0210,29-10-2025,Net Banking,Delivered,Valid
O01117,C0437,07-07-2026,COD,Delivered,Valid
O01118,C0169,05-07-2026,Credit Card,Delivered,Valid
O01119,C0435,29-09-2025,Net Banking,Delivered,Valid
O01120,C0311,24-11-2025,Net Banking,Delivered,Valid
O01121,C0651,12-10-2025,Debit Card,Delivered,Valid
O01122,C0082,01-01-2026,COD,Delivered,Valid
O01123,C0172,27-02-2026,COD,Delivered,Valid
O01124,C0518,09-05-2026,COD,Processing,Valid
O01125,C0160,04-03-2026,UPI,Processing,Valid
O01126,C0391,04-02-2026,UPI,Processing,Valid
O01127,C0308,01-05-2026,Net Banking,Delivered,Valid
O01128,C0567,08-07-2026,Credit Card,Delivered,Valid
O01129,C0390,23-02-2026,Debit Card,Delivered,Valid
O01130,C0291,09-01-2026,Net Banking,Cancelled,Valid
O01131,C0493,06-08-2025,Debit Card,Delivered,Valid
O01132,C0733,26-02-2026,Credit Card,Delivered,Valid
O01133,C0195,03-07-2025,UPI,Delivered,Valid
O01134,C0748,07-07-2026,Debit Card,Delivered,Valid
O01135,C0415,29-01-2026,COD,Processing,Valid
O01136,C0383,13-01-2026,COD,Delivered,Valid
O01137,C0657,28-04-2026,UPI,Delivered,Valid
O01138,C0040,02-09-2025,COD,Cancelled,Valid
O01139,C0167,08-10-2025,COD,Delivered,Valid
O01140,C0790,20-07-2026,Debit Card,Delivered,Valid
O01141,C0727,08-03-2026,Debit Card,Returned,Valid
O01142,C0060,30-05-2026,COD,Delivered,Valid
O01143,C0754,04-11-2025,Credit Card,Delivered,Valid
O01144,C0036,02-01-2026,UPI,Returned,Valid
O01145,C0682,27-05-2026,Credit Card,Delivered,Valid
O01146,C0620,19-02-2026,Credit Card,Delivered,Valid
O01147,C0254,05-05-2026,Net Banking,Returned,Valid
O01148,C0166,07-07-2025,UPI,Processing,Valid
O01149,C0095,26-05-2026,COD,Delivered,Valid
O01150,C0724,27-04-2026,UPI,Delivered,Valid
O01151,C0194,02-02-2026,Credit Card,Delivered,Valid
O01152,C0259,20-06-2026,Debit Card,Delivered,Valid
O01153,C0546,03-06-2026,COD,Delivered,Valid
O01154,C0316,11-07-2026,COD,Processing,Valid
O01155,C0746,15-08-2025,UPI,Cancelled,Valid
O01156,C0587,24-12-2025,Credit Card,Delivered,Valid
O01157,C0767,16-10-2025,COD,Returned,Valid
O01158,C0316,04-07-2025,Credit Card,Delivered,Valid
O01159,C0002,19-08-2025,UPI,Processing,Valid
O01160,C0714,30-01-2026,Net Banking,Delivered,Valid
O01161,C0671,25-11-2025,COD,Delivered,Valid
O01162,C0181,08-01-2026,Credit Card,Processing,Valid
O01163,C0138,10-10-2025,COD,Delivered,Valid
O01164,C0515,26-08-2025,COD,Cancelled,Valid
O01165,C0218,04-10-2025,Credit Card,Delivered,Valid
O01166,C0768,02-10-2025,Credit Card,Delivered,Valid
O01167,C0419,11-02-2026,Net Banking,Delivered,Valid
O01168,C0652,24-09-2025,UPI,Delivered,Valid
O01169,C0088,10-01-2026,COD,Delivered,Valid
O01170,C0066,23-12-2025,UPI,Cancelled,Valid
O01171,C0241,02-03-2026,COD,Returned,Valid
O01172,C0779,21-08-2025,UPI,Delivered,Valid
O01173,C0273,20-07-2026,UPI,Returned,Valid
O01174,C0597,22-07-2025,UPI,Delivered,Valid
O01175,C0535,04-07-2025,COD,Cancelled,Valid
O01176,C0533,25-07-2026,Debit Card,Delivered,Valid
O01177,C0485,23-07-2026,Debit Card,Cancelled,Valid
O01178,C0440,20-12-2025,Debit Card,Returned,Valid
O01179,C0352,09-12-2025,Credit Card,Delivered,Valid
O01180,C0682,21-01-2026,COD,Cancelled,Valid
O01181,C0059,30-12-2025,Debit Card,Delivered,Valid
O01182,C0004,19-02-2026,COD,Processing,Valid
O01183,C0143,14-07-2025,Net Banking,Delivered,Valid
O01184,C0544,21-11-2025,Credit Card,Delivered,Valid
O01185,C0463,13-05-2026,COD,Delivered,Valid
O01186,C0424,04-06-2026,Credit Card,Delivered,Valid
O01187,C0654,12-12-2025,UPI,Cancelled,Valid
O01188,C0369,24-07-2025,Debit Card,Returned,Valid
O01189,C0455,28-10-2025,Net Banking,Delivered,Valid
O01190,C0410,14-07-2026,Net Banking,Delivered,Valid
O01191,C0357,05-02-2026,COD,Returned,Valid
O01192,C0717,21-08-2025,COD,Delivered,Valid
O01193,C0622,08-10-2025,Credit Card,Delivered,Valid
O01194,C0586,02-07-2026,Net Banking,Delivered,Valid
O01195,C0131,12-03-2026,UPI,Delivered,Valid
O01196,C0690,07-04-2026,COD,Delivered,Valid
O01197,C0457,29-08-2025,COD,Returned,Valid
O01198,C0554,01-11-2025,Credit Card,Delivered,Valid
O01199,C0175,21-07-2026,UPI,Delivered,Valid
O01200,C0446,02-07-2026,UPI,Delivered,Valid
O01201,C0335,13-01-2026,Debit Card,Delivered,Valid
O01202,C0737,09-11-2025,COD,Returned,Valid
O01203,C0127,06-06-2026,Credit Card,Delivered,Valid
O01204,C0649,07-07-2026,COD,Delivered,Valid
O01205,C0709,18-12-2025,Credit Card,Cancelled,Valid
O01206,C0785,04-05-2026,UPI,Returned,Valid
O01207,C0352,10-01-2026,COD,Returned,Valid
O01208,C0658,14-04-2026,COD,Delivered,Valid
O01209,C0229,10-11-2025,UPI,Delivered,Valid
O01210,C0090,27-08-2025,UPI,Delivered,Valid
O01211,C0759,30-04-2026,Credit Card,Processing,Valid
O01212,C0119,20-04-2026,Debit Card,Delivered,Valid
O01213,C0321,11-01-2026,Net Banking,Processing,Valid
O01214,C0002,07-12-2025,UPI,Cancelled,Valid
O01215,C0549,06-10-2025,COD,Delivered,Valid
O01216,C0328,30-07-2026,Debit Card,Returned,Valid
O01217,C0130,24-03-2026,Net Banking,Cancelled,Valid
O01218,C0228,24-08-2025,COD,Delivered,Valid
O01219,C0552,21-02-2026,Debit Card,Delivered,Valid
O01220,C0304,21-10-2025,COD,Returned,Valid
O01221,C0467,14-09-2025,Net Banking,Delivered,Valid
O01222,C0150,18-07-2026,UPI,Cancelled,Valid
O01223,C0328,06-12-2025,Net Banking,Returned,Valid
O01224,C0127,18-11-2025,Net Banking,Delivered,Valid
O01225,C0647,19-10-2025,COD,Delivered,Valid
O01226,C0722,09-01-2026,UPI,Delivered,Valid
O01227,C0157,02-07-2026,Credit Card,Processing,Valid
O01228,C0231,24-06-2026,UPI,Processing,Valid
O01229,C0184,07-03-2026,COD,Delivered,Valid
O01230,C0676,20-09-2025,UPI,Delivered,Valid
O01231,C0402,20-12-2025,COD,Returned,Valid
O01232,C0485,26-12-2025,COD,Delivered,Valid
O01233,C0074,28-03-2026,Debit Card,Delivered,Valid
O01234,C0714,08-10-2025,Net Banking,Delivered,Valid
O01235,C0100,06-09-2025,Debit Card,Processing,Valid
O01236,C0595,28-07-2025,Debit Card,Delivered,Valid
O01237,C0671,22-09-2025,Net Banking,Delivered,Valid
O01238,C0453,22-06-2026,COD,Delivered,Valid
O01239,C0149,16-10-2025,Credit Card,Processing,Valid
O01240,C0201,12-07-2026,UPI,Delivered,Valid
O01241,C0744,21-04-2026,UPI,Returned,Valid
O01242,C0152,09-01-2026,COD,Returned,Valid
O01243,C0173,29-07-2025,UPI,Delivered,Valid
O01244,C0486,30-09-2025,UPI,Delivered,Valid
O01245,C0528,29-05-2026,Debit Card,Cancelled,Valid
O01246,C0445,15-09-2025,COD,Delivered,Valid
O01247,C0035,30-08-2025,Credit Card,Delivered,Valid
O01248,C0501,02-12-2025,Net Banking,Delivered,Valid
O01249,C0669,17-07-2026,COD,Processing,Valid
O01250,C0709,09-06-2026,UPI,Processing,Valid
O01251,C0475,29-05-2026,COD,Delivered,Valid
O01252,C0648,31-05-2026,COD,Delivered,Valid
O01253,C0012,31-08-2025,UPI,Delivered,Valid
O01254,C0125,08-03-2026,Net Banking,Delivered,Valid
O01255,C0024,27-04-2026,Net Banking,Cancelled,Valid
O01256,C0492,18-11-2025,UPI,Cancelled,Valid
O01257,C0186,13-01-2026,COD,Returned,Valid
O01258,C0720,08-02-2026,Debit Card,Cancelled,Valid
O01259,C0129,20-08-2025,Debit Card,Delivered,Valid
O01260,C0731,02-04-2026,Credit Card,Delivered,Valid
O01261,C0718,11-07-2025,COD,Delivered,Valid
O01262,C0550,29-03-2026,COD,Delivered,Valid
O01263,C0532,26-04-2026,Net Banking,Processing,Valid
O01264,C0668,02-09-2025,Credit Card,Returned,Valid
O01265,C0121,01-10-2025,Net Banking,Returned,Valid
O01266,C0185,03-07-2025,Net Banking,Delivered,Valid
O01267,C0322,01-09-2025,UPI,Delivered,Valid
O01268,C0589,14-10-2025,Credit Card,Delivered,Valid
O01269,C0576,09-11-2025,UPI,Delivered,Valid
O01270,C0128,17-03-2026,Debit Card,,Valid
O01271,C0558,26-09-2025,COD,Returned,Valid
O01272,C0001,05-11-2025,Debit Card,Delivered,Valid
O01273,C0532,28-11-2025,Net Banking,Delivered,Valid
O01274,C0144,22-04-2026,COD,Returned,Valid
O01275,C0321,25-03-2026,Debit Card,Cancelled,Valid
O01276,C0552,19-03-2026,Credit Card,Returned,Valid
O01277,C0102,05-06-2026,UPI,Delivered,Valid
O01278,C0038,05-10-2025,Credit Card,Delivered,Valid
O01279,C0221,07-09-2025,Net Banking,Delivered,Valid
O01280,C0222,29-04-2026,Debit Card,Delivered,Valid
O01281,C0132,09-07-2026,Net Banking,Delivered,Valid
O01282,C0077,08-04-2026,Debit Card,Delivered,Valid
O01283,C0391,29-05-2026,Credit Card,Delivered,Valid
O01284,C0468,12-08-2025,Debit Card,Returned,Valid
O01285,C0436,21-06-2026,Credit Card,Delivered,Valid
O01286,C0209,06-08-2025,Debit Card,Cancelled,Valid
O01287,C0714,27-05-2026,Credit Card,Processing,Valid
O01288,C0382,15-04-2026,Net Banking,Cancelled,Valid
O01289,C0168,31-01-2026,Credit Card,Delivered,Valid
O01290,C0445,11-01-2026,UPI,Cancelled,Valid
O01291,C0254,09-08-2025,Debit Card,Delivered,Valid
O01292,C0545,26-08-2025,Net Banking,Delivered,Valid
O01293,C0068,16-12-2025,UPI,Delivered,Valid
O01294,C0342,17-11-2025,Credit Card,Delivered,Valid
O01295,C0281,06-07-2025,UPI,Delivered,Valid
O01296,C0228,10-01-2026,UPI,Delivered,Valid
O01297,C0180,27-03-2026,Debit Card,Cancelled,Valid
O01298,C0502,18-08-2025,Net Banking,Delivered,Valid
O01299,C0718,19-04-2026,Debit Card,Delivered,Valid
O01300,C0278,08-05-2026,UPI,Delivered,Valid
O01301,C0175,10-12-2025,COD,Delivered,Valid
O01302,C0354,15-07-2026,Net Banking,Delivered,Valid
O01303,C0609,23-01-2026,COD,Cancelled,Valid
O01304,C0131,10-11-2025,UPI,Returned,Valid
O01305,C0526,01-07-2026,Credit Card,Returned,Valid
O01306,C0130,12-09-2025,COD,Cancelled,Valid
O01307,C0754,14-11-2025,UPI,Processing,Valid
O01308,C0655,06-01-2026,Credit Card,Returned,Valid
O01309,C0624,31-01-2026,COD,Delivered,Valid
O01310,C0450,29-12-2025,COD,Delivered,Valid
O01311,C0294,19-11-2025,COD,Delivered,Valid
O01312,C0736,26-10-2025,Debit Card,Cancelled,Valid
O01313,C0090,04-12-2025,COD,Processing,Valid
O01314,C0321,16-08-2025,UPI,Delivered,Valid
O01315,C0748,31-10-2025,UPI,Delivered,Valid
O01316,C0590,30-07-2025,UPI,Processing,Valid
O01317,C0293,10-04-2026,COD,Delivered,Valid
O01318,C0435,12-06-2026,Net Banking,Processing,Valid
O01319,C0140,03-03-2026,COD,Delivered,Valid
O01320,C0702,12-06-2026,Net Banking,Returned,Valid
O01321,C0128,24-01-2026,UPI,Cancelled,Valid
O01322,C0195,17-07-2026,UPI,Processing,Valid
O01323,C0436,25-06-2026,Net Banking,Processing,Valid
O01324,C0354,03-11-2025,Net Banking,Returned,Valid
O01325,C0624,22-07-2025,Net Banking,Delivered,Valid
O01326,C0173,11-06-2026,Net Banking,Delivered,Valid
O01327,C0180,08-08-2025,Debit Card,Delivered,Valid
O01328,C0527,28-12-2025,UPI,Delivered,Valid
O01329,C0508,11-01-2026,Credit Card,Delivered,Valid
O01330,C0116,21-12-2025,Credit Card,Delivered,Valid
O01331,C0785,30-08-2025,Debit Card,Delivered,Valid
O01332,C0495,28-11-2025,Debit Card,Delivered,Valid
O01333,C0003,13-07-2026,Net Banking,Delivered,Valid
O01334,C0223,04-12-2025,Net Banking,Delivered,Valid
O01335,C0475,13-05-2026,COD,Delivered,Valid
O01336,C0365,04-07-2025,Net Banking,Delivered,Valid
O01337,C0337,30-11-2025,Debit Card,Delivered,Valid
O01338,C0006,27-12-2025,Credit Card,Delivered,Valid
O01339,C0364,05-07-2025,UPI,Delivered,Valid
O01340,C0504,10-10-2025,COD,Delivered,Valid
O01341,C0527,17-09-2025,COD,Delivered,Valid
O01342,C0500,04-07-2025,Credit Card,Processing,Valid
O01343,C0673,06-11-2025,Credit Card,Delivered,Valid
O01344,C0405,08-01-2026,Debit Card,Delivered,Valid
O01345,C0439,02-10-2025,Net Banking,Delivered,Valid
O01346,C0112,10-02-2026,COD,Delivered,Valid
O01347,C0144,29-12-2025,COD,Delivered,Valid
O01348,C0368,29-06-2026,Credit Card,Delivered,Valid
O01349,C0195,23-11-2025,UPI,Delivered,Valid
O01350,C0405,01-02-2026,Debit Card,Delivered,Valid
O01351,C0165,07-06-2026,Credit Card,Delivered,Valid
O01352,C0682,14-11-2025,UPI,Delivered,Valid
O01353,C0501,08-04-2026,COD,Returned,Valid
O01354,C0732,04-09-2025,Debit Card,Processing,Valid
O01355,C0783,21-01-2026,Net Banking,Processing,Valid
O01356,C0760,16-01-2026,Credit Card,Delivered,Valid
O01357,C0111,11-07-2025,Credit Card,Delivered,Valid
O01358,C0353,14-03-2026,UPI,Processing,Valid
O01359,C0701,30-10-2025,UPI,Returned,Valid
O01360,C0351,05-02-2026,Net Banking,Processing,Valid
O01361,C0009,08-02-2026,COD,Delivered,Valid
O01362,C0289,06-03-2026,UPI,Processing,Valid
O01363,C0440,04-11-2025,Net Banking,Delivered,Valid
O01364,C0747,19-03-2026,Credit Card,Delivered,Valid
O01365,C0288,28-07-2026,UPI,Delivered,Valid
O01366,C0718,04-11-2025,COD,Delivered,Valid
O01367,C0486,27-06-2026,UPI,Returned,Valid
O01368,C0748,15-03-2026,Net Banking,Delivered,Valid
O01369,C0194,29-04-2026,Credit Card,Delivered,Valid
O01370,C0124,06-09-2025,COD,Delivered,Valid
O01371,C0281,07-10-2025,COD,Delivered,Valid
O01372,C0019,12-05-2026,Credit Card,Delivered,Valid
O01373,C0053,11-01-2026,COD,Delivered,Valid
O01374,C0314,24-06-2026,Credit Card,Delivered,Valid
O01375,C0345,04-02-2026,COD,Delivered,Valid
O01376,C0523,04-02-2026,UPI,Delivered,Valid
O01377,C0113,15-11-2025,Debit Card,Delivered,Valid
O01378,C0360,30-06-2026,COD,Delivered,Valid
O01379,C0328,25-07-2025,Credit Card,Delivered,Valid
O01380,C0001,27-07-2025,Debit Card,Delivered,Valid
O01381,C0293,27-02-2026,Debit Card,Cancelled,Valid
O01382,C0104,06-02-2026,Credit Card,Delivered,Valid
O01383,C0504,03-01-2026,Debit Card,Delivered,Valid
O01384,C0115,19-08-2025,UPI,Returned,Valid
O01385,C0566,30-07-2026,Credit Card,Delivered,Valid
O01386,C0370,15-07-2026,Debit Card,Processing,Valid
O01387,C0798,28-04-2026,Net Banking,Cancelled,Valid
O01388,C0381,30-10-2025,Debit Card,Delivered,Valid
O01389,C0599,13-01-2026,UPI,Delivered,Valid
O01390,C0134,19-05-2026,Net Banking,Delivered,Valid
O01391,C0043,27-04-2026,Credit Card,Delivered,Valid
O01392,C0722,14-02-2026,UPI,Delivered,Valid
O01393,C0560,13-05-2026,Debit Card,Delivered,Valid
O01394,C0743,28-02-2026,Credit Card,Delivered,Valid
O01395,C0739,17-09-2025,UPI,Delivered,Valid
O01396,C0197,31-01-2026,Net Banking,Processing,Valid
O01397,C0259,24-07-2026,Net Banking,Delivered,Valid
O01398,C0375,15-02-2026,UPI,Delivered,Valid
O01399,C0070,05-03-2026,COD,Delivered,Valid
O01400,C0516,12-07-2025,Credit Card,Cancelled,Valid
O01401,C0281,22-06-2026,Credit Card,Delivered,Valid
O01402,C0047,16-04-2026,UPI,Returned,Valid
O01403,C0195,15-07-2026,COD,Delivered,Valid
O01404,C0702,30-03-2026,Net Banking,Delivered,Valid
O01405,C0170,10-02-2026,Net Banking,Delivered,Valid
O01406,C0576,16-01-2026,COD,Cancelled,Valid
O01407,C0279,14-10-2025,Credit Card,Delivered,Valid
O01408,C0164,19-04-2026,Credit Card,Cancelled,Valid
O01409,C0714,05-07-2025,Net Banking,Delivered,Valid
O01410,C0516,28-06-2026,Net Banking,Delivered,Valid
O01411,C0311,21-10-2025,Debit Card,Processing,Valid
O01412,C0275,09-04-2026,UPI,Delivered,Valid
O01413,C0230,24-07-2025,Net Banking,Delivered,Valid
O01414,C0299,21-07-2025,Credit Card,Delivered,Valid
O01415,C0137,16-11-2025,UPI,Returned,Valid
O01416,C0255,16-10-2025,Net Banking,Delivered,Valid
O01417,C0002,29-05-2026,Debit Card,Cancelled,Valid
O01418,C0620,05-01-2026,Debit Card,Delivered,Valid
O01419,C0723,08-04-2026,Debit Card,Processing,Valid
O01420,C0137,26-01-2026,Net Banking,Delivered,Valid
O01421,C0333,30-07-2025,UPI,Delivered,Valid
O01422,C0225,10-07-2026,Debit Card,Delivered,Valid
O01423,C0263,09-07-2025,Net Banking,Returned,Valid
O01424,C0797,25-04-2026,UPI,Processing,Valid
O01425,C0764,18-06-2026,COD,Returned,Valid
O01426,C0264,17-05-2026,Net Banking,Delivered,Valid
O01427,C0212,12-02-2026,Credit Card,Delivered,Valid
O01428,C0276,13-10-2025,Net Banking,Cancelled,Valid
O01429,C0771,19-01-2026,Credit Card,Delivered,Valid
O01430,C0238,09-07-2026,COD,Delivered,Valid
O01431,C0152,03-03-2026,UPI,Delivered,Valid
O01432,C0186,21-02-2026,Credit Card,Delivered,Valid
O01433,C0194,18-04-2026,COD,Processing,Valid
O01434,C0185,28-05-2026,Debit Card,Delivered,Valid
O01435,C0318,22-09-2025,Credit Card,Delivered,Valid
O01436,C0704,08-05-2026,Credit Card,Delivered,Valid
O01437,C0147,06-08-2025,COD,Delivered,Valid
O01438,C0466,27-05-2026,COD,Delivered,Valid
O01439,C0742,27-03-2026,Credit Card,Processing,Valid
O01440,C0769,07-07-2025,Net Banking,Delivered,Valid
O01441,C0387,13-01-2026,UPI,Delivered,Valid
O01442,C0014,26-07-2026,UPI,Delivered,Valid
O01443,C0255,30-07-2026,UPI,Delivered,Valid
O01444,C0147,18-05-2026,Net Banking,Delivered,Valid
O01445,C0010,24-08-2025,Net Banking,Processing,Valid
O01446,C0347,28-06-2026,UPI,Delivered,Valid
O01447,C0143,03-03-2026,Net Banking,Delivered,Valid
O01448,C0168,05-12-2025,Debit Card,Delivered,Valid
O01449,C0159,02-11-2025,UPI,Delivered,Valid
O01450,C0709,14-11-2025,Net Banking,Delivered,Valid
O01451,C0022,23-07-2025,UPI,Delivered,Valid
O01452,C0304,22-08-2025,Net Banking,Delivered,Valid
O01453,C0146,01-07-2025,Credit Card,Delivered,Valid
O01454,C0233,04-02-2026,COD,Delivered,Valid
O01455,C0362,01-06-2026,Debit Card,Delivered,Valid
O01456,C0701,13-01-2026,UPI,Delivered,Valid
O01457,C0174,26-08-2025,Credit Card,Delivered,Valid
O01458,C0289,30-12-2025,UPI,Cancelled,Valid
O01459,C0342,30-08-2025,Debit Card,Delivered,Valid
O01460,C0045,06-05-2026,Credit Card,Delivered,Valid
O01461,C0439,29-03-2026,Debit Card,Cancelled,Valid
O01462,C0186,13-06-2026,COD,Delivered,Valid
O01463,C0684,17-06-2026,Debit Card,Cancelled,Valid
O01464,C0294,26-12-2025,UPI,Delivered,Valid
O01465,C0512,04-06-2026,Debit Card,Delivered,Valid
O01466,C0729,09-08-2025,UPI,Delivered,Valid
O01467,C0797,01-06-2026,Credit Card,Delivered,Valid
O01468,C0152,16-01-2026,COD,Processing,Valid
O01469,C0490,04-08-2025,UPI,Cancelled,Valid
O01470,C0438,08-07-2026,Debit Card,Delivered,Valid
O01471,C0093,13-12-2025,Credit Card,Delivered,Valid
O01472,C0786,14-01-2026,Debit Card,Delivered,Valid
O01473,C0507,03-02-2026,COD,Returned,Valid
O01474,C0424,05-05-2026,Debit Card,Delivered,Valid
O01475,C0670,03-11-2025,COD,Delivered,Valid
O01476,C0563,12-03-2026,Net Banking,Delivered,Valid
O01477,C0505,30-03-2026,Net Banking,Delivered,Valid
O01478,C0394,12-08-2025,Net Banking,Processing,Valid
O01479,C0432,31/02/2026,Net Banking,Processing,Valid
O01480,C0711,19-07-2026,Credit Card,Returned,Valid
O01481,C0090,29-10-2025,Debit Card,Delivered,Valid
O01482,C0209,09-07-2025,Debit Card,Delivered,Valid
O01483,C0486,07-09-2025,UPI,Delivered,Valid
O01484,C0358,01-01-2026,Credit Card,Delivered,Valid
O01485,C0472,12-09-2025,Net Banking,Delivered,Valid
O01486,C0249,16-10-2025,Credit Card,Delivered,Valid
O01487,C0765,09-09-2025,UPI,Returned,Valid
O01488,C0721,12-09-2025,COD,Processing,Valid
O01489,C0027,22-06-2026,COD,Delivered,Valid
O01490,C0056,25-06-2026,UPI,Returned,Valid
O01491,C0596,07-08-2025,COD,Cancelled,Valid
O01492,C0162,16-07-2025,Credit Card,Delivered,Valid
O01493,C0145,10-08-2025,Credit Card,Delivered,Valid
O01494,C0013,18-04-2026,COD,Delivered,Valid
O01495,C0784,02-10-2025,COD,Processing,Valid
O01496,C0144,19-07-2026,Net Banking,Returned,Valid
O01497,C0307,26-02-2026,COD,Processing,Valid
O01498,C0346,13-02-2026,UPI,Delivered,Valid
O01499,C0114,18-09-2025,UPI,Returned,Valid
O01500,C0033,06-05-2026,Credit Card,Delivered,Valid
O01501,C0165,06-07-2025,COD,Delivered,Valid
O01502,C0697,18-02-2026,Net Banking,Processing,Valid
O01503,C0265,19-04-2026,Net Banking,Delivered,Valid
O01504,C0727,25-10-2025,COD,Delivered,Valid
O01505,C0279,17-08-2025,Net Banking,Delivered,Valid
O01506,C0129,16-07-2026,Credit Card,Delivered,Valid
O01507,C0634,29-07-2025,Credit Card,Delivered,Valid
O01508,C0189,17-07-2026,Net Banking,Cancelled,Valid
O01509,C0080,20-06-2026,COD,Delivered,Valid
O01510,C0321,31-05-2026,COD,Delivered,Valid
O01511,C0169,28-07-2025,Debit Card,Returned,Valid
O01512,C0435,08-10-2025,Debit Card,Delivered,Valid
O01513,C0107,09-08-2025,Debit Card,Cancelled,Valid
O01514,C0798,19-12-2025,UPI,Delivered,Valid
O01515,C0289,22-09-2025,Net Banking,Delivered,Valid
O01516,C0067,17-10-2025,Net Banking,Delivered,Valid
O01517,C0775,06-12-2025,Credit Card,Delivered,Valid
O01518,C0207,23-05-2026,UPI,Delivered,Valid
O01519,C0276,13-08-2025,Net Banking,Cancelled,Valid
O01520,C0046,15-04-2026,COD,Delivered,Valid
O01521,C0050,09-12-2025,UPI,Delivered,Valid
O01522,C0009,30-12-2025,Debit Card,Delivered,Valid
O01523,C0513,08-10-2025,Debit Card,Processing,Valid
O01524,C0401,07-07-2026,Debit Card,Delivered,Valid
O01525,C0720,11-06-2026,UPI,Delivered,Valid
O01526,C0418,15-07-2026,Net Banking,Delivered,Valid
O01527,C0515,15-09-2025,UPI,Cancelled,Valid
O01528,C0392,02-03-2026,Net Banking,Delivered,Valid
O01529,C0298,21-09-2025,Credit Card,Returned,Valid
O01530,C0475,10-08-2025,UPI,Processing,Valid
O01531,C0238,19-10-2025,Credit Card,Processing,Valid
O01532,C0736,21-09-2025,Net Banking,Delivered,Valid
O01533,C0747,08-05-2026,Net Banking,Processing,Valid
O01534,C0350,15-02-2026,Credit Card,Delivered,Valid
O01535,C0298,01-01-2026,Net Banking,Delivered,Valid
O01536,C0041,30-06-2026,COD,Delivered,Valid
O01537,C0214,09-05-2026,Net Banking,Delivered,Valid
O01538,C0157,17-04-2026,COD,Delivered,Valid
O01539,C0016,12-09-2025,Debit Card,Delivered,Valid
O01540,C0090,13-03-2026,UPI,Delivered,Valid
O01541,C0322,25-09-2025,Debit Card,Delivered,Valid
O01542,C0070,21-11-2025,Net Banking,Delivered,Valid
O01543,C0362,15-08-2025,UPI,Delivered,Valid
O01544,C0728,31-07-2026,COD,Delivered,Valid
O01545,C0485,09-11-2025,COD,Returned,Valid
O01546,C0144,02-09-2025,Net Banking,Delivered,Valid
O01547,C0041,03-01-2026,Debit Card,Delivered,Valid
O01548,C0419,14-05-2026,Credit Card,Delivered,Valid
O01549,C0376,20-03-2026,Net Banking,Delivered,Valid
O01550,C0383,12-08-2025,COD,Delivered,Valid
O01551,C0461,12-11-2025,UPI,Cancelled,Valid
O01552,C0660,30-07-2025,Credit Card,Returned,Valid
O01553,C0575,05-07-2025,Credit Card,Delivered,Valid
O01554,C0298,09-01-2026,Credit Card,Cancelled,Valid
O01555,C0409,07-08-2025,Credit Card,Delivered,Valid
O01556,C0474,08-06-2026,UPI,Delivered,Valid
O01557,C0478,25-02-2026,Net Banking,Delivered,Valid
O01558,C0112,13-08-2025,Credit Card,Processing,Valid
O01559,C0111,20-01-2026,COD,Delivered,Valid
O01560,C0412,16-12-2025,UPI,Delivered,Valid
O01561,C0351,06-05-2026,COD,Delivered,Valid
O01562,C0720,15-07-2026,COD,Delivered,Valid
O01563,C0286,18-02-2026,UPI,Delivered,Valid
O01564,C0160,26-02-2026,Credit Card,Cancelled,Valid
O01565,C0219,11-12-2025,Net Banking,Delivered,Valid
O01566,C0616,11-01-2026,UPI,Delivered,Valid
O01567,C0441,28-02-2026,Credit Card,Delivered,Valid
O01568,C0217,12-07-2025,COD,Delivered,Valid
O01569,C0259,22-05-2026,Credit Card,Delivered,Valid
O01570,C0146,05-08-2025,Debit Card,Delivered,Valid
O01571,C0084,30-11-2025,COD,Delivered,Valid
O01572,C0538,18-10-2025,Debit Card,Delivered,Valid
O01573,C0056,17-08-2025,COD,Delivered,Valid
O01574,C0772,30-11-2025,Credit Card,Delivered,Valid
O01575,C0358,31-01-2026,COD,Delivered,Valid
O01576,C0549,18-06-2026,Credit Card,Returned,Valid
O01577,C0448,29-12-2025,Net Banking,Delivered,Valid
O01578,C0011,14-04-2026,Net Banking,Delivered,Valid
O01579,C0080,06-07-2026,Net Banking,Cancelled,Valid
O01580,C0149,13-12-2025,Debit Card,Delivered,Valid
O01581,C0155,20-02-2026,Credit Card,Delivered,Valid
O01582,C0325,28-08-2025,COD,Delivered,Valid
O01583,C0534,05-07-2026,UPI,Delivered,Valid
O01584,C0129,21-05-2026,COD,Cancelled,Valid
O01585,C0593,19-08-2025,UPI,Delivered,Valid
O01586,C0764,05-10-2025,COD,Returned,Valid
O01587,C0560,24-09-2025,Net Banking,Delivered,Valid
O01588,C0222,26-12-2025,Credit Card,Delivered,Valid
O01589,C0696,22-04-2026,UPI,Delivered,Valid
O01590,C0373,09-07-2025,Debit Card,Delivered,Valid
O01591,C0515,02-09-2025,COD,Delivered,Valid
O01592,C0467,28-01-2026,COD,Delivered,Valid
O01593,C0361,04-04-2026,COD,Delivered,Valid
O01594,C0784,19-12-2025,UPI,Delivered,Valid
O01595,C0470,05-02-2026,Debit Card,Delivered,Valid
O01596,C0567,01-05-2026,Credit Card,Delivered,Valid
O01597,C0447,12-01-2026,Debit Card,Returned,Valid
O01598,C0706,14-06-2026,COD,Cancelled,Valid
O01599,C0291,25-06-2026,Net Banking,Delivered,Valid
O01600,C0090,23-08-2025,UPI,Returned,Valid
O01601,C0017,12-05-2026,COD,Delivered,Valid
O01602,C0509,19-07-2026,Net Banking,Delivered,Valid
O01603,C0103,21-05-2026,COD,Delivered,Valid
O01604,C0596,17-07-2025,Debit Card,Delivered,Valid
O01605,C0217,23-10-2025,COD,Delivered,Valid
O01606,C0391,28-08-2025,Credit Card,Delivered,Valid
O01607,C0128,27-12-2025,COD,Delivered,Valid
O01608,C0661,26-06-2026,COD,Delivered,Valid
O01609,C0384,23-10-2025,COD,Delivered,Valid
O01610,C0275,03-06-2026,Debit Card,Delivered,Valid
O01611,C0425,10-06-2026,Credit Card,Delivered,Valid
O01612,C0425,17-07-2025,UPI,Delivered,Valid
O01613,C0158,08-01-2026,Net Banking,Processing,Valid
O01614,C0615,10-12-2025,Debit Card,Delivered,Valid
O01615,C0586,06-02-2026,Credit Card,Delivered,Valid
O01616,C0401,07-10-2025,Net Banking,Returned,Valid
O01617,C0403,27-07-2025,Net Banking,Delivered,Valid
O01618,C0132,22-05-2026,COD,Processing,Valid
O01619,C0178,23-01-2026,Debit Card,Delivered,Valid
O01620,C0163,09-02-2026,Credit Card,Delivered,Valid
O01621,C0728,03-09-2025,Net Banking,Delivered,Valid
O01622,C0647,22-04-2026,COD,Processing,Valid
O01623,C0643,11-11-2025,Net Banking,Delivered,Valid
O01624,C0331,13-10-2025,UPI,Delivered,Valid
O01625,C0027,09-02-2026,UPI,Cancelled,Valid
O01626,C0789,30-04-2026,Credit Card,Delivered,Valid
O01627,C0633,28-06-2026,Net Banking,Delivered,Valid
O01628,C0586,12-01-2026,UPI,Processing,Valid
O01629,C0752,05-09-2025,COD,Cancelled,Valid
O01630,C0647,31-12-2025,Credit Card,Delivered,Valid
O01631,C0669,22-10-2025,Debit Card,Delivered,Valid
O01632,C0549,03-11-2025,COD,Processing,Valid
O01633,C0267,03-06-2026,UPI,Delivered,Valid
O01634,C0085,12-09-2025,UPI,Cancelled,Valid
O01635,C0594,22-08-2025,UPI,Delivered,Valid
O01636,C0611,01-09-2025,UPI,Delivered,Valid
O01637,C0290,12-11-2025,Credit Card,Delivered,Valid
O01638,C0080,11-03-2026,Debit Card,Delivered,Valid
O01639,C0401,21-08-2025,COD,Delivered,Valid
O01640,C0424,07-08-2025,COD,Cancelled,Valid
O01641,C0079,16-10-2025,COD,Delivered,Valid
O01642,C0322,21-05-2026,COD,Delivered,Valid
O01643,C0185,30-11-2025,UPI,Delivered,Valid
O01644,C0676,17-04-2026,Net Banking,Delivered,Valid
O01645,C0121,23-12-2025,Debit Card,Delivered,Valid
O01646,C0629,04-05-2026,Net Banking,Delivered,Valid
O01647,C0163,25-03-2026,Debit Card,Delivered,Valid
O01648,C0198,07-05-2026,UPI,Delivered,Valid
O01649,C0024,23-03-2026,Net Banking,Processing,Valid
O01650,C0157,19-10-2025,Debit Card,Delivered,Valid
O01651,C0223,16-07-2025,Debit Card,Delivered,Valid
O01652,C0226,12-08-2025,Credit Card,Delivered,Valid
O01653,C0281,04-03-2026,Credit Card,Delivered,Valid
O01654,C0357,28-06-2026,Net Banking,Returned,Valid
O01655,C0302,25-02-2026,COD,Delivered,Valid
O01656,C0525,21-01-2026,Credit Card,Delivered,Valid
O01657,C0178,10-10-2025,Debit Card,Delivered,Valid
O01658,C0106,25-04-2026,Net Banking,Delivered,Valid
O01659,C0170,14-10-2025,COD,Delivered,Valid
O01660,C0457,02-02-2026,Net Banking,Processing,Valid
O01661,C0279,11-12-2025,Net Banking,Delivered,Valid
O01662,,13-01-2026,COD,Delivered,Missing
O01663,C0581,28-12-2025,Debit Card,Cancelled,Valid
O01664,C0066,16-02-2026,Credit Card,Delivered,Valid
O01665,C0524,07-11-2025,Net Banking,Delivered,Valid
O01666,C0301,06-05-2026,Net Banking,Delivered,Valid
O01667,C0408,16-07-2025,UPI,Delivered,Valid
O01668,C0331,05-02-2026,Credit Card,Delivered,Valid
O01669,C0252,07-08-2025,Credit Card,Returned,Valid
O01670,C0381,07-01-2026,Credit Card,Processing,Valid
O01671,C0322,01-09-2025,UPI,Delivered,Valid
O01672,C0705,06-07-2025,Debit Card,Delivered,Valid
O01673,C0477,17-04-2026,Debit Card,Delivered,Valid
O01674,C0576,03-08-2025,COD,Delivered,Valid
O01675,C0617,17-10-2025,Net Banking,Delivered,Valid
O01676,C0106,14-04-2026,Debit Card,Processing,Valid
O01677,C0623,09-06-2026,UPI,Cancelled,Valid
O01678,C0662,01-02-2026,COD,Delivered,Valid
O01679,C0328,10-10-2025,Credit Card,Delivered,Valid
O01680,C0506,13-03-2026,UPI,Delivered,Valid
O01681,C0432,31-08-2025,UPI,Delivered,Valid
O01682,C0176,04-05-2026,Debit Card,Cancelled,Valid
O01683,C0393,30-10-2025,Net Banking,Delivered,Valid
O01684,C0292,10-07-2025,Net Banking,Delivered,Valid
O01685,C0473,23-11-2025,Credit Card,Delivered,Valid
O01686,C0038,31-03-2026,Net Banking,Delivered,Valid
O01687,C0346,27-05-2026,UPI,Delivered,Valid
O01688,C0482,18-08-2025,COD,Processing,Valid
O01689,C0309,18-11-2025,Debit Card,Processing,Valid
O01690,C0355,21-01-2026,UPI,Delivered,Valid
O01691,C0794,08-12-2025,COD,Cancelled,Valid
O01692,C0049,18-01-2026,Debit Card,Returned,Valid
O01693,C0466,10-03-2026,UPI,Delivered,Valid
O01694,C0633,22-08-2025,UPI,Delivered,Valid
O01695,C0049,06-07-2025,Credit Card,Delivered,Valid
O01696,C0331,18-06-2026,COD,Delivered,Valid
O01697,C0175,15-08-2025,Credit Card,Processing,Valid
O01698,C0378,02-04-2026,UPI,Returned,Valid
O01699,C0054,10-11-2025,UPI,Delivered,Valid
O01700,C0050,03-12-2025,,Delivered,Valid
O01701,C0338,18-06-2026,Net Banking,Delivered,Valid
O01702,C0277,23-06-2026,Credit Card,Delivered,Valid
O01703,C0598,21-02-2026,UPI,Delivered,Valid
O01704,C0327,14-09-2025,Net Banking,Delivered,Valid
O01705,C0653,14-02-2026,UPI,Delivered,Valid
O01706,C0541,01-11-2025,Net Banking,Delivered,Valid
O01707,C0678,08-03-2026,Debit Card,Delivered,Valid
O01708,C0792,10-07-2026,COD,Delivered,Valid
O01709,C0095,13-11-2025,Debit Card,Processing,Valid
O01710,C0085,28-12-2025,Net Banking,Delivered,Valid
O01711,C0676,28-05-2026,Credit Card,Returned,Valid
O01712,C0080,08-08-2025,COD,Delivered,Valid
O01713,C0218,07-07-2025,Credit Card,Delivered,Valid
O01714,C0395,05-10-2025,COD,Delivered,Valid
O01715,C0349,15-10-2025,Net Banking,Processing,Valid
O01716,C0541,21-03-2026,Debit Card,Processing,Valid
O01717,C0320,28-06-2026,COD,Returned,Valid
O01718,C0158,16-03-2026,UPI,Delivered,Valid
O01719,C0225,03-01-2026,COD,Delivered,Valid
O01720,C0636,20-03-2026,Credit Card,Processing,Valid
O01721,C0410,05-10-2025,UPI,Delivered,Valid
O01722,C0434,23-09-2025,Debit Card,Cancelled,Valid
O01723,C0664,22-08-2025,Credit Card,Delivered,Valid
O01724,C0110,17-07-2026,UPI,Delivered,Valid
O01725,C0017,21-02-2026,Credit Card,Delivered,Valid
O01726,C0030,01-03-2026,Net Banking,Delivered,Valid
O01727,C0361,13-11-2025,UPI,Delivered,Valid
O01728,C0087,29-12-2025,COD,Delivered,Valid
O01729,C0155,20-01-2026,Net Banking,Delivered,Valid
O01730,C0521,18-12-2025,UPI,Delivered,Valid
O01731,C0280,06-01-2026,UPI,Delivered,Valid
O01732,C0665,12-01-2026,COD,Delivered,Valid
O01733,C0302,05-10-2025,COD,Delivered,Valid
O01734,C0609,19-11-2025,Net Banking,Cancelled,Valid
O01735,C0506,23-03-2026,COD,Delivered,Valid
O01736,C0698,26-07-2025,Credit Card,Delivered,Valid
O01737,C0225,28-08-2025,UPI,Delivered,Valid
O01738,C0590,14-11-2025,Credit Card,Delivered,Valid
O01739,C0545,21-08-2025,Debit Card,Delivered,Valid
O01740,C0636,24-06-2026,COD,Delivered,Valid
O01741,C0403,21-08-2025,Credit Card,Processing,Valid
O01742,C0709,15-11-2025,COD,Delivered,Valid
O01743,C0176,13-10-2025,Debit Card,Cancelled,Valid
O01744,C0295,27-06-2026,Net Banking,Delivered,Valid
O01745,C0752,02-07-2025,UPI,Delivered,Valid
O01746,C0516,24-06-2026,Net Banking,Delivered,Valid
O01747,C0757,04-12-2025,Credit Card,Delivered,Valid
O01748,C0323,14-06-2026,UPI,Delivered,Valid
O01749,C0192,18-12-2025,COD,Delivered,Valid
O01750,C0014,07-06-2026,COD,Delivered,Valid
O01751,C0343,11-07-2025,Credit Card,Delivered,Valid
O01752,C0079,26-09-2025,UPI,Cancelled,Valid
O01753,C0361,28-02-2026,Net Banking,Delivered,Valid
O01754,C0501,04-11-2025,COD,Delivered,Valid
O01755,C0047,09-07-2025,Net Banking,Returned,Valid
O01756,C0298,25-10-2025,Net Banking,Delivered,Valid
O01757,C0172,22-07-2026,Credit Card,Processing,Valid
O01758,C0097,21-08-2025,Debit Card,Processing,Valid
O01759,C0344,17-02-2026,COD,Processing,Valid
O01760,C0360,06-04-2026,Debit Card,Returned,Valid
O01761,C0499,07-11-2025,Debit Card,Delivered,Valid
O01762,C0014,28-12-2025,Debit Card,Processing,Valid
O01763,C0342,23-03-2026,Net Banking,Delivered,Valid
O01764,C0116,16-11-2025,Net Banking,Processing,Valid
O01765,C0656,11-07-2025,Credit Card,Delivered,Valid
O01766,C0226,03-06-2026,Credit Card,Delivered,Valid
O01767,C0510,16-07-2025,Credit Card,Cancelled,Valid
O01768,C0759,22-06-2026,COD,Delivered,Valid
O01769,C0212,17-07-2026,UPI,Delivered,Valid
O01770,C0387,24-05-2026,UPI,Delivered,Valid
O01771,C0642,13-06-2026,Net Banking,Delivered,Valid
O01772,C0540,28-09-2025,Debit Card,Returned,Valid
O01773,C0358,17-12-2025,COD,Cancelled,Valid
O01774,C0428,19-11-2025,Debit Card,Delivered,Valid
O01775,C0043,23-04-2026,Net Banking,Returned,Valid
O01776,C0352,10-05-2026,UPI,Delivered,Valid
O01777,C0466,17-04-2026,Debit Card,Delivered,Valid
O01778,C0113,05-07-2025,COD,Returned,Valid
O01779,C0151,24-02-2026,Credit Card,Delivered,Valid
O01780,C0297,16-05-2026,Net Banking,Returned,Valid
O01781,C0167,03-12-2025,COD,Delivered,Valid
O01782,C0067,28-11-2025,UPI,Delivered,Valid
O01783,C0042,20-10-2025,Debit Card,Cancelled,Valid
O01784,C0127,28-07-2025,COD,Delivered,Valid
O01785,C0006,06-02-2026,Debit Card,Returned,Valid
O01786,C0001,26-07-2025,Debit Card,Delivered,Valid
O01787,C0359,23-11-2025,Net Banking,Returned,Valid
O01788,C0788,14-04-2026,Credit Card,Delivered,Valid
O01789,C0731,16-11-2025,Credit Card,Processing,Valid
O01790,C0202,07-02-2026,Net Banking,Delivered,Valid
O01791,C0298,21-10-2025,UPI,Delivered,Valid
O01792,C0364,05-11-2025,COD,Delivered,Valid
O01793,C0409,20-08-2025,Debit Card,Delivered,Valid
O01794,C0612,07-12-2025,Credit Card,Cancelled,Valid
O01795,C0447,13-06-2026,Debit Card,Cancelled,Valid
O01796,C0143,15-06-2026,Credit Card,Delivered,Valid
O01797,C0139,30-01-2026,Net Banking,Delivered,Valid
O01798,C0309,04-12-2025,UPI,Delivered,Valid
O01799,C0581,18-05-2026,COD,Delivered,Valid
O01800,C0188,09-01-2026,COD,Delivered,Valid
O01801,C0142,27-03-2026,COD,Returned,Valid
O01802,C0321,15-03-2026,Debit Card,Delivered,Valid
O01803,C0363,04-02-2026,COD,Delivered,Valid
O01804,C0421,22-02-2026,UPI,Delivered,Valid
O01805,C0028,28-07-2026,COD,Delivered,Valid
O01806,C0774,10-09-2025,Net Banking,Delivered,Valid
O01807,C0249,24-04-2026,Net Banking,Delivered,Valid
O01808,C0131,14-05-2026,Net Banking,Cancelled,Valid
O01809,C0301,28-07-2025,COD,Delivered,Valid
O01810,C0413,09-06-2026,UPI,Delivered,Valid
O01811,C0782,23-03-2026,COD,Delivered,Valid
O01812,C0087,29-07-2025,Debit Card,Returned,Valid
O01813,C0110,18-12-2025,Net Banking,Delivered,Valid
O01814,C0298,16-04-2026,COD,Returned,Valid
O01815,C0340,01-08-2025,UPI,Processing,Valid
O01816,C0599,11-06-2026,Net Banking,Processing,Valid
O01817,C0735,28-07-2025,Credit Card,Delivered,Valid
O01818,C0148,14-04-2026,COD,Delivered,Valid
O01819,C0229,11-06-2026,Credit Card,Delivered,Valid
O01820,C0644,07-12-2025,UPI,Delivered,Valid
O01821,C0639,18-06-2026,Credit Card,Delivered,Valid
O01822,C0069,01-07-2025,Credit Card,Cancelled,Valid
O01823,C0124,24-03-2026,UPI,Delivered,Valid
O01824,C0210,23-08-2025,COD,Delivered,Valid
O01825,,13-02-2026,COD,Delivered,Missing
O01826,C0125,01-12-2025,COD,Delivered,Valid
O01827,C0189,29-10-2025,Net Banking,Delivered,Valid
O01828,C0628,14-06-2026,COD,Returned,Valid
O01829,C0632,02-09-2025,COD,Delivered,Valid
O01830,C0652,12-07-2025,Credit Card,Delivered,Valid
O01831,C0763,02-06-2026,Credit Card,Delivered,Valid
O01832,C0524,15-07-2026,Net Banking,Delivered,Valid
O01833,C0488,03-03-2026,Debit Card,Delivered,Valid
O01834,C0684,21-08-2025,Net Banking,Delivered,Valid
O01835,C0377,07-06-2026,Debit Card,Delivered,Valid
O01836,C0396,23-06-2026,UPI,Delivered,Valid
O01837,C0427,03-02-2026,Credit Card,Delivered,Valid
O01838,C0291,20-02-2026,UPI,Cancelled,Valid
O01839,C0399,06-07-2025,Net Banking,Delivered,Valid
O01840,C0035,27-05-2026,Net Banking,Delivered,Valid
O01841,C0044,29-12-2025,Credit Card,Delivered,Valid
O01842,C0741,20-02-2026,Debit Card,Delivered,Valid
O01843,C0163,31-12-2025,Net Banking,Delivered,Valid
O01844,C0216,26-12-2025,Net Banking,Delivered,Valid
O01845,C0526,02-08-2025,Credit Card,Returned,Valid
O01846,C0156,28-12-2025,Net Banking,Delivered,Valid
O01847,C0471,02-07-2026,Credit Card,Delivered,Valid
O01848,C0781,03-06-2026,Debit Card,Delivered,Valid
O01849,C0070,27-05-2026,COD,Delivered,Valid
O01850,C0484,07-05-2026,COD,Cancelled,Valid
O01851,C0726,17-03-2026,Net Banking,Delivered,Valid
O01852,C0133,23-06-2026,Debit Card,Cancelled,Valid
O01853,C0595,26-12-2025,Net Banking,Cancelled,Valid
O01854,C0414,04-08-2025,UPI,Delivered,Valid
O01855,C0751,20-09-2025,Credit Card,Delivered,Valid
O01856,C0682,24-08-2025,COD,Returned,Valid
O01857,C0488,13-12-2025,Credit Card,Processing,Valid
O01858,C0751,30-10-2025,UPI,Delivered,Valid
O01859,C0746,13-01-2026,COD,Delivered,Valid
O01860,C0064,10-05-2026,Debit Card,Delivered,Valid
O01861,C0039,19-07-2026,UPI,Delivered,Valid
O01862,C0782,08-01-2026,Net Banking,Cancelled,Valid
O01863,C0031,28-09-2025,Debit Card,Delivered,Valid
O01864,C0716,16-02-2026,COD,Delivered,Valid
O01865,C0653,20-04-2026,Net Banking,Delivered,Valid
O01866,C0201,07-11-2025,COD,Delivered,Valid
O01867,C0696,24-11-2025,Credit Card,Delivered,Valid
O01868,C0760,21-09-2025,COD,Delivered,Valid
O01869,C0197,14-08-2025,Net Banking,Delivered,Valid
O01870,C0645,08-06-2026,UPI,Delivered,Valid
O01871,C0035,10-09-2025,UPI,Delivered,Valid
O01872,C0793,25-01-2026,Net Banking,Delivered,Valid
O01873,C0074,22-12-2025,Credit Card,Returned,Valid
O01874,C0748,08-07-2026,Net Banking,Delivered,Valid
O01875,C0195,15-10-2025,Net Banking,Delivered,Valid
O01876,C0513,28-12-2025,Debit Card,Cancelled,Valid
O01877,C0573,09-09-2025,UPI,Delivered,Valid
O01878,C0438,17-05-2026,COD,Delivered,Valid
O01879,C0583,10-08-2025,Credit Card,Delivered,Valid
O01880,C0306,21-08-2025,UPI,Delivered,Valid
O01881,C0237,27-07-2025,Net Banking,Delivered,Valid
O01882,C0339,12-07-2025,Credit Card,Delivered,Valid
O01883,C0258,16-01-2026,Debit Card,Delivered,Valid
O01884,C0162,25-11-2025,UPI,Delivered,Valid
O01885,C0590,01-11-2025,Net Banking,Cancelled,Valid
O01886,C0513,07-12-2025,COD,Cancelled,Valid
O01887,C0059,06-04-2026,UPI,Cancelled,Valid
O01888,C0483,12-11-2025,UPI,Delivered,Valid
O01889,C0347,01-02-2026,Debit Card,Delivered,Valid
O01890,C0343,27-07-2026,UPI,Delivered,Valid
O01891,C0210,07-04-2026,Debit Card,Processing,Valid
O01892,C0680,01-08-2025,Credit Card,Delivered,Valid
O01893,C0075,15-04-2026,Net Banking,Returned,Valid
O01894,C0784,19-07-2025,Debit Card,Delivered,Valid
O01895,C0427,03-05-2026,Net Banking,Delivered,Valid
O01896,C0565,03-03-2026,Credit Card,Delivered,Valid
O01897,C0741,22-07-2025,UPI,Delivered,Valid
O01898,C0509,17-03-2026,Credit Card,Returned,Valid
O01899,C0359,06-02-2026,COD,Delivered,Valid
O01900,C0234,31/02/2026,UPI,Delivered,Valid
O01901,C0793,09-10-2025,Net Banking,Cancelled,Valid
O01902,C0389,15-06-2026,UPI,Delivered,Valid
O01903,C0494,27-07-2025,COD,Processing,Valid
O01904,C0387,22-06-2026,Credit Card,Delivered,Valid
O01905,C0719,04-02-2026,Net Banking,Delivered,Valid
O01906,C0119,10-02-2026,UPI,Cancelled,Valid
O01907,C0377,28-12-2025,Credit Card,Delivered,Valid
O01908,C0448,30-07-2025,Credit Card,Delivered,Valid
O01909,C0095,28-04-2026,UPI,Delivered,Valid
O01910,C0423,18-07-2026,Net Banking,Cancelled,Valid
O01911,C0047,08-07-2025,Credit Card,Delivered,Valid
O01912,C0079,30-07-2025,Credit Card,Delivered,Valid
O01913,C0185,22-11-2025,UPI,Delivered,Valid
O01914,C0359,05-05-2026,Credit Card,Delivered,Valid
O01915,C0133,07-05-2026,COD,Delivered,Valid
O01916,C0674,01-09-2025,UPI,Delivered,Valid
O01917,C0257,05-04-2026,Credit Card,Delivered,Valid
O01918,C0723,12-07-2026,Debit Card,Delivered,Valid
O01919,C0455,01-07-2026,Debit Card,Delivered,Valid
O01920,C0799,09-04-2026,Debit Card,Returned,Valid
O01921,C0251,27-03-2026,Debit Card,Delivered,Valid
O01922,C0715,04-04-2026,Net Banking,Delivered,Valid
O01923,C0056,25-12-2025,COD,Processing,Valid
O01924,C0637,06-03-2026,Debit Card,Delivered,Valid
O01925,C0209,09-09-2025,Net Banking,Delivered,Valid
O01926,C0313,15-07-2026,Net Banking,Delivered,Valid
O01927,C0126,07-01-2026,Credit Card,Delivered,Valid
O01928,C0241,23-06-2026,COD,Returned,Valid
O01929,C0783,18-02-2026,UPI,Delivered,Valid
O01930,C0511,18-07-2025,Debit Card,Delivered,Valid
O01931,C0603,13-01-2026,Debit Card,Delivered,Valid
O01932,C0062,20-11-2025,Net Banking,Delivered,Valid
O01933,C0508,10-07-2025,COD,Delivered,Valid
O01934,C0455,23-07-2025,Credit Card,Delivered,Valid
O01935,C0389,03-10-2025,COD,Delivered,Valid
O01936,C0054,04-06-2026,Debit Card,Delivered,Valid
O01937,C0555,26-07-2026,Debit Card,Delivered,Valid
O01938,C0624,22-07-2026,Debit Card,Delivered,Valid
O01939,C0772,29-04-2026,Credit Card,Processing,Valid
O01940,C0029,22-12-2025,Net Banking,Delivered,Valid
O01941,C0438,09-07-2026,UPI,Delivered,Valid
O01942,C0567,15-01-2026,Debit Card,Delivered,Valid
O01943,C0475,03-02-2026,Net Banking,Processing,Valid
O01944,C0582,29-07-2026,Net Banking,Delivered,Valid
O01945,C0167,12-01-2026,COD,Processing,Valid
O01946,C0244,06-09-2025,UPI,Delivered,Valid
O01947,C0699,18-11-2025,UPI,Delivered,Valid
O01948,C0790,04-04-2026,Debit Card,Delivered,Valid
O01949,C0585,19-01-2026,UPI,Cancelled,Valid
O01950,C0281,02-01-2026,Debit Card,Returned,Valid
O01951,C0257,31-05-2026,Net Banking,Delivered,Valid
O01952,C0128,05-12-2025,Net Banking,Returned,Valid
O01953,C0329,13-11-2025,Credit Card,Delivered,Valid
O01954,C0474,09-07-2025,COD,Delivered,Valid
O01955,C0478,19-07-2025,Debit Card,Delivered,Valid
O01956,C0654,11-04-2026,Credit Card,Delivered,Valid
O01957,C0060,23-04-2026,UPI,Delivered,Valid
O01958,C0625,09-04-2026,Debit Card,Delivered,Valid
O01959,C0452,01-10-2025,Debit Card,Processing,Valid
O01960,C0283,10-11-2025,COD,Delivered,Valid
O01961,C0233,19-05-2026,Credit Card,Delivered,Valid
O01962,C0633,01-06-2026,UPI,Delivered,Valid
O01963,C0118,01-06-2026,UPI,Delivered,Valid
O01964,C0701,17-03-2026,COD,Cancelled,Valid
O01965,C0325,22-07-2025,Net Banking,Processing,Valid
O01966,C0234,01-08-2025,Debit Card,Delivered,Valid
O01967,C0017,13-06-2026,Debit Card,Delivered,Valid
O01968,C0736,23-07-2025,Net Banking,Delivered,Valid
O01969,C0359,25-08-2025,UPI,Delivered,Valid
O01970,C0455,27-08-2025,Net Banking,Delivered,Valid
O01971,C0243,13-10-2025,Debit Card,Cancelled,Valid
O01972,C0381,14-06-2026,COD,Delivered,Valid
O01973,C0658,04-02-2026,Debit Card,Delivered,Valid
O01974,C0026,15-12-2025,Net Banking,Delivered,Valid
O01975,C0344,25-01-2026,Debit Card,Delivered,Valid
O01976,C0302,15-05-2026,UPI,Delivered,Valid
O01977,C0378,23-07-2025,Debit Card,Delivered,Valid
O01978,C0606,14-07-2025,UPI,Cancelled,Valid
O01979,C0217,08-12-2025,Net Banking,Processing,Valid
O01980,C0800,15-07-2026,Net Banking,Cancelled,Valid
O01981,C0730,24-12-2025,Credit Card,Delivered,Valid
O01982,C0597,17-07-2025,Credit Card,Delivered,Valid
O01983,C0781,29-05-2026,UPI,Delivered,Valid
O01984,C0230,16-04-2026,Net Banking,Cancelled,Valid
O01985,C0646,07-04-2026,COD,Delivered,Valid
O01986,C0751,01-09-2025,Net Banking,Delivered,Valid
O01987,C0622,27-02-2026,Net Banking,Delivered,Valid
O01988,C0452,10-12-2025,Debit Card,Delivered,Valid
O01989,C0590,28-11-2025,Credit Card,Delivered,Valid
O01990,C0249,29-07-2026,Debit Card,Delivered,Valid
O01991,C0467,09-12-2025,UPI,Returned,Valid
O01992,C0247,13-02-2026,COD,Delivered,Valid
O01993,C0082,28-12-2025,Net Banking,Delivered,Valid
O01994,C0079,02-01-2026,COD,Cancelled,Valid
O01995,C0236,15-02-2026,COD,Delivered,Valid
O01996,C0584,03-09-2025,Net Banking,Delivered,Valid
O01997,C0796,25-01-2026,Net Banking,Returned,Valid
O01998,C0142,07-05-2026,Debit Card,Delivered,Valid
O01999,C0350,08-12-2025,UPI,Delivered,Valid
O02000,C0419,01-02-2026,Net Banking,Delivered,Valid
O02001,C0590,11-03-2026,Credit Card,Delivered,Valid
O02002,C0465,08-07-2025,Credit Card,Delivered,Valid
O02003,C0429,12-11-2025,Net Banking,Processing,Valid
O02004,C0482,16-07-2026,UPI,Delivered,Valid
O02005,C0035,06-02-2026,UPI,Returned,Valid
O02006,C0171,07-08-2025,Credit Card,Delivered,Valid
O02007,C0543,15-01-2026,COD,Delivered,Valid
O02008,C0131,22-01-2026,Net Banking,Delivered,Valid
O02009,C0730,28-11-2025,UPI,Delivered,Valid
O02010,C0345,29-04-2026,Net Banking,Cancelled,Valid
O02011,C0111,05-07-2026,UPI,Delivered,Valid
O02012,C0757,29-12-2025,COD,Delivered,Valid
O02013,C0646,16-02-2026,COD,Delivered,Valid
O02014,C0776,02-03-2026,,Processing,Valid
O02015,C0188,06-07-2026,Net Banking,Delivered,Valid
O02016,C0086,16-09-2025,UPI,Cancelled,Valid
O02017,C0608,06-01-2026,COD,Delivered,Valid
O02018,C0329,10-02-2026,Credit Card,Delivered,Valid
O02019,C0740,28-04-2026,Debit Card,Processing,Valid
O02020,C0100,27-10-2025,Debit Card,Delivered,Valid
O02021,C0350,25-07-2025,Net Banking,Delivered,Valid
O02022,C0538,23-04-2026,Net Banking,Delivered,Valid
O02023,C0293,13-12-2025,COD,Delivered,Valid
O02024,C0776,30-09-2025,Credit Card,Delivered,Valid
O02025,C0753,10-07-2026,Credit Card,Delivered,Valid
O02026,C0532,20-11-2025,Net Banking,Cancelled,Valid
O02027,C0322,20-08-2025,Debit Card,Delivered,Valid
O02028,C0170,30-08-2025,Debit Card,Delivered,Valid
O02029,C0499,10-02-2026,Credit Card,Delivered,Valid
O02030,C0296,10-11-2025,Net Banking,Processing,Valid
O02031,C0109,27-10-2025,Debit Card,Delivered,Valid
O02032,C0099,14-10-2025,Net Banking,Delivered,Valid
O02033,C0773,25-09-2025,UPI,Cancelled,Valid
O02034,C0041,03-04-2026,Net Banking,Delivered,Valid
O02035,C0007,08-03-2026,UPI,Delivered,Valid
O02036,C0209,22-11-2025,Net Banking,Delivered,Valid
O02037,C0750,13-02-2026,Net Banking,Delivered,Valid
O02038,C0465,29-11-2025,UPI,Processing,Valid
O02039,C0724,31-08-2025,COD,Delivered,Valid
O02040,C0506,12-11-2025,UPI,Delivered,Valid
O02041,C0286,10-07-2026,UPI,Delivered,Valid
O02042,C0081,17-07-2026,Credit Card,Processing,Valid
O02043,C0077,15-12-2025,Credit Card,Delivered,Valid
O02044,C0344,19-11-2025,COD,Cancelled,Valid
O02045,C0754,20-03-2026,UPI,Processing,Valid
O02046,C0705,09-12-2025,UPI,Delivered,Valid
O02047,C0103,27-06-2026,Net Banking,Delivered,Valid
O02048,C0195,12-04-2026,UPI,Cancelled,Valid
O02049,C0643,05-07-2025,Credit Card,Delivered,Valid
O02050,C0601,09-01-2026,Credit Card,Returned,Valid
O02051,C0201,13-11-2025,COD,Delivered,Valid
O02052,C0497,04-10-2025,COD,Delivered,Valid
O02053,C0135,10-10-2025,UPI,Delivered,Valid
O02054,C0741,19-07-2026,Credit Card,Delivered,Valid
O02055,C0445,04-08-2025,COD,Delivered,Valid
O02056,C0626,15-10-2025,Credit Card,Delivered,Valid
O02057,C0429,18-06-2026,Debit Card,Cancelled,Valid
O02058,C0390,20-05-2026,Net Banking,Delivered,Valid
O02059,C0654,26-12-2025,COD,Delivered,Valid
O02060,C0673,01-10-2025,Debit Card,Delivered,Valid
O02061,C0300,08-06-2026,COD,Delivered,Valid
O02062,C0646,17-01-2026,Net Banking,Delivered,Valid
O02063,C0557,04-03-2026,Debit Card,Delivered,Valid
O02064,C0225,27-08-2025,Debit Card,Delivered,Valid
O02065,C0458,14-12-2025,Credit Card,Returned,Valid
O02066,C0436,29-08-2025,Credit Card,Delivered,Valid
O02067,C0327,04-06-2026,UPI,Delivered,Valid
O02068,C0714,20-01-2026,Credit Card,Processing,Valid
O02069,C0496,08-03-2026,Net Banking,Delivered,Valid
O02070,C0704,29-10-2025,UPI,Delivered,Valid
O02071,C0275,17-03-2026,Credit Card,Delivered,Valid
O02072,C0063,14-04-2026,Debit Card,Delivered,Valid
O02073,C0692,10-12-2025,COD,Delivered,Valid
O02074,C0453,03-02-2026,COD,Delivered,Valid
O02075,C0056,15-11-2025,COD,Processing,Valid
O02076,C0225,21-12-2025,UPI,Delivered,Valid
O02077,C0459,26-01-2026,Credit Card,Cancelled,Valid
O02078,C0171,01-04-2026,Credit Card,Processing,Valid
O02079,C0641,26-08-2025,Net Banking,Cancelled,Valid
O02080,C0338,05-09-2025,Net Banking,Delivered,Valid
O02081,C0021,05-07-2026,UPI,Delivered,Valid
O02082,C0093,26-06-2026,Debit Card,Delivered,Valid
O02083,C0786,28-07-2026,Net Banking,Delivered,Valid
O02084,C0671,26-07-2025,Net Banking,Delivered,Valid
O02085,C0371,01-04-2026,Credit Card,Delivered,Valid
O02086,C0549,19-01-2026,Credit Card,Delivered,Valid
O02087,C0166,08-01-2026,Debit Card,Delivered,Valid
O02088,C0221,10-04-2026,Credit Card,Delivered,Valid
O02089,C0037,11-07-2025,Net Banking,Delivered,Valid
O02090,C0514,20-01-2026,COD,Delivered,Valid
O02091,C0161,22-11-2025,Debit Card,Delivered,Valid
O02092,C0236,20-05-2026,Credit Card,Delivered,Valid
O02093,C0279,19-07-2026,UPI,Delivered,Valid
O02094,C0672,22-01-2026,Credit Card,,Valid
O02095,C0277,13-08-2025,UPI,Delivered,Valid
O02096,C0517,05-07-2026,COD,Delivered,Valid
O02097,,16-07-2026,Net Banking,Cancelled,Missing
O02098,C0156,18-08-2025,Net Banking,Delivered,Valid
O02099,C0199,07-05-2026,Debit Card,Delivered,Valid
O02100,C0436,20-03-2026,UPI,Delivered,Valid
O02101,C0281,20-02-2026,Credit Card,Delivered,Valid
O02102,C0271,01-06-2026,Net Banking,Delivered,Valid
O02103,C0386,27-11-2025,COD,Delivered,Valid
O02104,C0228,25-01-2026,Net Banking,Delivered,Valid
O02105,C0495,23-11-2025,Net Banking,Delivered,Valid
O02106,C0251,12-01-2026,UPI,Delivered,Valid
O02107,C0746,18-01-2026,Debit Card,Processing,Valid
O02108,C0560,01-07-2026,UPI,Delivered,Valid
O02109,C0230,22-04-2026,UPI,Delivered,Valid
O02110,C0790,27-10-2025,COD,Delivered,Valid
O02111,C0489,15-04-2026,UPI,Returned,Valid
O02112,C0319,18-12-2025,Credit Card,Cancelled,Valid
O02113,C0086,18-08-2025,Net Banking,Delivered,Valid
O02114,C0213,08-03-2026,Net Banking,Delivered,Valid
O02115,C0086,11-09-2025,COD,Cancelled,Valid
O02116,C0485,25-03-2026,Net Banking,Processing,Valid
O02117,C0239,31-07-2025,COD,Delivered,Valid
O02118,C0422,07-12-2025,Debit Card,Delivered,Valid
O02119,C0038,12-12-2025,Net Banking,Cancelled,Valid
O02120,C0417,03-07-2025,Debit Card,Returned,Valid
O02121,C0215,22-07-2026,Net Banking,Delivered,Valid
O02122,C0559,13-03-2026,Debit Card,Returned,Valid
O02123,C0242,12-12-2025,COD,Processing,Valid
O02124,C0495,21-03-2026,Net Banking,Processing,Valid
O02125,C0751,11-08-2025,UPI,Delivered,Valid
O02126,C0717,09-08-2025,COD,Delivered,Valid
O02127,C0776,07-07-2025,Credit Card,Delivered,Valid
O02128,C0767,01-09-2025,Credit Card,Delivered,Valid
O02129,C0449,28-08-2025,UPI,Delivered,Valid
O02130,C0508,26-09-2025,Net Banking,Delivered,Valid
O02131,C0144,19-07-2026,Net Banking,Delivered,Valid
O02132,C0409,05-07-2025,Debit Card,Delivered,Valid
O02133,C0446,28-11-2025,Debit Card,Delivered,Valid
O02134,C0331,11-05-2026,Debit Card,Cancelled,Valid
O02135,C0666,23-09-2025,Credit Card,Delivered,Valid
O02136,C0536,16-06-2026,Credit Card,Cancelled,Valid
O02137,C0732,07-01-2026,Net Banking,Cancelled,Valid
O02138,C0258,27-02-2026,COD,Delivered,Valid
O02139,C0339,18-07-2026,Credit Card,Delivered,Valid
O02140,C0537,02-07-2026,COD,Delivered,Valid
O02141,C0326,30-01-2026,Credit Card,Delivered,Valid
O02142,C0482,04-08-2025,UPI,Delivered,Valid
O02143,C0719,05-10-2025,Credit Card,Returned,Valid
O02144,C0097,02-04-2026,COD,Delivered,Valid
O02145,C0097,01-08-2025,Net Banking,Delivered,Valid
O02146,C0609,19-09-2025,UPI,Delivered,Valid
O02147,C0652,13-04-2026,Credit Card,Delivered,Valid
O02148,C0644,08-07-2025,Credit Card,Delivered,Valid
O02149,C0292,04-02-2026,Net Banking,Processing,Valid
O02150,C0314,05-01-2026,Net Banking,Processing,Valid
O02151,C0413,08-11-2025,Net Banking,Delivered,Valid
O02152,C0657,03-06-2026,Credit Card,Delivered,Valid
O02153,C0607,17-09-2025,UPI,Processing,Valid
O02154,C0222,21-11-2025,Credit Card,Delivered,Valid
O02155,C0578,22-08-2025,Credit Card,Delivered,Valid
O02156,C0602,27-05-2026,COD,Delivered,Valid
O02157,C0590,31-07-2026,Net Banking,Cancelled,Valid
O02158,C0284,13-07-2026,Net Banking,Returned,Valid
O02159,C0485,16-10-2025,Credit Card,Delivered,Valid
O02160,C0238,19-10-2025,UPI,Cancelled,Valid
O02161,C0151,12-09-2025,Credit Card,Delivered,Valid
O02162,C0001,13-12-2025,UPI,Delivered,Valid
O02163,C0141,19-03-2026,COD,Delivered,Valid
O02164,C0681,27-02-2026,Debit Card,Delivered,Valid
O02165,C0513,25-07-2026,UPI,Delivered,Valid
O02166,C0574,18-01-2026,COD,Processing,Valid
O02167,C0395,27-06-2026,COD,Delivered,Valid
O02168,C0320,25-03-2026,Debit Card,Delivered,Valid
O02169,C0081,06-05-2026,Credit Card,Delivered,Valid
O02170,C0649,20-11-2025,Credit Card,Delivered,Valid
O02171,C0574,12-02-2026,COD,Returned,Valid
O02172,C0257,16-06-2026,UPI,Delivered,Valid
O02173,C0446,30-05-2026,Debit Card,Delivered,Valid
O02174,C0026,04-01-2026,COD,Processing,Valid
O02175,C0687,25-12-2025,COD,Delivered,Valid
O02176,C0632,13-04-2026,Credit Card,Delivered,Valid
O02177,C0384,30-09-2025,UPI,Delivered,Valid
O02178,C0453,01-01-2026,Net Banking,Delivered,Valid
O02179,C0006,27-04-2026,Debit Card,Delivered,Valid
O02180,C0097,05-01-2026,Debit Card,Delivered,Valid
O02181,C0014,07-05-2026,Debit Card,Delivered,Valid
O02182,C0663,18-11-2025,COD,Delivered,Valid
O02183,C0045,22-06-2026,Debit Card,Delivered,Valid
O02184,C0641,30-07-2025,Net Banking,Delivered,Valid
O02185,C0736,27-02-2026,Net Banking,Cancelled,Valid
O02186,C0466,09-03-2026,Credit Card,Delivered,Valid
O02187,C0768,28-05-2026,Net Banking,Delivered,Valid
O02188,C0040,06-01-2026,UPI,Cancelled,Valid
O02189,C0731,17-09-2025,Credit Card,Delivered,Valid
O02190,C0085,31-01-2026,UPI,Delivered,Valid
O02191,C0455,23-05-2026,UPI,Delivered,Valid
O02192,C0100,05-04-2026,Debit Card,Delivered,Valid
O02193,C0671,11-05-2026,UPI,Delivered,Valid
O02194,C0689,10-12-2025,Credit Card,Cancelled,Valid
O02195,C0740,04-01-2026,Net Banking,Delivered,Valid
O02196,C0681,23-01-2026,COD,Returned,Valid
O02197,C0686,01-08-2025,UPI,Delivered,Valid
O02198,C0780,14-03-2026,Credit Card,Processing,Valid
O02199,C0274,12-08-2025,Credit Card,Delivered,Valid
O02200,C0046,19-11-2025,Net Banking,Delivered,Valid
O02201,C0706,16-03-2026,COD,Delivered,Valid
O02202,C0651,18-07-2026,UPI,Delivered,Valid
O02203,C0281,14-04-2026,Debit Card,Delivered,Valid
O02204,C0350,24-02-2026,Net Banking,Returned,Valid
O02205,C0089,16-04-2026,COD,Delivered,Valid
O02206,C0120,16-08-2025,Credit Card,Processing,Valid
O02207,C0089,04-10-2025,Debit Card,Cancelled,Valid
O02208,C0642,11-07-2025,Credit Card,Delivered,Valid
O02209,C0223,23-05-2026,Debit Card,Delivered,Valid
O02210,C0084,06-07-2026,Credit Card,Delivered,Valid
O02211,C0698,25-05-2026,Credit Card,Processing,Valid
O02212,C0774,13-07-2026,Credit Card,Delivered,Valid
O02213,C0055,11-01-2026,Debit Card,Delivered,Valid
O02214,C0286,10-09-2025,Net Banking,Delivered,Valid
O02215,C0424,24-10-2025,Credit Card,Delivered,Valid
O02216,C0205,29-09-2025,Debit Card,Delivered,Valid
O02217,C0715,11-02-2026,Debit Card,Delivered,Valid
O02218,C0502,29-12-2025,Net Banking,Delivered,Valid
O02219,C0358,31-07-2026,Net Banking,Delivered,Valid
O02220,C0647,17-06-2026,Credit Card,Delivered,Valid
O02221,C0600,14-01-2026,Credit Card,Delivered,Valid
O02222,C0583,16-10-2025,COD,Delivered,Valid
O02223,C0662,15-06-2026,Debit Card,Delivered,Valid
O02224,C0351,24-06-2026,Net Banking,Delivered,Valid
O02225,C0761,15-11-2025,UPI,Delivered,Valid
O02226,C0792,16-10-2025,Debit Card,Delivered,Valid
O02227,C0479,11-11-2025,UPI,Delivered,Valid
O02228,C0530,03-06-2026,Credit Card,Delivered,Valid
O02229,C0144,25-02-2026,Net Banking,Delivered,Valid
O02230,C0382,15-04-2026,COD,Returned,Valid
O02231,C0603,18-07-2025,Debit Card,Returned,Valid
O02232,C0108,19-05-2026,Debit Card,Delivered,Valid
O02233,C0163,01-02-2026,COD,Delivered,Valid
O02234,C0345,28-05-2026,UPI,Delivered,Valid
O02235,C0367,04-12-2025,Credit Card,Delivered,Valid
O02236,C0560,04-10-2025,UPI,Delivered,Valid
O02237,C0632,19-02-2026,Net Banking,Cancelled,Valid
O02238,C0712,08-02-2026,COD,Delivered,Valid
O02239,C0250,07-11-2025,Debit Card,Cancelled,Valid
O02240,C0346,05-03-2026,COD,Delivered,Valid
O02241,C0042,28-10-2025,Net Banking,Delivered,Valid
O02242,C0432,04-02-2026,Debit Card,Cancelled,Valid
O02243,C0411,30-04-2026,UPI,Delivered,Valid
O02244,C0525,24-09-2025,Debit Card,Cancelled,Valid
O02245,C0715,26-03-2026,Credit Card,Cancelled,Valid
O02246,C0770,10-09-2025,Credit Card,Returned,Valid
O02247,C0342,28-07-2025,UPI,Delivered,Valid
O02248,C0785,11-09-2025,Debit Card,Delivered,Valid
O02249,C0406,23-09-2025,COD,Delivered,Valid
O02250,C0675,14-09-2025,Credit Card,Delivered,Valid
O02251,C0309,05-12-2025,UPI,Delivered,Valid
O02252,C0242,13-10-2025,COD,Delivered,Valid
O02253,C0742,03-11-2025,,Returned,Valid
O02254,C0569,08-01-2026,UPI,Delivered,Valid
O02255,C0164,24-12-2025,UPI,Delivered,Valid
O02256,C0564,17-06-2026,COD,Returned,Valid
O02257,C0218,27-02-2026,COD,Delivered,Valid
O02258,C0724,02-11-2025,UPI,Delivered,Valid
O02259,C0132,10-12-2025,Credit Card,Delivered,Valid
O02260,C0792,15-12-2025,Debit Card,Returned,Valid
O02261,C0748,03-02-2026,Net Banking,Delivered,Valid
O02262,C0547,06-08-2025,Debit Card,Delivered,Valid
O02263,C0686,15-07-2026,Net Banking,Delivered,Valid
O02264,C0228,08-05-2026,Credit Card,Processing,Valid
O02265,C0241,05-01-2026,Debit Card,Delivered,Valid
O02266,C0514,01-07-2025,Net Banking,Cancelled,Valid
O02267,C0770,20-01-2026,UPI,Returned,Valid
O02268,C0236,09-09-2025,COD,Delivered,Valid
O02269,C0046,17-10-2025,Debit Card,Delivered,Valid
O02270,C0096,21-12-2025,COD,Returned,Valid
O02271,C0185,03-02-2026,Credit Card,Delivered,Valid
O02272,C0319,15-01-2026,COD,Delivered,Valid
O02273,C0268,01-02-2026,Credit Card,Delivered,Valid
O02274,C0408,15-06-2026,Net Banking,Delivered,Valid
O02275,C0477,12-08-2025,Debit Card,Returned,Valid
O02276,C0751,21-08-2025,COD,Delivered,Valid
O02277,C0165,11-12-2025,Credit Card,Cancelled,Valid
O02278,C0520,13-01-2026,COD,Delivered,Valid
O02279,C0498,31-05-2026,COD,Delivered,Valid
O02280,C0790,28-07-2025,Debit Card,Delivered,Valid
O02281,C0265,15-07-2026,UPI,Cancelled,Valid
O02282,C0462,15-03-2026,Debit Card,Processing,Valid
O02283,C0485,30-06-2026,Debit Card,Delivered,Valid
O02284,C0374,27-08-2025,Credit Card,Delivered,Valid
O02285,C0545,24-07-2026,COD,Returned,Valid
O02286,C0082,15-09-2025,UPI,Delivered,Valid
O02287,C0725,29-04-2026,Debit Card,Delivered,Valid
O02288,C0528,11-05-2026,COD,Delivered,Valid
O02289,C0050,23-02-2026,Debit Card,Delivered,Valid
O02290,C0125,08-03-2026,COD,Delivered,Valid
O02291,C0052,03-05-2026,Debit Card,Delivered,Valid
O02292,C0436,20-12-2025,Debit Card,Processing,Valid
O02293,C0025,04-04-2026,Debit Card,Delivered,Valid
O02294,C0301,30-12-2025,COD,Delivered,Valid
O02295,C0458,14-12-2025,Debit Card,Cancelled,Valid
O02296,C0037,02-05-2026,UPI,Delivered,Valid
O02297,C0750,19-07-2025,Net Banking,Processing,Valid
O02298,C0406,05-11-2025,Credit Card,Delivered,Valid
O02299,C0548,18-08-2025,Credit Card,Processing,Valid
O02300,C0149,21-05-2026,COD,Delivered,Valid
O02301,C0282,24-12-2025,COD,Returned,Valid
O02302,C0633,02-11-2025,Net Banking,Cancelled,Valid
O02303,C0470,21-07-2025,UPI,Delivered,Valid
O02304,C0382,20-07-2025,Credit Card,Cancelled,Valid
O02305,C0742,23-05-2026,UPI,Delivered,Valid
O02306,C0525,07-07-2026,UPI,Delivered,Valid
O02307,C0653,19-07-2026,Debit Card,Delivered,Valid
O02308,C0411,12-07-2025,Credit Card,Processing,Valid
O02309,C0264,05-07-2026,UPI,Delivered,Valid
O02310,C0120,07-10-2025,Net Banking,Delivered,Valid
O02311,C0311,12-05-2026,Net Banking,Delivered,Valid
O02312,C0250,21-06-2026,UPI,Delivered,Valid
O02313,C0588,28-02-2026,Credit Card,Processing,Valid
O02314,C0448,18-11-2025,Credit Card,Delivered,Valid
O02315,C0514,09-06-2026,UPI,Cancelled,Valid
O02316,C0409,01-10-2025,Debit Card,Delivered,Valid
O02317,C0006,25-01-2026,Credit Card,Delivered,Valid
O02318,C0425,02-06-2026,Credit Card,Delivered,Valid
O02319,C0274,22-02-2026,Net Banking,Cancelled,Valid
O02320,C0326,19-08-2025,Credit Card,Delivered,Valid
O02321,C0019,29-06-2026,Debit Card,Delivered,Valid
O02322,C0066,31/02/2026,Debit Card,Processing,Valid
O02323,C0730,08-05-2026,COD,Cancelled,Valid
O02324,C0431,22-05-2026,Net Banking,Delivered,Valid
O02325,C0555,16-01-2026,COD,Delivered,Valid
O02326,C0013,23-12-2025,Debit Card,Delivered,Valid
O02327,C0355,13-02-2026,Credit Card,Delivered,Valid
O02328,C0761,13-03-2026,Credit Card,Delivered,Valid
O02329,C0715,26-09-2025,COD,Delivered,Valid
O02330,C0413,17-07-2025,Net Banking,Delivered,Valid
O02331,C0647,07-03-2026,Net Banking,Delivered,Valid
O02332,C0086,15-10-2025,Net Banking,Delivered,Valid
O02333,C0312,27-11-2025,Debit Card,Delivered,Valid
O02334,C0691,25-02-2026,UPI,Delivered,Valid
O02335,C0640,26-04-2026,Credit Card,Cancelled,Valid
O02336,C0361,16-04-2026,COD,Delivered,Valid
O02337,C0784,12-07-2025,Debit Card,Delivered,Valid
O02338,C0762,09-03-2026,Credit Card,Delivered,Valid
O02339,C0551,06-09-2025,COD,Cancelled,Valid
O02340,C0127,19-08-2025,COD,Delivered,Valid
O02341,C0217,26-08-2025,Net Banking,Delivered,Valid
O02342,C0183,20-09-2025,COD,Delivered,Valid
O02343,C0419,28-12-2025,Credit Card,Delivered,Valid
O02344,C0614,20-11-2025,Debit Card,Processing,Valid
O02345,C0372,19-05-2026,UPI,Returned,Valid
O02346,C0704,21-05-2026,Debit Card,Delivered,Valid
O02347,C0549,30-03-2026,COD,Delivered,Valid
O02348,C0414,11-03-2026,COD,Delivered,Valid
O02349,C0461,19-09-2025,Credit Card,Delivered,Valid
O02350,C0296,02-07-2025,Net Banking,Delivered,Valid
O02351,C0782,23-02-2026,Credit Card,Returned,Valid
O02352,C0101,13-01-2026,Net Banking,Returned,Valid
O02353,C0429,31-01-2026,COD,Delivered,Valid
O02354,C0652,15-07-2025,Net Banking,Delivered,Valid
O02355,C0142,09-05-2026,Net Banking,Delivered,Valid
O02356,C0083,03-05-2026,Net Banking,Processing,Valid
O02357,C0419,12-07-2025,Debit Card,Cancelled,Valid
O02358,C0256,24-09-2025,Net Banking,Cancelled,Valid
O02359,C0484,16-06-2026,UPI,Delivered,Valid
O02360,C0024,16-07-2026,Net Banking,Returned,Valid
O02361,C0399,09-04-2026,Net Banking,Delivered,Valid
O02362,C0166,20-02-2026,Debit Card,Processing,Valid
O02363,C0246,28-09-2025,COD,Processing,Valid
O02364,C0205,13-12-2025,Credit Card,Delivered,Valid
O02365,C0067,16-07-2025,Credit Card,Cancelled,Valid
O02366,C0473,21-02-2026,Credit Card,Returned,Valid
O02367,C0618,13-02-2026,Credit Card,Delivered,Valid
O02368,C0473,14-03-2026,UPI,Cancelled,Valid
O02369,C0340,20-09-2025,Credit Card,Delivered,Valid
O02370,C0740,05-08-2025,UPI,Processing,Valid
O02371,C0034,15-06-2026,COD,Delivered,Valid
O02372,C0482,14-01-2026,UPI,Delivered,Valid
O02373,C0267,02-07-2026,Net Banking,Delivered,Valid
O02374,C0733,07-05-2026,Net Banking,Processing,Valid
O02375,C0025,10-02-2026,COD,Processing,Valid
O02376,C0062,27-11-2025,COD,Processing,Valid
O02377,C0788,21-07-2025,Debit Card,Delivered,Valid
O02378,C0734,19-03-2026,COD,Delivered,Valid
O02379,C0128,23-08-2025,Credit Card,Delivered,Valid
O02380,C0777,23-04-2026,UPI,Processing,Valid
O02381,C0174,04-01-2026,COD,Returned,Valid
O02382,C0348,11-09-2025,Credit Card,Delivered,Valid
O02383,C0216,13-11-2025,UPI,Delivered,Valid
O02384,C0658,21-06-2026,UPI,Delivered,Valid
O02385,C0727,09-03-2026,Credit Card,Processing,Valid
O02386,C0267,23-12-2025,Debit Card,Returned,Valid
O02387,C0456,17-12-2025,,Returned,Valid
O02388,C0265,17-04-2026,Debit Card,Cancelled,Valid
O02389,C0037,25-07-2026,Credit Card,Delivered,Valid
O02390,C0535,25-11-2025,UPI,Delivered,Valid
O02391,C0380,15-04-2026,Debit Card,Processing,Valid
O02392,C0299,05-12-2025,Credit Card,Cancelled,Valid
O02393,C0650,04-12-2025,COD,Processing,Valid
O02394,C0451,10-06-2026,Debit Card,Delivered,Valid
O02395,C0762,21-06-2026,Credit Card,Delivered,Valid
O02396,C0623,27-11-2025,COD,Delivered,Valid
O02397,C0653,25-10-2025,UPI,Delivered,Valid
O02398,C0598,03-12-2025,Credit Card,Cancelled,Valid
O02399,C0013,10-11-2025,Debit Card,Processing,Valid
O02400,C0521,17-07-2026,Net Banking,Delivered,Valid
O02401,C0489,13-05-2026,Credit Card,Delivered,Valid
O02402,C0660,18-09-2025,Net Banking,Delivered,Valid
O02403,C0322,25-03-2026,Debit Card,Delivered,Valid
O02404,C0497,28-05-2026,Credit Card,Delivered,Valid
O02405,C0494,28-09-2025,COD,Delivered,Valid
O02406,C0015,08-06-2026,UPI,Delivered,Valid
O02407,C0231,06-12-2025,Credit Card,Delivered,Valid
O02408,C0154,20-11-2025,Net Banking,Processing,Valid
O02409,C0747,31-08-2025,Credit Card,Delivered,Valid
O02410,C0511,21-02-2026,Net Banking,Cancelled,Valid
O02411,C0013,18-07-2026,Net Banking,Delivered,Valid
O02412,C0760,12-10-2025,Debit Card,Returned,Valid
O02413,C0034,21-01-2026,UPI,Delivered,Valid
O02414,C0520,04-08-2025,Debit Card,Delivered,Valid
O02415,C0548,15-07-2026,Net Banking,Delivered,Valid
O02416,C0058,14-02-2026,,Delivered,Valid
O02417,C0254,03-11-2025,Debit Card,Processing,Valid
O02418,C0188,19-06-2026,Credit Card,Delivered,Valid
O02419,C0707,03-07-2026,COD,Delivered,Valid
O02420,C0042,08-05-2026,Debit Card,Delivered,Valid
O02421,C0285,16-08-2025,Credit Card,Processing,Valid
O02422,C0066,06-09-2025,Net Banking,Delivered,Valid
O02423,C0063,15-10-2025,Credit Card,Delivered,Valid
O02424,C0600,25-07-2026,Net Banking,Delivered,Valid
O02425,C0476,20-08-2025,Net Banking,Delivered,Valid
O02426,C0327,21-05-2026,UPI,Delivered,Valid
O02427,C0490,29-08-2025,COD,Delivered,Valid
O02428,C0488,10-10-2025,UPI,Delivered,Valid
O02429,C0604,19-10-2025,Net Banking,Delivered,Valid
O02430,C0308,18-04-2026,UPI,Cancelled,Valid
O02431,C0441,27-08-2025,COD,Processing,Valid
O02432,C0659,08-10-2025,Net Banking,Cancelled,Valid
O02433,C0630,22-07-2026,COD,Delivered,Valid
O02434,C0258,22-07-2026,COD,Cancelled,Valid
O02435,C0278,10-03-2026,Credit Card,Delivered,Valid
O02436,C0520,05-03-2026,Net Banking,Delivered,Valid
O02437,C0661,01-12-2025,Debit Card,Delivered,Valid
O02438,C0255,22-12-2025,Debit Card,Returned,Valid
O02439,C0575,15-03-2026,Debit Card,Cancelled,Valid
O02440,C0451,27-08-2025,Credit Card,Delivered,Valid
O02441,C0007,11-12-2025,Net Banking,Delivered,Valid
O02442,C0508,22-09-2025,Credit Card,Delivered,Valid
O02443,C0779,07-02-2026,Debit Card,Delivered,Valid
O02444,C0454,23-12-2025,Net Banking,Delivered,Valid
O02445,C0199,25-08-2025,Credit Card,Delivered,Valid
O02446,C0315,14-03-2026,Debit Card,Delivered,Valid
O02447,C0785,29-03-2026,COD,Delivered,Valid
O02448,C0702,01-12-2025,Net Banking,Delivered,Valid
O02449,C0585,10-06-2026,Credit Card,Delivered,Valid
O02450,C0161,07-10-2025,COD,Delivered,Valid
O02451,C0162,09-05-2026,Credit Card,Delivered,Valid
O02452,C0529,28-02-2026,Net Banking,Delivered,Valid
O02453,C0799,07-07-2026,Debit Card,Delivered,Valid
O02454,C0270,27-02-2026,Debit Card,Delivered,Valid
O02455,C0149,04-12-2025,Debit Card,Processing,Valid
O02456,C0363,17-07-2026,Debit Card,Delivered,Valid
O02457,C0316,03-02-2026,Net Banking,Delivered,Valid
O02458,C0781,30-01-2026,UPI,Processing,Valid
O02459,C0414,29-07-2025,COD,Delivered,Valid
O02460,C0662,10-09-2025,COD,Processing,Valid
O02461,C0281,10-07-2025,Credit Card,Delivered,Valid
O02462,C0678,02-07-2026,Debit Card,Delivered,Valid
O02463,C0383,13-07-2025,Debit Card,Delivered,Valid
O02464,C0392,14-12-2025,Net Banking,Delivered,Valid
O02465,C0757,11-10-2025,Credit Card,Cancelled,Valid
O02466,C0516,11-02-2026,Debit Card,Delivered,Valid
O02467,C0077,02-11-2025,Credit Card,Delivered,Valid
O02468,C0741,03-03-2026,Net Banking,Delivered,Valid
O02469,C0048,03-06-2026,COD,Returned,Valid
O02470,C0724,07-03-2026,Credit Card,Delivered,Valid
O02471,C0622,27-04-2026,COD,Delivered,Valid
O02472,,29-07-2025,Debit Card,Delivered,Missing
O02473,C0551,06-01-2026,COD,Delivered,Valid
O02474,C0114,27-02-2026,Credit Card,Processing,Valid
O02475,C0076,14-12-2025,COD,Delivered,Valid
O02476,C0155,28-04-2026,Debit Card,Cancelled,Valid
O02477,C0205,14-04-2026,UPI,Delivered,Valid
O02478,C0252,15-12-2025,Net Banking,Delivered,Valid
O02479,C0782,04-06-2026,Debit Card,Delivered,Valid
O02480,C0544,27-11-2025,UPI,Delivered,Valid
O02481,C0791,30-07-2026,UPI,Returned,Valid
O02482,C0729,14-07-2026,Debit Card,Delivered,Valid
O02483,C0792,14-02-2026,Credit Card,Delivered,Valid
O02484,C0329,25-02-2026,Credit Card,Delivered,Valid
O02485,C0371,18-12-2025,Credit Card,Returned,Valid
O02486,C0721,10-11-2025,Debit Card,Cancelled,Valid
O02487,C0766,12-07-2025,Credit Card,Delivered,Valid
O02488,C0658,27-01-2026,COD,Delivered,Valid
O02489,C0499,25-07-2025,Net Banking,Delivered,Valid
O02490,C0525,08-01-2026,UPI,Cancelled,Valid
O02491,C0448,17-07-2025,Net Banking,Delivered,Valid
O02492,C0552,09-03-2026,Debit Card,Cancelled,Valid
O02493,C0342,21-05-2026,UPI,Processing,Valid
O02494,C0078,16-04-2026,UPI,Delivered,Valid
O02495,C0800,27-08-2025,Net Banking,Delivered,Valid
O02496,C0526,14-08-2025,Net Banking,Delivered,Valid
O02497,C0625,29-05-2026,Credit Card,Processing,Valid
O02498,C0075,28-07-2026,COD,Delivered,Valid
O02499,C0477,17-02-2026,Credit Card,Returned,Valid
O02500,C0339,07-08-2025,Credit Card,Returned,Valid
O02501,C0590,21-12-2025,COD,Delivered,Valid
O02502,C0800,20-06-2026,COD,Delivered,Valid
O02503,C0412,21-04-2026,Debit Card,Delivered,Valid
O02504,C0639,16-01-2026,UPI,Delivered,Valid
O02505,C0231,13-12-2025,COD,Delivered,Valid
O02506,C0266,23-10-2025,Net Banking,Returned,Valid
O02507,C0787,15-12-2025,Net Banking,Delivered,Valid
O02508,C0670,06-06-2026,Credit Card,Processing,Valid
O02509,C0589,29-12-2025,Net Banking,Delivered,Valid
O02510,C0194,31-07-2026,Credit Card,Delivered,Valid
O02511,C0316,01-10-2025,UPI,Delivered,Valid
O02512,C0547,05-05-2026,UPI,Processing,Valid
O02513,C0131,03-04-2026,Debit Card,Delivered,Valid
O02514,C0336,09-12-2025,Credit Card,Returned,Valid
O02515,C0214,12-10-2025,Debit Card,Delivered,Valid
O02516,C0435,16-11-2025,Credit Card,Delivered,Valid
O02517,C0791,29-12-2025,UPI,Delivered,Valid
O02518,C0451,02-09-2025,COD,Delivered,Valid
O02519,C0455,16-07-2026,Credit Card,Delivered,Valid
O02520,C0051,14-02-2026,COD,Delivered,Valid
O02521,C0204,14-10-2025,COD,Cancelled,Valid
O02522,C0128,17-08-2025,Credit Card,Delivered,Valid
O02523,C0593,06-07-2026,Net Banking,Delivered,Valid
O02524,C0167,23-07-2026,Credit Card,Delivered,Valid
O02525,C0501,15-07-2026,Net Banking,Delivered,Valid
O02526,C0768,10-12-2025,COD,Delivered,Valid
O02527,C0216,16-08-2025,Net Banking,Delivered,Valid
O02528,C0490,08-11-2025,Net Banking,Delivered,Valid
O02529,C0468,09-07-2025,UPI,Delivered,Valid
O02530,C0431,21-01-2026,UPI,Delivered,Valid
O02531,C0370,06-12-2025,UPI,Delivered,Valid
O02532,C0668,01-12-2025,Credit Card,Returned,Valid
O02533,C0087,30-05-2026,COD,Delivered,Valid
O02534,C0017,18-11-2025,Debit Card,Delivered,Valid
O02535,C0145,05-11-2025,Credit Card,Cancelled,Valid
O02536,C0010,04-09-2025,Net Banking,Delivered,Valid
O02537,C0144,21-06-2026,COD,Processing,Valid
O02538,C0040,01-08-2025,Net Banking,Delivered,Valid
O02539,C0758,04-06-2026,Debit Card,Delivered,Valid
O02540,C0633,29-01-2026,Credit Card,Delivered,Valid
O02541,C0177,28-09-2025,Net Banking,Delivered,Valid
O02542,C0760,08-06-2026,Credit Card,Delivered,Valid
O02543,C0113,22-09-2025,UPI,Delivered,Valid
O02544,C0209,04-12-2025,COD,Cancelled,Valid
O02545,C0383,13-11-2025,Net Banking,Delivered,Valid
O02546,C0030,14-07-2025,Debit Card,Delivered,Valid
O02547,C0482,18-07-2025,Credit Card,Delivered,Valid
O02548,C0048,03-04-2026,COD,Processing,Valid
O02549,C0613,05-07-2026,Net Banking,Delivered,Valid
O02550,C0162,21-08-2025,UPI,Delivered,Valid
O02551,C0229,17-08-2025,COD,Delivered,Valid
O02552,C0116,01-03-2026,COD,Delivered,Valid
O02553,C0550,11-02-2026,Credit Card,Cancelled,Valid
O02554,C0653,01-07-2025,Debit Card,Delivered,Valid
O02555,C0481,09-11-2025,Credit Card,Delivered,Valid
O02556,C0673,03-04-2026,Debit Card,Cancelled,Valid
O02557,C0685,02-07-2026,UPI,Delivered,Valid
O02558,C0505,19-07-2026,Net Banking,Delivered,Valid
O02559,C0129,21-10-2025,Net Banking,Delivered,Valid
O02560,C0147,24-10-2025,UPI,Processing,Valid
O02561,C0098,03-07-2026,COD,Delivered,Valid
O02562,C0630,23-08-2025,Credit Card,Delivered,Valid
O02563,C0257,03-10-2025,Debit Card,Delivered,Valid
O02564,C0728,22-02-2026,Net Banking,Delivered,Valid
O02565,C0530,31/02/2026,Debit Card,Processing,Valid
O02566,C0135,15-12-2025,COD,Delivered,Valid
O02567,C0678,13-09-2025,Net Banking,Processing,Valid
O02568,C0036,18-07-2026,COD,Cancelled,Valid
O02569,C0050,10-10-2025,Credit Card,Delivered,Valid
O02570,C0147,21-05-2026,UPI,Delivered,Valid
O02571,C0166,20-01-2026,Debit Card,Delivered,Valid
O02572,C0586,04-03-2026,COD,Delivered,Valid
O02573,C0193,18-05-2026,Net Banking,Delivered,Valid
O02574,C0463,18-10-2025,COD,Cancelled,Valid
O02575,C0270,06-04-2026,COD,Delivered,Valid
O02576,C0763,21-11-2025,Net Banking,Delivered,Valid
O02577,C0346,04-10-2025,Debit Card,Delivered,Valid
O02578,C0500,31-07-2026,Net Banking,Delivered,Valid
O02579,C0680,19-08-2025,Debit Card,Processing,Valid
O02580,C0532,12-11-2025,UPI,Delivered,Valid
O02581,C0437,25-05-2026,UPI,Delivered,Valid
O02582,C0130,18-08-2025,Credit Card,Delivered,Valid
O02583,C0114,31-08-2025,Net Banking,Processing,Valid
O02584,C0303,03-09-2025,Debit Card,Delivered,Valid
O02585,C0464,09-02-2026,Net Banking,Delivered,Valid
O02586,C0517,02-10-2025,COD,Delivered,Valid
O02587,C0200,11-09-2025,Credit Card,Processing,Valid
O02588,C0018,10-10-2025,Debit Card,Delivered,Valid
O02589,C0616,16-09-2025,Net Banking,Delivered,Valid
O02590,C0538,25-07-2025,Net Banking,Delivered,Valid
O02591,C0553,26-10-2025,Net Banking,Delivered,Valid
O02592,C0384,20-09-2025,UPI,Returned,Valid
O02593,C0170,22-05-2026,Net Banking,Delivered,Valid
O02594,C0770,02-07-2026,Credit Card,Delivered,Valid
O02595,C0625,03-02-2026,Credit Card,Delivered,Valid
O02596,C0051,22-01-2026,Debit Card,Delivered,Valid
O02597,C0535,01-02-2026,COD,Delivered,Valid
O02598,C0330,08-09-2025,Debit Card,Delivered,Valid
O02599,C0077,06-11-2025,Net Banking,Returned,Valid
O02600,C0320,15-10-2025,Net Banking,Cancelled,Valid
O02601,C0069,31-07-2025,COD,Delivered,Valid
O02602,C0148,04-03-2026,Credit Card,Processing,Valid
O02603,C0249,17-01-2026,Credit Card,Returned,Valid
O02604,C0430,17-01-2026,Net Banking,Delivered,Valid
O02605,C0255,27-12-2025,UPI,Delivered,Valid
O02606,C0283,10-09-2025,COD,Delivered,Valid
O02607,C0744,14-07-2026,Net Banking,Returned,Valid
O02608,C0156,14-10-2025,COD,Delivered,Valid
O02609,C0689,19-11-2025,Debit Card,Delivered,Valid
O02610,C0653,30-08-2025,Net Banking,Delivered,Valid
O02611,C0537,22-08-2025,Net Banking,Delivered,Valid
O02612,C0238,04-06-2026,COD,Delivered,Valid
O02613,C0128,04-04-2026,Net Banking,Delivered,Valid
O02614,C0158,06-08-2025,Debit Card,Delivered,Valid
O02615,C0042,12-01-2026,Debit Card,Delivered,Valid
O02616,C0642,24-02-2026,COD,Cancelled,Valid
O02617,C0173,29-06-2026,COD,Processing,Valid
O02618,C0299,24-10-2025,Net Banking,Delivered,Valid
O02619,C0091,10-07-2026,Net Banking,Cancelled,Valid
O02620,C0372,01-11-2025,COD,Returned,Valid
O02621,C0443,01-02-2026,UPI,Cancelled,Valid
O02622,C0108,30-07-2026,Debit Card,Processing,Valid
O02623,C0751,19-11-2025,Debit Card,Cancelled,Valid
O02624,C0521,16-12-2025,COD,Returned,Valid
O02625,C0258,30-12-2025,UPI,Delivered,Valid
O02626,C0104,01-07-2026,COD,Delivered,Valid
O02627,C0600,11-03-2026,Credit Card,Cancelled,Valid
O02628,C0445,06-06-2026,Debit Card,Delivered,Valid
O02629,C0800,28-06-2026,COD,Delivered,Valid
O02630,C0622,16-04-2026,COD,Cancelled,Valid
O02631,C0532,07-06-2026,COD,Delivered,Valid
O02632,C0617,25-08-2025,Net Banking,Returned,Valid
O02633,C0101,21-04-2026,UPI,Delivered,Valid
O02634,C0783,31-10-2025,Debit Card,Cancelled,Valid
O02635,C0689,29-06-2026,Net Banking,Delivered,Valid
O02636,C0404,03-07-2026,UPI,Delivered,Valid
O02637,C0663,11-02-2026,COD,Cancelled,Valid
O02638,C0536,20-07-2025,COD,Cancelled,Valid
O02639,C0763,07-02-2026,UPI,Delivered,Valid
O02640,C0581,01-10-2025,UPI,Cancelled,Valid
O02641,C0337,20-08-2025,Debit Card,Delivered,Valid
O02642,C0030,09-07-2026,COD,Delivered,Valid
O02643,C0368,15-06-2026,Debit Card,Delivered,Valid
O02644,C0255,19-11-2025,COD,Delivered,Valid
O02645,C0333,20-02-2026,Debit Card,Processing,Valid
O02646,C0165,16-10-2025,Net Banking,Processing,Valid
O02647,C0561,28-05-2026,Debit Card,Processing,Valid
O02648,C0411,21-07-2026,Debit Card,Processing,Valid
O02649,C0177,13-03-2026,UPI,Delivered,Valid
O02650,C0361,12-05-2026,Net Banking,Processing,Valid
O02651,C0234,10-12-2025,Debit Card,Delivered,Valid
O02652,C0740,16-08-2025,COD,Delivered,Valid
O02653,C0637,12-03-2026,Credit Card,Processing,Valid
O02654,C0392,31/02/2026,Debit Card,Processing,Valid
O02655,C0498,27-12-2025,Debit Card,Delivered,Valid
O02656,C0371,22-07-2026,Credit Card,Delivered,Valid
O02657,C0331,09-07-2025,UPI,Delivered,Valid
O02658,C0596,06-12-2025,Net Banking,Returned,Valid
O02659,C0658,13-04-2026,Debit Card,Processing,Valid
O02660,C0574,02-04-2026,Credit Card,Delivered,Valid
O02661,C0634,22-06-2026,UPI,Delivered,Valid
O02662,C0096,16-08-2025,Net Banking,Returned,Valid
O02663,C0415,12-11-2025,Credit Card,Processing,Valid
O02664,C0349,30-03-2026,Debit Card,Delivered,Valid
O02665,C0137,14-01-2026,COD,Processing,Valid
O02666,C0301,11-05-2026,Net Banking,Delivered,Valid
O02667,C0332,24-10-2025,COD,Delivered,Valid
O02668,C0252,07-04-2026,Credit Card,Returned,Valid
O02669,,14-07-2025,COD,Delivered,Missing
O02670,C0712,21-10-2025,Credit Card,Delivered,Valid
O02671,C0451,28-05-2026,Credit Card,Delivered,Valid
O02672,C0013,29-11-2025,Credit Card,Delivered,Valid
O02673,C0627,05-03-2026,COD,Delivered,Valid
O02674,C0570,09-04-2026,Net Banking,Delivered,Valid
O02675,C0423,04-10-2025,Net Banking,Cancelled,Valid
O02676,C0410,18-05-2026,Net Banking,Delivered,Valid
O02677,C0765,11-11-2025,Debit Card,Delivered,Valid
O02678,C0442,06-01-2026,Debit Card,Delivered,Valid
O02679,C0328,03-04-2026,Debit Card,Delivered,Valid
O02680,C0710,07-09-2025,Debit Card,Returned,Valid
O02681,C0253,02-04-2026,Net Banking,Delivered,Valid
O02682,C0099,17-03-2026,COD,Delivered,Valid
O02683,C0322,23-08-2025,Net Banking,Delivered,Valid
O02684,C0738,26-12-2025,Net Banking,Delivered,Valid
O02685,C0477,15-11-2025,Net Banking,Delivered,Valid
O02686,C0472,13-05-2026,COD,Delivered,Valid
O02687,C0606,09-02-2026,UPI,Delivered,Valid
O02688,C0023,13-04-2026,COD,Delivered,Valid
O02689,C0666,30-07-2025,Debit Card,Delivered,Valid
O02690,C0724,14-09-2025,UPI,Returned,Valid
O02691,C0363,03-08-2025,Debit Card,Cancelled,Valid
O02692,C0259,08-07-2026,UPI,Processing,Valid
O02693,C0613,09-03-2026,COD,Processing,Valid
O02694,C0783,07-09-2025,COD,Delivered,Valid
O02695,C0678,17-02-2026,Debit Card,Delivered,Valid
O02696,C0714,11-06-2026,Debit Card,Delivered,Valid
O02697,C0239,18-04-2026,Net Banking,Delivered,Valid
O02698,C0148,28-07-2026,Net Banking,Returned,Valid
O02699,C0601,09-12-2025,UPI,Cancelled,Valid
O02700,C0055,30-06-2026,Debit Card,Cancelled,Valid
O02701,C0123,06-08-2025,Net Banking,Delivered,Valid
O02702,C0543,28-01-2026,Credit Card,Processing,Valid
O02703,C0200,05-11-2025,Net Banking,Processing,Valid
O02704,C0778,30-09-2025,Credit Card,Delivered,Valid
O02705,C0665,11-03-2026,UPI,Delivered,Valid
O02706,C0092,18-08-2025,COD,Cancelled,Valid
O02707,C0718,16-06-2026,COD,Delivered,Valid
O02708,C0391,22-06-2026,COD,Delivered,Valid
O02709,C0352,02-10-2025,UPI,Delivered,Valid
O02710,C0364,29-09-2025,COD,Delivered,Valid
O02711,C0512,16-08-2025,Credit Card,Delivered,Valid
O02712,C0412,11-10-2025,Credit Card,Delivered,Valid
O02713,C0663,21-05-2026,UPI,Delivered,Valid
O02714,C0463,20-07-2026,UPI,Delivered,Valid
O02715,C0264,11-07-2025,Net Banking,Delivered,Valid
O02716,C0571,31-07-2025,Debit Card,Delivered,Valid
O02717,C0173,01-07-2025,Net Banking,Delivered,Valid
O02718,C0005,15-12-2025,COD,Delivered,Valid
O02719,C0029,17-04-2026,Net Banking,Delivered,Valid
O02720,C0072,27-09-2025,Credit Card,Cancelled,Valid
O02721,C0636,13-03-2026,Credit Card,Delivered,Valid
O02722,C0224,24-12-2025,UPI,Returned,Valid
O02723,C0159,04-05-2026,Debit Card,Cancelled,Valid
O02724,C0182,11-02-2026,Credit Card,Delivered,Valid
O02725,C0153,13-02-2026,UPI,Cancelled,Valid
O02726,C0040,02-04-2026,UPI,Delivered,Valid
O02727,C0299,25-08-2025,Debit Card,Returned,Valid
O02728,C0185,29-04-2026,Net Banking,Delivered,Valid
O02729,C0103,12-03-2026,Credit Card,Cancelled,Valid
O02730,C0159,10-05-2026,Debit Card,Delivered,Valid
O02731,C0675,07-04-2026,COD,Delivered,Valid
O02732,C0120,08-06-2026,Net Banking,Delivered,Valid
O02733,C0347,04-11-2025,Debit Card,Delivered,Valid
O02734,C0246,09-03-2026,Credit Card,Delivered,Valid
O02735,C0043,31-12-2025,UPI,Delivered,Valid
O02736,C0676,28-06-2026,Net Banking,Delivered,Valid
O02737,C0533,16-08-2025,Debit Card,Delivered,Valid
O02738,C0577,21-04-2026,Net Banking,Delivered,Valid
O02739,C0404,23-07-2026,Net Banking,Returned,Valid
O02740,C0206,22-11-2025,Debit Card,Delivered,Valid
O02741,C0459,26-07-2026,Credit Card,Delivered,Valid
O02742,C0642,04-02-2026,COD,Delivered,Valid
O02743,C0387,12-08-2025,,Delivered,Valid
O02744,C0504,23-08-2025,Debit Card,Delivered,Valid
O02745,C0496,09-05-2026,COD,Delivered,Valid
O02746,C0510,30-07-2026,Debit Card,Processing,Valid
O02747,C0701,23-06-2026,UPI,Delivered,Valid
O02748,C0043,05-10-2025,UPI,Delivered,Valid
O02749,C0602,18-07-2026,Net Banking,Delivered,Valid
O02750,C0178,25-05-2026,Debit Card,Processing,Valid
O02751,C0050,31-03-2026,UPI,Delivered,Valid
O02752,,14-01-2026,Credit Card,Delivered,Missing
O02753,C0551,27-07-2025,COD,Processing,Valid
O02754,C0521,26-03-2026,Credit Card,Delivered,Valid
O02755,C0380,14-06-2026,UPI,Delivered,Valid
O02756,C0102,20-02-2026,Credit Card,Delivered,Valid
O02757,C0730,11-12-2025,UPI,Processing,Valid
O02758,C0209,11-03-2026,Credit Card,Cancelled,Valid
O02759,C0656,10-05-2026,UPI,Delivered,Valid
O02760,C0391,14-10-2025,UPI,Delivered,Valid
O02761,C0005,01-11-2025,Debit Card,Delivered,Valid
O02762,C0400,25-10-2025,Debit Card,Delivered,Valid
O02763,C0046,18-09-2025,Credit Card,Cancelled,Valid
O02764,C0253,15-05-2026,Debit Card,Delivered,Valid
O02765,C0697,19-04-2026,Debit Card,Delivered,Valid
O02766,C0670,13-07-2026,Debit Card,Delivered,Valid
O02767,C0707,06-07-2025,COD,Delivered,Valid
O02768,C0387,20-11-2025,Credit Card,Processing,Valid
O02769,C0500,07-11-2025,Net Banking,Delivered,Valid
O02770,C0642,20-06-2026,COD,Delivered,Valid
O02771,C0713,28-07-2026,COD,Delivered,Valid
O02772,C0679,19-06-2026,Credit Card,Delivered,Valid
O02773,C0653,28-08-2025,UPI,Delivered,Valid
O02774,C0501,04-08-2025,Credit Card,Delivered,Valid
O02775,C0336,24-09-2025,Debit Card,Returned,Valid
O02776,C0733,21-06-2026,COD,Delivered,Valid
O02777,C0550,24-11-2025,Debit Card,Cancelled,Valid
O02778,C0268,25-08-2025,UPI,Delivered,Valid
O02779,C0207,14-08-2025,Net Banking,Delivered,Valid
O02780,C0206,04-09-2025,Net Banking,Delivered,Valid
O02781,C0481,03-03-2026,UPI,Delivered,Valid
O02782,C0235,20-07-2025,COD,Delivered,Valid
O02783,C0086,26-07-2026,UPI,Delivered,Valid
O02784,C0447,12-05-2026,Debit Card,Delivered,Valid
O02785,C0757,12-09-2025,COD,Cancelled,Valid
O02786,C0788,22-07-2025,Net Banking,Processing,Valid
O02787,C0194,29-07-2026,Credit Card,Processing,Valid
O02788,C0326,23-07-2025,Net Banking,Delivered,Valid
O02789,C0157,22-12-2025,Debit Card,Delivered,Valid
O02790,C0359,22-02-2026,Credit Card,Returned,Valid
O02791,C0058,17-01-2026,COD,Delivered,Valid
O02792,C0299,16-03-2026,UPI,Delivered,Valid
O02793,C0189,18-05-2026,Credit Card,Delivered,Valid
O02794,C0674,05-07-2026,COD,Delivered,Valid
O02795,C0452,05-08-2025,Credit Card,Cancelled,Valid
O02796,C0542,25-11-2025,Net Banking,Delivered,Valid
O02797,C0147,07-04-2026,Debit Card,Delivered,Valid
O02798,C0115,16-06-2026,UPI,Delivered,Valid
O02799,C0531,31-03-2026,UPI,Cancelled,Valid
O02800,C0738,25-09-2025,Debit Card,Delivered,Valid
O02801,C0040,12-09-2025,UPI,Returned,Valid
O02802,C0240,04-07-2025,COD,Delivered,Valid
O02803,C0577,30-07-2025,COD,Processing,Valid
O02804,C0581,31-08-2025,Credit Card,Processing,Valid
O02805,C0644,19-07-2025,Net Banking,Delivered,Valid
O02806,C0076,11-07-2025,COD,Cancelled,Valid
O02807,C0661,14-01-2026,Debit Card,Returned,Valid
O02808,C0631,15-01-2026,COD,Processing,Valid
O02809,C0244,15-06-2026,COD,Cancelled,Valid
O02810,C0257,24-12-2025,COD,Delivered,Valid
O02811,C0157,18-02-2026,Net Banking,Delivered,Valid
O02812,C0230,12-09-2025,Debit Card,Cancelled,Valid
O02813,C0749,28-09-2025,COD,Delivered,Valid
O02814,C0165,05-01-2026,UPI,Delivered,Valid
O02815,C0308,12-09-2025,UPI,Delivered,Valid
O02816,C0421,29-06-2026,Net Banking,Delivered,Valid
O02817,C0412,03-09-2025,Debit Card,Delivered,Valid
O02818,C0416,01-02-2026,COD,Delivered,Valid
O02819,C0752,17-02-2026,COD,Delivered,Valid
O02820,C0475,03-01-2026,Debit Card,Delivered,Valid
O02821,C0682,21-01-2026,Credit Card,Processing,Valid
O02822,C0543,14-10-2025,Credit Card,Delivered,Valid
O02823,C0730,06-10-2025,Net Banking,Delivered,Valid
O02824,C0747,03-06-2026,Net Banking,Delivered,Valid
O02825,C0475,07-04-2026,COD,Delivered,Valid
O02826,C0660,05-12-2025,Credit Card,Delivered,Valid
O02827,C0145,26-02-2026,UPI,Delivered,Valid
O02828,C0668,17-02-2026,Debit Card,Processing,Valid
O02829,C0639,28-01-2026,UPI,Delivered,Valid
O02830,C0223,20-12-2025,Net Banking,Delivered,Valid
O02831,C0676,13-01-2026,Net Banking,Delivered,Valid
O02832,C0185,12-02-2026,UPI,Returned,Valid
O02833,C0212,14-01-2026,Net Banking,Returned,Valid
O02834,C0177,17-11-2025,Net Banking,Processing,Valid
O02835,C0160,25-05-2026,COD,Cancelled,Valid
O02836,C0203,16-09-2025,COD,Delivered,Valid
O02837,C0480,03-11-2025,Credit Card,Processing,Valid
O02838,C0499,09-12-2025,Net Banking,Processing,Valid
O02839,C0628,29-03-2026,UPI,Returned,Valid
O02840,C0100,03-08-2025,UPI,Delivered,Valid
O02841,C0009,28-07-2025,Debit Card,Delivered,Valid
O02842,C0321,30-12-2025,Credit Card,Processing,Valid
O02843,C0155,18-10-2025,Debit Card,Delivered,Valid
O02844,C0372,16-05-2026,Debit Card,Cancelled,Valid
O02845,C0458,01-03-2026,Debit Card,Processing,Valid
O02846,C0180,26-11-2025,Debit Card,Delivered,Valid
O02847,C0576,20-09-2025,Credit Card,Delivered,Valid
O02848,C0426,30-08-2025,Net Banking,Cancelled,Valid
O02849,C0420,20-09-2025,Net Banking,Delivered,Valid
O02850,C0644,26-02-2026,Debit Card,Returned,Valid
O02851,C0256,28-08-2025,Credit Card,Delivered,Valid
O02852,C0100,22-07-2026,UPI,Delivered,Valid
O02853,C0391,28-02-2026,COD,Delivered,Valid
O02854,C0175,28-07-2026,UPI,Cancelled,Valid
O02855,C0705,02-01-2026,COD,Cancelled,Valid
O02856,C0586,02-10-2025,,Delivered,Valid
O02857,C0504,09-06-2026,Net Banking,Delivered,Valid
O02858,C0348,13-08-2025,Debit Card,Delivered,Valid
O02859,C0182,08-09-2025,Net Banking,Delivered,Valid
O02860,C0694,18-01-2026,Credit Card,Delivered,Valid
O02861,C0685,09-10-2025,Debit Card,Delivered,Valid
O02862,C0729,12-08-2025,Debit Card,Cancelled,Valid
O02863,C0507,09-07-2025,Net Banking,Cancelled,Valid
O02864,C0428,25-09-2025,Debit Card,Delivered,Valid
O02865,C0197,20-03-2026,Debit Card,Delivered,Valid
O02866,C0025,08-03-2026,Debit Card,Delivered,Valid
O02867,C0054,29-05-2026,Credit Card,Returned,Valid
O02868,C0314,12-11-2025,COD,Delivered,Valid
O02869,C0346,21-07-2025,Debit Card,Processing,Valid
O02870,C0778,02-06-2026,COD,Returned,Valid
O02871,C0083,18-12-2025,Net Banking,Delivered,Valid
O02872,C0134,16-05-2026,UPI,Processing,Valid
O02873,C0588,10-07-2025,Debit Card,Delivered,Valid
O02874,C0205,26-02-2026,COD,Delivered,Valid
O02875,C0037,21-06-2026,Debit Card,Returned,Valid
O02876,C0385,19-12-2025,Debit Card,Delivered,Valid
O02877,C0435,25-01-2026,Debit Card,Delivered,Valid
O02878,C0355,04-07-2026,Debit Card,Delivered,Valid
O02879,C0198,08-03-2026,Debit Card,Delivered,Valid
O02880,C0086,16-02-2026,UPI,Returned,Valid
O02881,C0327,18-03-2026,UPI,Delivered,Valid
O02882,C0132,26-07-2026,UPI,Delivered,Valid
O02883,C0077,29-09-2025,Debit Card,Delivered,Valid
O02884,C0158,19-04-2026,Credit Card,Processing,Valid
O02885,C0090,08-08-2025,UPI,Processing,Valid
O02886,C0014,13-07-2026,Debit Card,Cancelled,Valid
O02887,C0073,18-09-2025,Net Banking,Cancelled,Valid
O02888,C0472,20-05-2026,Debit Card,Returned,Valid
O02889,C0109,10-05-2026,UPI,Delivered,Valid
O02890,C0722,10-09-2025,Credit Card,Processing,Valid
O02891,C0084,04-10-2025,UPI,Processing,Valid
O02892,C0094,02-07-2025,COD,Returned,Valid
O02893,C0239,16-10-2025,UPI,Processing,Valid
O02894,C0082,15-01-2026,Debit Card,Cancelled,Valid
O02895,C0543,07-10-2025,COD,Delivered,Valid
O02896,C0726,11-03-2026,Net Banking,Processing,Valid
O02897,C0191,26-02-2026,Debit Card,Processing,Valid
O02898,C0693,30-04-2026,UPI,Delivered,Valid
O02899,C0190,17-03-2026,UPI,Delivered,Valid
O02900,C0181,10-10-2025,Debit Card,Delivered,Valid
O02901,C0556,21-04-2026,Credit Card,Returned,Valid
O02902,C0127,25-06-2026,UPI,Delivered,Valid
O02903,C0192,12-12-2025,Credit Card,Delivered,Valid
O02904,C0405,22-05-2026,Net Banking,Delivered,Valid
O02905,C0616,28-01-2026,Net Banking,Cancelled,Valid
O02906,C0293,20-10-2025,COD,Delivered,Valid
O02907,C0354,12-07-2026,Credit Card,Delivered,Valid
O02908,C0008,01-06-2026,Debit Card,Delivered,Valid
O02909,C0773,21-09-2025,UPI,Delivered,Valid
O02910,C0065,10-03-2026,Debit Card,Processing,Valid
O02911,C0062,14-05-2026,COD,Delivered,Valid
O02912,C0691,27-07-2026,COD,Delivered,Valid
O02913,C0763,11-06-2026,UPI,Delivered,Valid
O02914,C0603,30-07-2026,Debit Card,Returned,Valid
O02915,C0698,07-05-2026,UPI,Cancelled,Valid
O02916,C0269,08-07-2026,Debit Card,Delivered,Valid
O02917,C0367,16-07-2026,COD,Delivered,Valid
O02918,C0512,01-12-2025,COD,Delivered,Valid
O02919,C0560,17-07-2026,Credit Card,Delivered,Valid
O02920,C0602,26-09-2025,UPI,Returned,Valid
O02921,C0362,26-01-2026,COD,Delivered,Valid
O02922,C0333,23-01-2026,COD,Delivered,Valid
O02923,C0464,17-09-2025,Credit Card,Processing,Valid
O02924,C0769,14-01-2026,COD,Delivered,Valid
O02925,C0143,10-12-2025,COD,Cancelled,Valid
O02926,C0153,21-01-2026,Debit Card,Delivered,Valid
O02927,C0445,04-06-2026,Credit Card,Delivered,Valid
O02928,C0608,03-10-2025,,Delivered,Valid
O02929,C0017,17-01-2026,COD,Delivered,Valid
O02930,C0278,20-12-2025,Credit Card,Delivered,Valid
O02931,C0510,17-01-2026,Credit Card,Delivered,Valid
O02932,C0563,20-11-2025,Credit Card,Delivered,Valid
O02933,C0499,07-05-2026,COD,Delivered,Valid
O02934,C0446,20-09-2025,COD,Returned,Valid
O02935,C0062,28-12-2025,UPI,Delivered,Valid
O02936,C0332,27-06-2026,COD,Cancelled,Valid
O02937,C0297,11-09-2025,Credit Card,Delivered,Valid
O02938,C0507,19-10-2025,COD,Delivered,Valid
O02939,C0014,05-12-2025,Credit Card,Delivered,Valid
O02940,C0646,07-12-2025,Net Banking,Delivered,Valid
O02941,C0627,01-09-2025,Net Banking,Delivered,Valid
O02942,C0543,22-11-2025,Debit Card,Processing,Valid
O02943,C0383,18-06-2026,Credit Card,Delivered,Valid
O02944,C0579,28-02-2026,UPI,Delivered,Valid
O02945,C0458,06-01-2026,COD,Delivered,Valid
O02946,C0215,15-12-2025,Credit Card,Delivered,Valid
O02947,C0650,01-03-2026,Debit Card,Delivered,Valid
O02948,C0349,22-04-2026,Debit Card,Returned,Valid
O02949,C0200,04-09-2025,Debit Card,Cancelled,Valid
O02950,C0587,26-10-2025,Net Banking,Cancelled,Valid
O02951,C0243,05-11-2025,COD,Cancelled,Valid
O02952,C0482,10-07-2025,Debit Card,Delivered,Valid
O02953,C0098,13-01-2026,Credit Card,Cancelled,Valid
O02954,C0330,11-08-2025,Net Banking,Delivered,Valid
O02955,C0474,05-05-2026,Debit Card,Delivered,Valid
O02956,C0461,16-01-2026,Credit Card,Processing,Valid
O02957,C0283,30-06-2026,Credit Card,Delivered,Valid
O02958,C0797,31-07-2025,COD,Delivered,Valid
O02959,C0229,21-05-2026,UPI,Delivered,Valid
O02960,C0365,14-05-2026,COD,Delivered,Valid
O02961,C0150,17-11-2025,Debit Card,Delivered,Valid
O02962,C0322,06-05-2026,Net Banking,Delivered,Valid
O02963,C0662,05-10-2025,Net Banking,Cancelled,Valid
O02964,C0124,29-11-2025,UPI,Processing,Valid
O02965,C0200,26-03-2026,Net Banking,Delivered,Valid
O02966,C0255,09-01-2026,COD,Returned,Valid
O02967,C0012,30-11-2025,Debit Card,Delivered,Valid
O02968,C0148,29-11-2025,UPI,Delivered,Valid
O02969,C0668,26-05-2026,COD,Delivered,Valid
O02970,C0378,24-02-2026,Credit Card,Delivered,Valid
O02971,C0641,12-01-2026,Net Banking,Delivered,Valid
O02972,C0609,13-02-2026,Debit Card,Delivered,Valid
O02973,C0281,19-02-2026,Debit Card,Delivered,Valid
O02974,C0724,07-05-2026,COD,Delivered,Valid
O02975,C0167,27-04-2026,Credit Card,Delivered,Valid
O02976,C0018,02-09-2025,UPI,Delivered,Valid
O02977,C0566,02-03-2026,Debit Card,Delivered,Valid
O02978,C0323,04-07-2026,COD,Delivered,Valid
O02979,C0027,18-05-2026,COD,Returned,Valid
O02980,C0332,19-01-2026,Credit Card,Delivered,Valid
O02981,C0628,25-07-2026,UPI,Returned,Valid
O02982,C0290,13-12-2025,Net Banking,Processing,Valid
O02983,C0583,21-07-2025,Net Banking,Delivered,Valid
O02984,C0741,03-07-2026,Credit Card,Delivered,Valid
O02985,C0066,04-08-2025,Credit Card,Delivered,Valid
O02986,C0105,25-03-2026,Credit Card,Processing,Valid
O02987,C0241,17-08-2025,Debit Card,Delivered,Valid
O02988,C0347,11-08-2025,COD,Delivered,Valid
O02989,C0769,05-08-2025,COD,Delivered,Valid
O02990,C0559,01-08-2025,Net Banking,Delivered,Valid
O02991,C0658,19-01-2026,Credit Card,Delivered,Valid
O02992,C0092,15-10-2025,COD,Delivered,Valid
O02993,C0119,26-07-2026,Debit Card,Delivered,Valid
O02994,C0246,29-07-2025,Net Banking,Delivered,Valid
O02995,C0054,26-05-2026,Credit Card,Delivered,Valid
O02996,C0044,22-07-2025,Credit Card,Processing,Valid
O02997,C0239,17-09-2025,Credit Card,Delivered,Valid
O02998,C0328,13-12-2025,COD,Processing,Valid
O02999,C0650,09-06-2026,COD,Delivered,Valid
O03000,C0523,27-07-2026,Debit Card,Delivered,Valid
